order_id,customer_id,product_id,quantity,discount_pct,channel,status,order_date,payment
1,463,55,1,0,mobile,completed,2024-02-19 21:00:00,card
2,343,65,2,0,store,completed,2024-08-26 12:00:00,cash
3,473,84,2,0,mobile,completed,2024-07-31 05:00:00,card
4,363,20,4,0,mobile,cancelled,2024-09-28 09:00:00,cash
5,484,72,5,0,web,refunded,2024-11-05 08:00:00,card
6,301,46,4,0,web,cancelled,2024-10-14 05:00:00,online
7,146,65,3,5,store,completed,2024-01-21 08:00:00,online
8,313,71,3,10,web,refunded,2024-07-21 08:00:00,card
9,411,58,1,0,web,completed,2024-05-10 02:00:00,card
10,84,21,3,0,web,completed,2024-05-28 22:00:00,online
11,302,44,3,0,web,completed,2024-10-18 08:00:00,cash
12,403,77,5,10,web,completed,2024-05-13 10:00:00,cash
13,137,26,2,0,,completed,2024-05-03 08:00:00,card
14,78,20,5,15,web,refunded,2024-04-19 20:00:00,card
15,121,46,2,0,mobile,refunded,2024-06-14 21:00:00,card
16,94,92,4,0,web,cancelled,2024-02-22 11:00:00,card
17,152,74,3,0,web,completed,2024-05-21 03:00:00,card
18,8,55,1,0,web,completed,2024-06-18 12:00:00,online
19,363,16,1,10,web,completed,2024-05-01 15:00:00,cash
20,67,77,3,15,store,cancelled,2024-03-22 07:00:00,card
21,390,8,2,20,web,cancelled,2024-08-13 15:00:00,cash
22,94,92,3,0,mobile,completed,2024-04-07 18:00:00,online
23,445,54,5,0,mobile,completed,2024-11-14 12:00:00,card
24,103,63,2,0,web,completed,2024-11-07 18:00:00,online
25,487,11,2,5,web,completed,2024-05-28 06:00:00,card
26,300,75,4,10,store,cancelled,2024-11-24 03:00:00,online
27,47,14,3,5,web,completed,2024-07-03 04:00:00,cash
28,437,44,2,10,mobile,cancelled,2024-11-15 02:00:00,
29,472,99,4,15,store,completed,2024-10-29 10:00:00,cash
30,359,49,5,10,store,completed,2024-08-16 18:00:00,card
31,59,22,3,0,store,completed,2024-08-25 05:00:00,card
32,146,62,1,0,web,completed,2024-05-03 12:00:00,cash
33,372,69,4,0,store,completed,2024-05-28 05:00:00,cash
34,242,16,1,10,mobile,completed,2024-02-19 20:00:00,cash
35,446,44,5,0,mobile,cancelled,2024-07-16 19:00:00,cash
36,30,33,4,20,web,refunded,2024-10-20 06:00:00,
37,220,100,4,15,mobile,completed,2024-03-02 09:00:00,online
38,176,16,1,0,mobile,cancelled,2024-01-24 14:00:00,online
39,428,41,5,15,mobile,completed,2024-12-22 17:00:00,cash
40,168,63,4,20,web,completed,2024-11-06 22:00:00,card
41,74,37,1,10,store,cancelled,2024-06-30 14:00:00,online
42,357,70,2,0,web,completed,2024-07-09 14:00:00,card
43,180,65,2,0,web,refunded,2024-11-22 10:00:00,card
44,310,62,4,0,web,completed,2024-05-12 02:00:00,cash
45,294,85,4,20,store,cancelled,2024-05-28 17:00:00,card
46,174,54,2,0,mobile,refunded,2024-10-25 07:00:00,cash
47,109,56,3,0,store,completed,2024-12-07 03:00:00,
48,191,92,4,5,web,completed,2024-08-29 00:00:00,online
49,208,59,4,30,web,completed,2024-02-12 02:00:00,card
50,151,71,1,10,web,completed,2024-05-15 19:00:00,card
51,318,97,1,0,mobile,completed,2024-09-16 21:00:00,card
52,177,21,1,0,web,refunded,2024-10-04 10:00:00,card
53,40,78,2,20,web,completed,2024-12-06 17:00:00,card
54,72,32,5,15,mobile,completed,2024-11-16 06:00:00,card
55,172,61,3,15,mobile,completed,2024-04-17 10:00:00,card
56,329,67,1,15,mobile,completed,2024-02-01 08:00:00,online
57,224,10,5,0,mobile,completed,2024-06-07 07:00:00,online
58,51,67,2,10,mobile,cancelled,2024-07-27 22:00:00,cash
59,349,64,5,5,web,completed,2024-09-14 21:00:00,online
60,383,8,1,20,web,completed,2024-10-27 17:00:00,card
61,322,83,3,5,web,completed,2024-01-31 01:00:00,card
62,453,73,3,5,web,refunded,2024-01-17 23:00:00,cash
63,355,94,5,30,web,completed,2024-08-27 21:00:00,card
64,113,88,1,0,,cancelled,2024-09-05 18:00:00,card
65,401,30,3,0,,completed,2024-11-23 15:00:00,card
66,124,37,2,30,web,completed,2024-09-19 14:00:00,online
67,119,40,3,10,web,completed,2024-07-04 21:00:00,
68,408,48,1,0,web,completed,2024-01-02 20:00:00,cash
69,165,96,3,0,web,completed,2024-02-24 12:00:00,card
70,161,50,1,15,web,cancelled,2024-01-20 01:00:00,card
71,405,2,5,0,web,completed,2024-03-14 19:00:00,cash
72,435,58,4,0,mobile,completed,2024-02-09 17:00:00,card
73,188,73,5,20,mobile,refunded,2024-10-23 19:00:00,card
74,21,19,5,5,web,refunded,2024-03-22 05:00:00,online
75,45,11,5,5,web,refunded,2024-05-07 20:00:00,cash
76,45,40,4,0,web,refunded,2024-08-26 16:00:00,cash
77,360,24,3,5,web,cancelled,2024-01-16 03:00:00,cash
78,185,77,2,0,mobile,completed,2024-05-29 08:00:00,online
79,329,7,2,0,mobile,completed,2024-08-06 00:00:00,card
80,446,11,2,10,mobile,cancelled,2024-12-27 21:00:00,
81,482,23,3,20,mobile,completed,2024-07-03 04:00:00,card
82,135,16,2,0,web,completed,2024-04-17 20:00:00,online
83,302,17,2,0,web,completed,2024-12-15 04:00:00,cash
84,336,70,3,5,mobile,cancelled,2024-05-09 02:00:00,online
85,394,27,3,0,web,cancelled,2024-01-21 01:00:00,card
86,239,8,5,0,mobile,completed,2024-08-09 01:00:00,online
87,487,87,4,0,,completed,2024-07-11 01:00:00,online
88,285,48,5,0,web,completed,2024-05-16 06:00:00,card
89,268,47,3,0,web,refunded,2024-11-10 08:00:00,cash
90,50,51,3,0,mobile,completed,2024-03-16 19:00:00,cash
91,92,97,1,15,mobile,refunded,2024-06-01 11:00:00,cash
92,379,60,2,10,web,completed,2024-07-25 13:00:00,card
93,323,91,2,0,store,completed,2024-05-12 05:00:00,online
94,46,83,1,5,mobile,refunded,2024-03-31 18:00:00,online
95,124,100,1,0,mobile,completed,2024-12-30 11:00:00,online
96,454,79,1,5,store,cancelled,2024-08-21 03:00:00,cash
97,330,44,1,30,web,cancelled,2024-03-14 08:00:00,card
98,330,39,4,0,store,cancelled,2024-08-29 03:00:00,card
99,260,57,4,10,mobile,completed,2024-09-11 10:00:00,card
100,290,74,3,15,web,cancelled,2024-11-14 17:00:00,online
101,144,68,1,5,web,completed,2024-04-19 00:00:00,card
102,327,11,4,10,web,completed,2024-08-04 05:00:00,card
103,440,6,4,20,web,completed,2024-08-19 01:00:00,cash
104,98,48,5,10,,refunded,2024-03-16 01:00:00,cash
105,332,99,4,0,web,cancelled,2024-06-21 17:00:00,card
106,127,72,1,0,web,cancelled,2024-02-23 20:00:00,card
107,415,39,1,0,web,cancelled,2024-12-08 13:00:00,card
108,476,30,2,0,mobile,refunded,2024-12-08 09:00:00,online
109,5,57,4,0,store,cancelled,2024-09-15 04:00:00,card
110,348,20,3,0,,completed,2024-10-03 05:00:00,online
111,76,94,2,0,web,completed,2024-09-04 06:00:00,card
112,387,69,2,15,,completed,2024-09-16 01:00:00,card
113,447,30,5,5,web,completed,2024-11-29 23:00:00,card
114,148,20,2,20,mobile,completed,2024-10-02 22:00:00,card
115,24,7,3,10,web,cancelled,2024-11-23 10:00:00,card
116,225,10,2,15,store,completed,2024-04-29 08:00:00,card
117,331,73,3,0,mobile,completed,2024-11-12 16:00:00,online
118,63,89,1,0,store,completed,2024-08-20 04:00:00,card
119,264,57,1,5,web,refunded,2024-08-18 00:00:00,card
120,150,33,2,0,web,cancelled,2024-12-11 08:00:00,card
121,473,100,3,0,web,completed,2024-10-21 19:00:00,card
122,355,18,5,15,web,completed,2024-08-12 03:00:00,card
123,389,70,2,10,mobile,completed,2024-11-11 17:00:00,card
124,179,54,4,0,mobile,refunded,2024-02-28 22:00:00,card
125,257,68,4,0,web,refunded,2024-04-30 20:00:00,cash
126,347,89,2,0,mobile,cancelled,2024-05-25 06:00:00,card
127,388,27,1,15,web,completed,2024-04-07 01:00:00,online
128,174,34,5,0,web,completed,2024-12-11 12:00:00,online
129,186,25,2,10,mobile,completed,2024-10-24 04:00:00,card
130,147,70,1,10,store,completed,2024-10-06 13:00:00,card
131,366,62,2,0,,completed,2024-09-18 21:00:00,card
132,474,46,2,0,mobile,completed,2024-03-27 17:00:00,cash
133,166,4,3,0,mobile,refunded,2024-03-25 21:00:00,online
134,236,85,2,5,mobile,completed,2024-03-18 23:00:00,cash
135,154,52,5,0,web,completed,2024-10-08 06:00:00,online
136,152,72,4,20,web,refunded,2024-03-24 14:00:00,
137,451,98,2,0,store,completed,2024-02-19 10:00:00,online
138,458,84,1,10,web,completed,2024-05-06 19:00:00,card
139,362,76,3,30,store,completed,2024-06-16 06:00:00,cash
140,489,48,5,10,mobile,refunded,2024-11-08 07:00:00,cash
141,54,51,4,0,web,cancelled,2024-01-09 15:00:00,card
142,494,21,4,0,mobile,completed,2024-12-17 06:00:00,card
143,382,73,1,5,web,completed,2024-04-21 08:00:00,online
144,433,62,1,0,mobile,refunded,2024-08-02 17:00:00,card
145,37,69,3,0,store,completed,2024-09-16 07:00:00,online
146,46,8,2,5,store,completed,2024-07-16 22:00:00,card
147,252,6,3,0,mobile,completed,2024-01-30 11:00:00,card
148,213,47,3,0,web,completed,2024-01-26 19:00:00,cash
149,325,37,4,0,web,completed,2024-12-27 05:00:00,card
150,229,57,3,0,mobile,completed,2024-09-14 09:00:00,card
151,305,11,1,5,store,completed,2024-02-22 12:00:00,card
152,236,64,2,5,web,completed,2024-06-08 07:00:00,cash
153,495,92,5,10,mobile,completed,2024-03-30 19:00:00,card
154,348,70,3,0,web,completed,2024-09-22 12:00:00,cash
155,27,8,2,5,mobile,completed,2024-07-17 05:00:00,card
156,70,15,3,0,web,refunded,2024-07-19 04:00:00,card
157,17,81,4,0,store,completed,2024-07-30 05:00:00,online
158,241,61,5,10,web,completed,2024-04-07 02:00:00,card
159,12,11,1,20,web,refunded,2024-04-15 11:00:00,cash
160,310,32,3,0,web,completed,2024-07-01 14:00:00,online
161,298,64,3,0,web,refunded,2024-07-22 21:00:00,online
162,181,9,3,5,mobile,completed,2024-11-21 05:00:00,online
163,4,28,4,15,web,completed,2024-05-28 14:00:00,online
164,400,96,5,10,mobile,refunded,2024-03-28 21:00:00,card
165,343,71,1,15,mobile,completed,2024-07-05 04:00:00,online
166,240,52,1,20,web,completed,2024-11-20 19:00:00,card
167,436,24,2,0,store,completed,2024-06-21 03:00:00,card
168,379,39,1,0,web,refunded,2024-07-09 09:00:00,card
169,308,94,5,0,web,completed,2024-06-03 07:00:00,online
170,456,87,4,0,mobile,cancelled,2024-09-04 06:00:00,card
171,290,63,1,5,mobile,completed,2024-06-19 20:00:00,card
172,418,68,3,20,mobile,completed,2024-09-07 02:00:00,online
173,99,13,4,0,,refunded,2024-12-05 19:00:00,card
174,4,69,5,10,mobile,completed,2024-05-21 06:00:00,card
175,166,62,1,0,store,cancelled,2024-04-17 16:00:00,cash
176,168,5,1,10,mobile,refunded,2024-05-09 04:00:00,cash
177,181,61,1,0,web,cancelled,2024-05-31 21:00:00,card
178,258,66,1,10,mobile,completed,2024-01-22 20:00:00,cash
179,39,45,2,10,web,completed,2024-01-05 03:00:00,cash
180,54,97,2,0,mobile,completed,2024-04-13 20:00:00,card
181,455,32,5,0,store,completed,2024-03-02 07:00:00,online
182,257,98,2,5,mobile,refunded,2024-11-18 10:00:00,card
183,430,57,2,0,mobile,completed,2024-04-29 19:00:00,card
184,388,95,4,0,web,completed,2024-10-18 07:00:00,card
185,267,12,5,5,mobile,completed,2024-02-03 15:00:00,online
186,128,2,5,0,store,completed,2024-03-02 07:00:00,cash
187,197,26,3,10,mobile,completed,2024-08-23 13:00:00,online
188,309,48,5,0,mobile,cancelled,2024-08-22 19:00:00,card
189,132,1,3,10,,cancelled,2024-10-01 06:00:00,card
190,182,11,3,0,store,completed,2024-02-12 07:00:00,cash
191,358,64,2,0,web,completed,2024-09-11 05:00:00,card
192,332,17,4,0,mobile,refunded,2024-07-08 10:00:00,
193,461,98,3,5,mobile,refunded,2024-12-28 16:00:00,card
194,221,19,2,0,web,completed,2024-06-17 02:00:00,online
195,405,28,4,0,store,completed,2024-12-30 09:00:00,card
196,162,5,3,0,mobile,completed,2024-01-10 04:00:00,card
197,70,99,4,5,web,completed,2024-04-20 04:00:00,online
198,482,68,2,10,store,completed,2024-09-02 20:00:00,card
199,341,20,4,20,web,completed,2024-03-10 11:00:00,card
200,125,15,5,0,web,completed,2024-07-29 08:00:00,online
201,89,22,1,30,mobile,completed,2024-09-28 15:00:00,card
202,126,12,4,10,web,completed,2024-04-26 07:00:00,card
203,17,1,3,20,mobile,completed,2024-03-05 14:00:00,cash
204,117,93,2,15,,completed,2024-07-08 04:00:00,card
205,110,46,3,10,web,cancelled,2024-01-16 19:00:00,cash
206,73,56,2,15,,cancelled,2024-03-19 08:00:00,online
207,167,5,4,0,web,completed,2024-10-03 11:00:00,card
208,337,56,3,20,web,cancelled,2024-05-11 01:00:00,
209,300,39,3,0,web,cancelled,2024-10-22 00:00:00,
210,410,7,3,15,mobile,completed,2024-06-04 09:00:00,cash
211,18,30,3,15,,completed,2024-03-08 11:00:00,online
212,319,38,3,0,web,completed,2024-06-27 03:00:00,online
213,216,59,3,5,web,completed,2024-05-27 09:00:00,card
214,148,82,5,15,web,cancelled,2024-06-24 05:00:00,card
215,30,50,2,0,,completed,2024-06-18 20:00:00,card
216,496,1,4,10,,completed,2024-05-15 08:00:00,card
217,11,95,3,0,web,cancelled,2024-09-11 15:00:00,card
218,135,96,3,5,web,completed,2024-06-10 19:00:00,cash
219,275,91,1,30,mobile,refunded,2024-09-25 04:00:00,card
220,121,56,5,10,mobile,refunded,2024-02-17 21:00:00,card
221,384,90,2,0,web,completed,2024-11-25 18:00:00,card
222,184,76,4,0,store,completed,2024-03-22 02:00:00,card
223,265,86,4,0,mobile,completed,2024-01-05 12:00:00,card
224,335,38,1,0,mobile,refunded,2024-06-17 17:00:00,online
225,463,66,5,5,web,completed,2024-04-20 12:00:00,card
226,162,27,1,5,web,cancelled,2024-08-28 01:00:00,cash
227,115,65,4,10,mobile,cancelled,2024-10-24 12:00:00,card
228,412,86,1,5,store,refunded,2024-11-08 13:00:00,card
229,395,22,3,0,,cancelled,2024-03-22 16:00:00,card
230,402,75,3,10,web,refunded,2024-09-15 21:00:00,
231,457,44,2,10,mobile,completed,2024-08-19 19:00:00,card
232,141,23,5,0,mobile,completed,2024-07-23 11:00:00,card
233,241,66,4,15,mobile,refunded,2024-12-10 00:00:00,card
234,146,51,1,0,web,completed,2024-07-06 01:00:00,
235,456,96,3,10,mobile,completed,2024-07-05 13:00:00,card
236,320,100,1,0,web,completed,2024-07-12 19:00:00,card
237,498,33,1,0,web,completed,2024-08-15 12:00:00,card
238,428,15,2,0,web,completed,2024-07-05 20:00:00,cash
239,500,24,2,0,,cancelled,2024-10-11 15:00:00,online
240,99,34,2,5,web,completed,2024-04-17 11:00:00,card
241,129,47,2,0,mobile,cancelled,2024-03-20 19:00:00,cash
242,266,22,3,15,store,completed,2024-08-22 10:00:00,card
243,445,88,4,0,mobile,completed,2024-03-08 09:00:00,online
244,21,61,4,15,store,completed,2024-03-10 16:00:00,card
245,363,79,2,20,mobile,cancelled,2024-02-09 10:00:00,online
246,213,47,2,10,mobile,completed,2024-07-05 00:00:00,card
247,373,72,4,5,mobile,completed,2024-12-04 07:00:00,card
248,130,9,3,10,mobile,completed,2024-02-17 10:00:00,
249,224,73,1,5,web,completed,2024-05-21 05:00:00,card
250,92,66,1,0,,cancelled,2024-10-10 14:00:00,card
251,336,6,2,0,mobile,cancelled,2024-05-14 03:00:00,card
252,317,76,3,0,web,refunded,2024-03-25 17:00:00,cash
253,42,50,4,10,mobile,cancelled,2024-07-10 15:00:00,cash
254,324,82,2,10,store,cancelled,2024-11-10 09:00:00,cash
255,268,28,1,20,store,completed,2024-06-16 01:00:00,card
256,350,38,5,10,web,refunded,2024-01-07 23:00:00,cash
257,443,100,3,0,web,completed,2024-09-06 07:00:00,card
258,113,88,1,0,mobile,refunded,2024-09-24 23:00:00,card
259,374,63,5,0,store,completed,2024-06-16 00:00:00,card
260,93,53,2,0,web,cancelled,2024-05-10 08:00:00,card
261,336,12,2,0,web,completed,2024-06-28 20:00:00,online
262,263,33,3,5,store,completed,2024-09-25 23:00:00,online
263,388,14,4,0,,completed,2024-12-24 08:00:00,card
264,453,5,4,0,web,cancelled,2024-11-08 07:00:00,cash
265,436,52,2,20,web,cancelled,2024-12-20 22:00:00,
266,349,81,2,0,mobile,cancelled,2024-06-22 06:00:00,card
267,377,77,3,0,mobile,cancelled,2024-01-04 12:00:00,card
268,332,100,3,0,web,completed,2024-03-16 01:00:00,cash
269,319,84,2,0,web,completed,2024-12-16 11:00:00,online
270,109,47,5,0,web,completed,2024-03-26 22:00:00,card
271,198,87,5,0,mobile,cancelled,2024-12-30 20:00:00,online
272,354,19,2,15,mobile,cancelled,2024-06-20 06:00:00,cash
273,373,80,4,10,mobile,cancelled,2024-01-26 19:00:00,cash
274,252,32,4,20,web,completed,2024-11-20 04:00:00,online
275,1,57,4,20,mobile,cancelled,2024-02-04 10:00:00,cash
276,410,35,3,0,,completed,2024-03-27 17:00:00,card
277,125,45,2,10,mobile,completed,2024-05-14 15:00:00,card
278,19,47,3,0,mobile,completed,2024-08-20 01:00:00,card
279,245,25,5,15,web,completed,2024-01-20 03:00:00,card
280,197,77,1,0,web,completed,2024-02-21 04:00:00,card
281,457,7,1,20,web,cancelled,2024-02-11 09:00:00,card
282,99,37,5,0,web,completed,2024-10-08 05:00:00,
283,496,49,2,10,store,refunded,2024-01-01 19:00:00,card
284,151,54,5,5,web,completed,2024-02-01 11:00:00,online
285,307,100,3,15,mobile,cancelled,2024-04-21 01:00:00,online
286,386,58,2,5,mobile,refunded,2024-05-06 17:00:00,
287,322,39,2,20,web,cancelled,2024-09-10 01:00:00,online
288,449,29,2,15,mobile,cancelled,2024-09-22 04:00:00,card
289,179,5,5,10,web,completed,2024-06-01 11:00:00,card
290,436,22,5,20,store,completed,2024-06-05 12:00:00,cash
291,459,66,3,20,web,completed,2024-04-14 18:00:00,cash
292,340,29,5,20,store,refunded,2024-06-17 01:00:00,card
293,175,95,2,0,mobile,refunded,2024-03-03 18:00:00,online
294,366,68,1,15,mobile,refunded,2024-08-28 12:00:00,cash
295,307,45,3,15,web,completed,2024-06-15 03:00:00,card
296,353,88,5,20,,cancelled,2024-11-13 16:00:00,card
297,172,42,4,15,mobile,cancelled,2024-05-12 14:00:00,online
298,327,66,3,10,web,cancelled,2024-01-27 21:00:00,card
299,450,60,3,20,web,cancelled,2024-04-13 14:00:00,card
300,277,93,1,15,mobile,cancelled,2024-11-06 23:00:00,cash
301,483,19,5,0,store,completed,2024-04-12 18:00:00,card
302,136,4,4,10,web,refunded,2024-11-19 08:00:00,online
303,235,38,3,20,,completed,2024-06-24 19:00:00,card
304,329,57,5,10,web,refunded,2024-11-24 20:00:00,cash
305,273,80,4,0,mobile,refunded,2024-08-12 17:00:00,
306,266,35,2,0,web,completed,2024-07-15 02:00:00,online
307,275,17,3,15,mobile,completed,2024-11-17 08:00:00,card
308,60,34,3,0,web,completed,2024-11-24 20:00:00,
309,232,67,2,5,store,refunded,2024-10-03 00:00:00,cash
310,302,21,4,0,web,completed,2024-02-22 01:00:00,card
311,377,41,2,10,mobile,completed,2024-04-29 17:00:00,online
312,266,62,4,15,store,completed,2024-05-27 04:00:00,card
313,77,59,5,5,web,completed,2024-10-03 13:00:00,online
314,58,98,1,0,store,completed,2024-04-19 23:00:00,card
315,345,81,4,5,web,completed,2024-02-18 07:00:00,online
316,78,44,3,5,mobile,refunded,2024-05-12 08:00:00,card
317,32,59,1,15,,refunded,2024-06-01 03:00:00,cash
318,343,77,4,20,web,cancelled,2024-09-29 05:00:00,online
319,60,34,1,5,store,completed,2024-03-05 08:00:00,
320,350,44,1,10,web,cancelled,2024-12-06 12:00:00,card
321,348,38,5,0,mobile,cancelled,2024-05-31 22:00:00,card
322,186,60,2,0,store,cancelled,2024-08-14 22:00:00,online
323,263,26,1,0,store,refunded,2024-09-18 16:00:00,cash
324,407,40,3,0,web,refunded,2024-04-13 02:00:00,online
325,354,38,2,0,web,completed,2024-12-09 07:00:00,cash
326,179,67,4,20,web,refunded,2024-08-19 09:00:00,card
327,295,4,5,10,mobile,completed,2024-07-29 08:00:00,card
328,247,12,2,5,mobile,completed,2024-09-02 08:00:00,cash
329,352,17,3,0,web,completed,2024-06-22 01:00:00,online
330,328,66,5,0,web,completed,2024-11-30 20:00:00,card
331,176,69,2,5,web,cancelled,2024-01-07 08:00:00,card
332,444,58,5,0,web,completed,2024-05-16 20:00:00,card
333,398,25,3,15,mobile,refunded,2024-10-09 08:00:00,
334,350,64,4,0,web,completed,2024-02-11 12:00:00,card
335,419,42,2,15,mobile,refunded,2024-07-03 06:00:00,
336,141,21,5,15,store,refunded,2024-08-18 13:00:00,cash
337,288,2,4,15,web,completed,2024-09-14 03:00:00,card
338,47,100,4,10,,completed,2024-03-06 06:00:00,card
339,493,21,5,0,web,cancelled,2024-12-10 17:00:00,online
340,327,100,3,15,web,completed,2024-03-03 03:00:00,card
341,344,26,3,10,mobile,completed,2024-09-11 00:00:00,cash
342,469,93,3,0,mobile,completed,2024-04-28 10:00:00,cash
343,170,61,2,10,,completed,2024-09-02 23:00:00,online
344,142,51,1,15,mobile,refunded,2024-12-13 06:00:00,card
345,63,30,1,0,mobile,cancelled,2024-04-07 11:00:00,cash
346,215,67,4,10,mobile,cancelled,2024-04-04 16:00:00,online
347,390,18,4,10,web,completed,2024-05-28 17:00:00,cash
348,4,22,4,10,web,cancelled,2024-07-01 20:00:00,cash
349,44,41,2,10,web,completed,2024-03-25 11:00:00,card
350,219,62,5,5,mobile,completed,2024-03-21 00:00:00,card
351,53,5,1,10,web,completed,2024-01-11 11:00:00,card
352,5,23,2,5,mobile,completed,2024-05-13 20:00:00,online
353,304,63,3,5,web,completed,2024-02-15 19:00:00,card
354,114,60,5,10,web,completed,2024-06-22 11:00:00,card
355,362,6,2,0,mobile,completed,2024-12-08 16:00:00,online
356,268,68,4,10,mobile,cancelled,2024-12-17 22:00:00,cash
357,45,6,1,10,web,completed,2024-05-26 19:00:00,card
358,108,61,2,20,web,completed,2024-02-13 12:00:00,online
359,375,56,5,0,store,completed,2024-09-19 23:00:00,card
360,108,2,1,0,mobile,completed,2024-03-08 02:00:00,card
361,178,77,1,15,web,completed,2024-05-17 21:00:00,online
362,482,13,2,10,web,completed,2024-11-27 18:00:00,online
363,461,3,3,0,mobile,completed,2024-01-08 11:00:00,card
364,443,27,1,15,web,cancelled,2024-01-15 01:00:00,card
365,266,41,4,0,web,refunded,2024-03-14 13:00:00,cash
366,145,64,1,10,web,completed,2024-08-02 21:00:00,online
367,226,97,5,10,web,completed,2024-02-02 03:00:00,card
368,178,83,4,30,web,completed,2024-05-09 06:00:00,card
369,462,41,3,10,mobile,completed,2024-03-02 08:00:00,
370,345,64,3,0,web,completed,2024-11-05 16:00:00,online
371,51,26,2,5,mobile,completed,2024-11-09 21:00:00,cash
372,461,68,5,0,web,completed,2024-08-25 06:00:00,
373,406,79,3,0,web,completed,2024-06-13 21:00:00,card
374,27,41,3,5,web,refunded,2024-03-07 12:00:00,card
375,23,66,2,0,web,refunded,2024-11-08 11:00:00,card
376,310,93,1,10,mobile,refunded,2024-11-29 21:00:00,cash
377,155,95,5,20,mobile,completed,2024-06-10 20:00:00,card
378,361,25,4,15,web,completed,2024-12-19 15:00:00,card
379,266,95,2,5,mobile,cancelled,2024-07-10 23:00:00,online
380,256,61,4,5,mobile,completed,2024-06-12 13:00:00,online
381,446,99,4,0,web,cancelled,2024-12-20 13:00:00,card
382,24,80,4,0,web,completed,2024-01-25 06:00:00,card
383,328,25,1,0,mobile,completed,2024-11-27 09:00:00,cash
384,382,98,5,5,mobile,completed,2024-08-26 01:00:00,card
385,249,57,3,5,web,cancelled,2024-11-04 23:00:00,card
386,473,70,4,15,web,cancelled,2024-05-20 05:00:00,online
387,211,96,1,5,mobile,cancelled,2024-05-15 17:00:00,card
388,89,12,5,0,web,completed,2024-10-06 10:00:00,card
389,4,36,3,10,store,refunded,2024-01-29 16:00:00,card
390,74,61,3,10,store,completed,2024-05-13 08:00:00,card
391,325,24,2,0,web,completed,2024-04-16 14:00:00,card
392,452,20,2,10,web,completed,2024-04-06 07:00:00,cash
393,139,79,2,0,web,completed,2024-11-12 00:00:00,online
394,196,28,4,0,store,refunded,2024-08-11 05:00:00,card
395,389,64,3,10,web,cancelled,2024-10-10 00:00:00,online
396,89,72,5,5,mobile,completed,2024-09-09 23:00:00,card
397,49,10,4,20,web,refunded,2024-08-06 08:00:00,card
398,240,92,5,0,web,refunded,2024-08-15 11:00:00,
399,101,25,2,5,web,completed,2024-08-12 01:00:00,cash
400,345,31,4,0,web,refunded,2024-02-09 09:00:00,card
401,393,27,3,0,web,refunded,2024-01-27 17:00:00,cash
402,177,30,4,5,web,completed,2024-06-25 12:00:00,card
403,418,22,1,20,mobile,refunded,2024-04-08 21:00:00,online
404,20,87,5,20,web,completed,2024-02-18 22:00:00,card
405,394,28,3,10,web,completed,2024-01-23 17:00:00,online
406,348,9,2,10,store,completed,2024-11-22 00:00:00,
407,481,26,1,10,web,cancelled,2024-05-30 01:00:00,cash
408,426,87,2,15,web,refunded,2024-01-29 23:00:00,cash
409,61,25,2,5,mobile,refunded,2024-06-04 15:00:00,card
410,108,12,4,10,web,cancelled,2024-01-25 01:00:00,online
411,489,93,4,0,web,refunded,2024-03-04 04:00:00,card
412,488,55,5,20,mobile,refunded,2024-10-30 05:00:00,online
413,175,87,2,10,mobile,cancelled,2024-06-25 05:00:00,cash
414,334,48,1,0,mobile,cancelled,2024-09-04 18:00:00,card
415,286,98,3,0,mobile,cancelled,2024-11-01 03:00:00,card
416,241,75,1,10,web,completed,2024-03-31 00:00:00,card
417,242,1,2,5,mobile,completed,2024-03-20 02:00:00,card
418,116,90,1,0,web,completed,2024-08-27 18:00:00,card
419,313,33,4,15,store,completed,2024-09-15 07:00:00,
420,310,27,5,0,mobile,completed,2024-01-23 13:00:00,card
421,299,53,2,0,web,completed,2024-09-27 07:00:00,card
422,433,20,5,0,,cancelled,2024-04-11 17:00:00,card
423,244,98,5,5,mobile,cancelled,2024-04-25 10:00:00,card
424,402,52,2,0,web,completed,2024-01-01 14:00:00,cash
425,213,98,1,0,mobile,completed,2024-01-11 03:00:00,cash
426,211,71,3,0,web,refunded,2024-03-05 21:00:00,cash
427,339,11,5,10,store,completed,2024-02-11 20:00:00,card
428,153,56,3,10,web,cancelled,2024-11-13 08:00:00,card
429,396,99,2,0,mobile,completed,2024-10-05 16:00:00,cash
430,203,33,2,0,web,completed,2024-06-19 05:00:00,card
431,488,33,5,0,web,refunded,2024-02-16 15:00:00,cash
432,392,11,2,10,web,cancelled,2024-10-13 21:00:00,cash
433,271,54,1,0,mobile,cancelled,2024-09-14 14:00:00,card
434,149,87,5,20,mobile,completed,2024-10-21 09:00:00,online
435,198,31,2,0,web,completed,2024-02-18 14:00:00,online
436,127,59,1,0,store,completed,2024-02-07 06:00:00,card
437,447,63,3,0,web,completed,2024-05-17 23:00:00,cash
438,125,89,3,5,mobile,completed,2024-04-18 02:00:00,online
439,471,34,5,5,mobile,completed,2024-01-08 12:00:00,cash
440,228,10,1,20,mobile,cancelled,2024-05-03 07:00:00,cash
441,91,98,1,0,web,completed,2024-04-23 01:00:00,online
442,229,52,5,5,web,completed,2024-02-29 23:00:00,online
443,404,80,4,10,mobile,completed,2024-03-11 10:00:00,card
444,423,76,4,30,,completed,2024-11-14 15:00:00,
445,9,24,5,30,,completed,2024-09-22 02:00:00,online
446,16,85,3,0,web,refunded,2024-04-05 20:00:00,card
447,495,23,5,0,mobile,completed,2024-06-05 02:00:00,card
448,57,61,2,0,mobile,completed,2024-04-28 21:00:00,card
449,190,61,1,0,web,completed,2024-06-13 07:00:00,card
450,21,13,2,10,mobile,completed,2024-09-30 23:00:00,
451,264,21,2,15,mobile,cancelled,2024-05-29 12:00:00,card
452,293,57,3,15,web,refunded,2024-03-03 21:00:00,card
453,424,21,3,0,web,completed,2024-07-14 09:00:00,card
454,471,42,1,10,web,cancelled,2024-06-03 23:00:00,card
455,41,78,5,0,web,refunded,2024-12-12 02:00:00,card
456,464,81,4,0,web,completed,2024-04-13 13:00:00,card
457,392,15,1,0,web,refunded,2024-07-15 07:00:00,card
458,269,29,5,5,web,cancelled,2024-01-18 17:00:00,card
459,450,78,5,20,mobile,cancelled,2024-08-01 23:00:00,online
460,328,16,4,0,web,completed,2024-01-11 18:00:00,online
461,379,75,5,20,mobile,cancelled,2024-12-24 18:00:00,card
462,383,36,1,5,web,completed,2024-08-14 10:00:00,cash
463,204,4,1,10,mobile,cancelled,2024-05-30 12:00:00,card
464,457,65,4,30,web,completed,2024-07-25 05:00:00,card
465,259,97,2,0,web,completed,2024-10-16 14:00:00,cash
466,35,84,1,0,mobile,refunded,2024-09-04 16:00:00,card
467,446,17,2,5,web,refunded,2024-04-07 03:00:00,card
468,310,75,2,20,mobile,completed,2024-10-22 14:00:00,card
469,108,61,4,5,web,completed,2024-09-09 01:00:00,card
470,499,50,5,5,web,cancelled,2024-02-03 16:00:00,
471,384,38,3,0,mobile,completed,2024-12-11 21:00:00,card
472,8,1,1,10,,cancelled,2024-12-19 11:00:00,cash
473,141,61,3,0,web,completed,2024-08-01 06:00:00,online
474,346,63,4,0,mobile,completed,2024-09-06 02:00:00,online
475,259,8,3,10,mobile,cancelled,2024-08-13 06:00:00,online
476,233,70,3,0,web,cancelled,2024-09-14 18:00:00,cash
477,108,59,4,0,web,cancelled,2024-06-23 23:00:00,
478,441,61,1,15,web,cancelled,2024-02-26 17:00:00,card
479,360,37,1,10,web,completed,2024-02-27 04:00:00,card
480,146,29,5,20,web,completed,2024-11-25 02:00:00,card
481,421,34,5,0,web,completed,2024-08-09 12:00:00,online
482,458,31,4,0,,completed,2024-05-24 02:00:00,online
483,258,52,1,0,store,cancelled,2024-08-22 03:00:00,online
484,451,76,1,0,mobile,refunded,2024-01-25 08:00:00,card
485,478,74,2,15,web,cancelled,2024-09-17 03:00:00,cash
486,328,4,1,20,mobile,refunded,2024-01-22 09:00:00,cash
487,380,97,3,10,web,cancelled,2024-01-26 23:00:00,card
488,188,67,5,0,web,completed,2024-03-07 19:00:00,card
489,19,27,1,20,mobile,completed,2024-12-16 23:00:00,online
490,4,14,4,20,web,refunded,2024-05-11 12:00:00,card
491,357,98,4,10,web,completed,2024-03-26 08:00:00,cash
492,85,50,3,30,mobile,refunded,2024-10-30 04:00:00,card
493,30,30,3,0,store,completed,2024-11-30 23:00:00,cash
494,455,17,3,0,web,completed,2024-12-02 20:00:00,card
495,20,25,4,15,web,completed,2024-02-29 22:00:00,card
496,96,1,5,10,mobile,completed,2024-07-09 05:00:00,online
497,259,92,4,10,,refunded,2024-06-20 10:00:00,cash
498,45,9,2,0,web,completed,2024-07-12 03:00:00,card
499,217,1,3,15,web,refunded,2024-10-26 17:00:00,card
500,40,34,5,0,mobile,cancelled,2024-07-27 02:00:00,online
501,347,61,5,5,store,completed,2024-02-14 01:00:00,online
502,274,84,4,0,mobile,refunded,2024-04-07 22:00:00,online
503,159,19,2,0,mobile,completed,2024-10-15 21:00:00,online
504,240,97,4,0,mobile,completed,2024-03-05 07:00:00,cash
505,485,90,3,0,web,completed,2024-02-05 10:00:00,online
506,392,11,4,15,mobile,completed,2024-08-01 05:00:00,online
507,156,42,2,0,web,cancelled,2024-08-07 22:00:00,online
508,399,93,1,5,web,completed,2024-12-08 18:00:00,cash
509,360,31,3,10,mobile,completed,2024-11-26 08:00:00,card
510,216,61,2,20,web,refunded,2024-09-18 11:00:00,online
511,208,78,4,5,web,refunded,2024-09-29 11:00:00,card
512,88,12,5,0,web,cancelled,2024-07-24 17:00:00,card
513,97,14,2,0,web,refunded,2024-09-10 02:00:00,card
514,350,38,5,10,mobile,completed,2024-03-03 09:00:00,card
515,283,89,4,30,mobile,completed,2024-07-17 06:00:00,card
516,323,57,1,0,store,completed,2024-12-26 04:00:00,online
517,247,67,2,15,web,cancelled,2024-07-13 16:00:00,cash
518,356,43,5,0,web,refunded,2024-03-10 11:00:00,online
519,94,47,1,15,mobile,completed,2024-07-28 17:00:00,card
520,136,68,2,0,web,refunded,2024-05-16 01:00:00,online
521,84,95,1,20,web,completed,2024-09-16 17:00:00,cash
522,474,77,2,0,web,refunded,2024-01-02 10:00:00,card
523,437,31,4,0,store,completed,2024-02-04 07:00:00,online
524,436,3,5,0,web,completed,2024-04-23 11:00:00,online
525,448,46,3,15,web,completed,2024-10-05 10:00:00,cash
526,21,92,1,0,mobile,completed,2024-10-12 16:00:00,card
527,153,33,1,5,store,refunded,2024-01-07 12:00:00,card
528,33,53,1,0,store,completed,2024-06-21 15:00:00,card
529,102,40,3,0,web,completed,2024-03-10 18:00:00,card
530,315,9,2,0,mobile,cancelled,2024-11-25 17:00:00,card
531,112,37,1,0,mobile,completed,2024-02-14 12:00:00,online
532,66,78,1,0,store,refunded,2024-12-16 09:00:00,online
533,409,68,3,0,web,completed,2024-12-19 03:00:00,card
534,286,73,4,0,store,cancelled,2024-02-06 04:00:00,cash
535,353,75,2,10,web,completed,2024-04-30 23:00:00,online
536,451,36,3,10,store,refunded,2024-11-14 21:00:00,card
537,166,10,5,5,mobile,completed,2024-04-21 02:00:00,cash
538,344,64,1,0,web,refunded,2024-03-20 15:00:00,card
539,437,56,3,5,web,refunded,2024-02-01 15:00:00,card
540,58,1,3,0,web,refunded,2024-06-30 09:00:00,online
541,187,33,1,5,web,refunded,2024-04-26 01:00:00,card
542,127,45,1,15,mobile,completed,2024-04-05 13:00:00,card
543,258,75,5,15,mobile,refunded,2024-03-06 04:00:00,
544,256,5,1,20,web,completed,2024-09-04 08:00:00,cash
545,271,71,4,10,mobile,refunded,2024-02-25 21:00:00,card
546,181,9,4,20,web,completed,2024-03-25 13:00:00,card
547,204,24,5,0,mobile,completed,2024-10-22 21:00:00,online
548,280,53,5,5,mobile,completed,2024-04-06 07:00:00,cash
549,172,14,3,5,mobile,completed,2024-08-07 19:00:00,card
550,25,33,2,0,web,cancelled,2024-01-06 04:00:00,card
551,127,10,1,5,mobile,completed,2024-01-11 05:00:00,card
552,108,18,5,5,store,completed,2024-11-16 11:00:00,online
553,224,1,1,30,web,completed,2024-09-23 09:00:00,card
554,481,68,2,0,web,refunded,2024-03-29 11:00:00,card
555,465,92,5,15,store,refunded,2024-02-10 10:00:00,card
556,356,67,5,15,mobile,completed,2024-05-04 19:00:00,card
557,447,76,1,0,mobile,completed,2024-10-11 16:00:00,
558,324,59,5,5,web,refunded,2024-12-01 12:00:00,card
559,53,82,3,15,web,cancelled,2024-08-16 14:00:00,cash
560,157,23,3,0,store,completed,2024-12-03 01:00:00,card
561,30,4,3,10,web,refunded,2024-10-21 17:00:00,online
562,287,12,5,20,mobile,completed,2024-04-24 09:00:00,cash
563,197,15,3,20,web,completed,2024-08-30 14:00:00,card
564,462,90,4,0,mobile,refunded,2024-03-03 20:00:00,card
565,69,71,2,0,web,refunded,2024-02-27 21:00:00,card
566,112,51,3,0,web,completed,2024-12-14 13:00:00,online
567,259,8,5,0,web,refunded,2024-06-15 17:00:00,card
568,23,97,4,30,store,completed,2024-09-30 16:00:00,card
569,253,54,3,20,web,completed,2024-02-15 07:00:00,card
570,232,97,3,0,web,refunded,2024-02-15 11:00:00,card
571,327,39,1,0,,refunded,2024-02-18 11:00:00,cash
572,1,23,4,0,web,completed,2024-03-28 04:00:00,cash
573,97,78,4,30,web,completed,2024-09-20 22:00:00,card
574,462,57,4,15,store,completed,2024-03-28 01:00:00,online
575,99,14,4,0,store,cancelled,2024-04-18 13:00:00,card
576,361,75,4,0,web,completed,2024-01-16 10:00:00,card
577,298,48,1,10,store,cancelled,2024-06-29 15:00:00,card
578,362,52,5,15,,completed,2024-05-31 23:00:00,card
579,459,61,2,0,web,completed,2024-02-16 16:00:00,cash
580,11,10,4,15,web,completed,2024-04-21 16:00:00,card
581,66,85,2,0,web,completed,2024-08-12 17:00:00,
582,22,13,3,10,web,completed,2024-05-27 07:00:00,online
583,385,28,5,0,web,completed,2024-05-14 02:00:00,card
584,393,16,4,0,web,completed,2024-08-07 22:00:00,
585,467,41,2,20,store,refunded,2024-09-06 21:00:00,online
586,310,23,4,0,store,refunded,2024-02-06 15:00:00,card
587,154,55,2,5,web,completed,2024-07-01 21:00:00,online
588,136,45,5,0,mobile,refunded,2024-04-09 11:00:00,cash
589,243,97,5,0,web,cancelled,2024-10-05 14:00:00,cash
590,113,99,2,0,web,refunded,2024-02-23 00:00:00,cash
591,293,76,5,5,,completed,2024-10-16 05:00:00,card
592,42,62,2,0,,completed,2024-02-02 04:00:00,card
593,61,45,3,0,mobile,completed,2024-03-19 01:00:00,card
594,341,53,3,15,mobile,completed,2024-02-02 21:00:00,card
595,411,17,5,0,,completed,2024-07-21 14:00:00,card
596,307,17,4,0,mobile,refunded,2024-07-02 18:00:00,card
597,397,53,2,0,web,completed,2024-02-02 19:00:00,cash
598,165,34,4,5,web,cancelled,2024-08-22 16:00:00,card
599,500,10,2,10,web,refunded,2024-09-25 10:00:00,cash
600,104,28,3,0,web,cancelled,2024-10-09 02:00:00,card
601,144,38,5,0,web,refunded,2024-08-03 14:00:00,cash
602,211,89,1,0,web,completed,2024-10-11 13:00:00,card
603,130,25,5,0,web,completed,2024-03-08 12:00:00,card
604,318,88,5,10,web,completed,2024-01-22 19:00:00,card
605,439,30,5,0,web,cancelled,2024-04-30 05:00:00,card
606,218,10,1,20,web,refunded,2024-12-04 05:00:00,cash
607,269,86,4,15,store,cancelled,2024-12-29 11:00:00,card
608,361,13,2,0,mobile,completed,2024-03-11 07:00:00,card
609,374,60,3,5,store,completed,2024-11-20 00:00:00,card
610,87,10,3,10,store,completed,2024-02-14 22:00:00,card
611,477,39,1,0,store,cancelled,2024-11-15 20:00:00,online
612,17,54,1,0,web,completed,2024-02-15 13:00:00,cash
613,326,34,1,0,web,completed,2024-02-29 00:00:00,cash
614,122,19,2,10,web,completed,2024-01-26 11:00:00,cash
615,108,41,5,5,store,refunded,2024-10-11 03:00:00,card
616,222,97,5,0,web,cancelled,2024-09-20 00:00:00,card
617,319,29,5,0,web,cancelled,2024-02-03 23:00:00,card
618,102,57,3,0,web,completed,2024-12-21 17:00:00,cash
619,38,13,4,0,mobile,cancelled,2024-05-11 03:00:00,cash
620,6,90,2,10,web,refunded,2024-02-14 08:00:00,online
621,17,13,3,0,,refunded,2024-01-12 10:00:00,online
622,359,95,4,0,store,cancelled,2024-10-02 05:00:00,card
623,71,58,5,0,mobile,refunded,2024-03-01 07:00:00,card
624,374,4,5,0,web,completed,2024-02-17 20:00:00,online
625,72,27,2,0,web,completed,2024-07-17 19:00:00,
626,146,84,4,5,web,completed,2024-06-22 03:00:00,online
627,164,14,4,15,,cancelled,2024-12-28 03:00:00,online
628,68,44,5,15,web,completed,2024-03-09 23:00:00,card
629,271,12,3,15,mobile,completed,2024-12-18 04:00:00,card
630,304,87,3,20,web,cancelled,2024-05-27 02:00:00,cash
631,484,57,1,10,web,completed,2024-02-29 08:00:00,cash
632,382,83,1,15,mobile,cancelled,2024-03-26 05:00:00,cash
633,22,47,3,0,store,completed,2024-03-07 08:00:00,card
634,77,57,3,15,mobile,completed,2024-06-03 20:00:00,card
635,434,22,5,0,web,cancelled,2024-11-07 07:00:00,card
636,179,19,4,10,web,completed,2024-08-05 05:00:00,card
637,190,19,4,5,store,completed,2024-06-15 09:00:00,cash
638,104,2,4,15,mobile,refunded,2024-07-17 00:00:00,card
639,268,92,3,10,web,completed,2024-07-09 13:00:00,cash
640,98,39,5,10,web,completed,2024-05-11 09:00:00,card
641,484,93,5,10,web,completed,2024-12-27 18:00:00,cash
642,224,77,5,5,store,completed,2024-03-01 21:00:00,
643,63,14,1,0,web,completed,2024-08-01 23:00:00,card
644,368,38,5,10,store,completed,2024-06-08 13:00:00,card
645,95,66,4,0,web,completed,2024-12-28 01:00:00,online
646,214,83,2,10,mobile,cancelled,2024-04-15 13:00:00,card
647,11,34,1,5,,completed,2024-11-13 16:00:00,card
648,169,74,2,0,web,cancelled,2024-01-16 16:00:00,card
649,466,80,1,0,mobile,refunded,2024-08-29 19:00:00,online
650,82,25,4,5,mobile,completed,2024-11-20 14:00:00,card
651,204,100,5,10,mobile,cancelled,2024-04-24 03:00:00,card
652,295,18,1,15,,refunded,2024-08-25 12:00:00,cash
653,473,48,1,5,web,cancelled,2024-02-15 21:00:00,card
654,478,24,5,0,web,refunded,2024-09-07 05:00:00,card
655,120,20,5,10,web,completed,2024-12-11 00:00:00,online
656,299,4,5,0,mobile,refunded,2024-11-30 07:00:00,card
657,306,26,2,5,,refunded,2024-03-24 18:00:00,cash
658,95,64,2,0,mobile,completed,2024-03-08 07:00:00,online
659,275,80,3,0,web,completed,2024-09-25 07:00:00,card
660,263,75,3,5,mobile,completed,2024-03-30 10:00:00,online
661,307,95,2,15,web,completed,2024-10-02 19:00:00,card
662,240,45,1,0,,completed,2024-09-24 22:00:00,
663,364,88,1,20,web,completed,2024-07-08 07:00:00,cash
664,105,92,2,0,mobile,completed,2024-01-24 22:00:00,card
665,256,40,4,15,mobile,completed,2024-01-13 14:00:00,online
666,257,70,1,10,web,completed,2024-03-21 11:00:00,card
667,120,86,2,0,mobile,completed,2024-05-03 10:00:00,card
668,352,45,5,5,web,completed,2024-07-20 15:00:00,card
669,181,40,3,0,web,completed,2024-02-23 09:00:00,
670,470,55,5,0,store,completed,2024-08-07 16:00:00,cash
671,118,53,5,5,mobile,completed,2024-06-07 20:00:00,online
672,129,10,2,0,mobile,completed,2024-06-15 03:00:00,online
673,322,53,1,0,store,completed,2024-06-15 06:00:00,cash
674,150,99,1,10,web,cancelled,2024-06-30 22:00:00,online
675,460,92,5,0,web,cancelled,2024-01-20 18:00:00,card
676,354,94,3,5,web,cancelled,2024-12-02 20:00:00,card
677,216,32,3,5,web,completed,2024-09-27 04:00:00,card
678,368,6,4,0,mobile,completed,2024-06-08 20:00:00,card
679,189,29,5,0,web,completed,2024-03-04 16:00:00,cash
680,103,33,3,0,web,refunded,2024-11-01 03:00:00,card
681,309,61,5,0,web,completed,2024-03-30 14:00:00,cash
682,144,11,5,30,web,cancelled,2024-06-15 00:00:00,card
683,216,21,3,5,mobile,completed,2024-03-30 21:00:00,online
684,488,37,2,0,web,completed,2024-06-15 15:00:00,online
685,375,44,2,10,web,cancelled,2024-06-16 03:00:00,online
686,152,63,4,10,mobile,cancelled,2024-06-27 07:00:00,card
687,500,94,5,0,web,completed,2024-02-29 21:00:00,card
688,225,28,5,0,web,completed,2024-01-19 09:00:00,cash
689,467,87,4,10,mobile,completed,2024-03-31 11:00:00,cash
690,494,66,1,20,mobile,completed,2024-09-21 10:00:00,
691,308,9,5,15,store,completed,2024-12-10 02:00:00,cash
692,20,86,3,10,mobile,completed,2024-07-02 20:00:00,cash
693,302,78,2,0,web,cancelled,2024-01-04 03:00:00,card
694,129,20,5,10,mobile,completed,2024-02-21 23:00:00,online
695,177,76,3,10,web,completed,2024-11-30 03:00:00,card
696,12,94,4,0,mobile,refunded,2024-05-05 03:00:00,cash
697,39,9,2,10,web,completed,2024-12-30 09:00:00,online
698,228,72,5,0,store,completed,2024-03-26 18:00:00,card
699,8,62,4,5,web,completed,2024-01-21 04:00:00,card
700,145,99,4,0,mobile,completed,2024-02-02 18:00:00,cash
701,377,29,4,0,mobile,completed,2024-09-01 23:00:00,card
702,146,89,4,0,mobile,cancelled,2024-03-06 01:00:00,cash
703,413,44,3,0,web,cancelled,2024-07-11 07:00:00,cash
704,44,37,3,0,mobile,refunded,2024-10-15 04:00:00,card
705,347,22,1,5,mobile,refunded,2024-04-10 19:00:00,card
706,180,74,2,0,mobile,completed,2024-08-24 09:00:00,cash
707,167,96,5,0,web,completed,2024-12-25 16:00:00,card
708,153,93,4,0,web,completed,2024-05-29 23:00:00,card
709,328,80,2,0,web,cancelled,2024-03-28 07:00:00,cash
710,306,37,1,5,store,refunded,2024-04-23 18:00:00,online
711,339,65,1,0,web,refunded,2024-06-26 13:00:00,online
712,49,16,4,0,web,completed,2024-02-22 02:00:00,online
713,424,78,2,0,store,cancelled,2024-01-03 10:00:00,online
714,294,19,2,0,store,completed,2024-10-27 11:00:00,card
715,287,8,5,0,web,completed,2024-10-09 01:00:00,cash
716,311,19,2,0,mobile,completed,2024-04-06 21:00:00,cash
717,388,39,1,10,web,completed,2024-03-27 11:00:00,card
718,197,95,5,0,web,cancelled,2024-03-30 15:00:00,
719,50,44,4,30,web,completed,2024-10-19 15:00:00,card
720,152,63,1,0,web,cancelled,2024-12-03 13:00:00,
721,417,86,5,0,mobile,refunded,2024-07-17 22:00:00,card
722,308,53,4,0,store,completed,2024-01-15 17:00:00,card
723,458,52,5,15,mobile,completed,2024-05-31 09:00:00,card
724,337,93,5,5,store,refunded,2024-09-28 19:00:00,cash
725,429,25,1,15,mobile,completed,2024-09-17 15:00:00,card
726,398,42,1,0,mobile,completed,2024-06-06 11:00:00,card
727,259,95,4,5,mobile,completed,2024-04-26 19:00:00,card
728,407,18,1,0,mobile,refunded,2024-11-27 05:00:00,card
729,310,3,5,0,mobile,completed,2024-02-08 16:00:00,card
730,94,5,1,0,mobile,completed,2024-01-19 18:00:00,card
731,90,18,1,0,,completed,2024-07-26 09:00:00,card
732,260,63,2,10,web,completed,2024-03-08 19:00:00,card
733,258,34,5,30,web,completed,2024-10-19 01:00:00,cash
734,496,26,2,20,web,cancelled,2024-12-24 20:00:00,card
735,341,61,3,0,mobile,completed,2024-05-22 23:00:00,online
736,139,15,3,5,,refunded,2024-04-09 08:00:00,card
737,286,56,4,0,web,cancelled,2024-10-26 16:00:00,cash
738,48,52,2,10,web,cancelled,2024-07-14 16:00:00,card
739,122,24,3,5,web,completed,2024-10-14 03:00:00,online
740,354,55,1,0,web,completed,2024-07-06 19:00:00,online
741,333,91,4,0,mobile,cancelled,2024-05-09 09:00:00,card
742,34,41,3,0,web,completed,2024-05-16 19:00:00,card
743,342,37,1,0,web,completed,2024-11-26 11:00:00,online
744,132,92,1,0,web,completed,2024-02-28 12:00:00,online
745,347,26,2,15,store,completed,2024-08-28 13:00:00,
746,266,1,5,10,mobile,refunded,2024-09-29 12:00:00,online
747,68,86,5,20,web,cancelled,2024-07-11 00:00:00,online
748,299,71,3,10,web,refunded,2024-01-26 14:00:00,card
749,470,83,4,0,web,completed,2024-10-30 08:00:00,cash
750,442,59,4,10,mobile,completed,2024-04-21 12:00:00,cash
751,177,48,3,10,web,refunded,2024-08-16 21:00:00,card
752,115,23,4,15,store,completed,2024-08-23 23:00:00,card
753,5,96,4,0,web,cancelled,2024-08-14 13:00:00,online
754,116,68,2,0,web,completed,2024-04-18 00:00:00,card
755,221,88,1,0,web,refunded,2024-08-28 19:00:00,card
756,290,100,5,10,mobile,completed,2024-10-28 21:00:00,online
757,466,87,1,10,web,refunded,2024-01-07 01:00:00,online
758,140,35,5,15,mobile,completed,2024-08-20 20:00:00,card
759,489,34,5,0,store,completed,2024-12-21 15:00:00,online
760,483,44,3,5,web,refunded,2024-03-25 09:00:00,card
761,263,10,3,0,store,refunded,2024-02-25 13:00:00,card
762,413,43,4,15,mobile,completed,2024-03-05 12:00:00,
763,358,9,5,10,mobile,refunded,2024-07-25 23:00:00,cash
764,256,3,4,10,,completed,2024-05-12 10:00:00,online
765,163,66,2,5,mobile,completed,2024-11-06 13:00:00,online
766,418,9,4,5,mobile,completed,2024-09-19 03:00:00,online
767,301,76,1,20,mobile,cancelled,2024-05-18 10:00:00,online
768,4,94,1,15,store,completed,2024-05-07 16:00:00,card
769,194,74,4,0,mobile,completed,2024-11-25 08:00:00,card
770,148,64,4,0,web,cancelled,2024-03-12 23:00:00,cash
771,87,66,1,5,web,refunded,2024-08-26 20:00:00,online
772,95,68,4,0,store,cancelled,2024-12-08 07:00:00,cash
773,252,43,4,0,web,completed,2024-07-19 20:00:00,cash
774,197,3,1,5,mobile,completed,2024-02-24 20:00:00,online
775,375,8,3,0,web,cancelled,2024-12-29 16:00:00,card
776,329,42,4,10,web,refunded,2024-09-28 20:00:00,online
777,111,63,4,5,,completed,2024-12-14 06:00:00,card
778,383,100,2,0,web,completed,2024-10-06 15:00:00,card
779,110,82,4,0,web,completed,2024-05-19 09:00:00,card
780,34,32,1,0,web,cancelled,2024-12-10 15:00:00,card
781,382,33,3,5,store,completed,2024-03-01 20:00:00,cash
782,465,88,3,0,web,completed,2024-06-28 02:00:00,card
783,474,25,4,5,web,cancelled,2024-02-13 12:00:00,card
784,366,18,1,10,mobile,completed,2024-10-15 12:00:00,cash
785,423,95,4,0,store,refunded,2024-06-13 23:00:00,cash
786,373,88,4,0,web,completed,2024-02-05 12:00:00,cash
787,57,42,2,5,web,cancelled,2024-07-04 03:00:00,card
788,166,38,5,0,web,completed,2024-09-30 06:00:00,card
789,220,3,2,0,web,cancelled,2024-04-17 22:00:00,card
790,475,84,5,0,web,cancelled,2024-07-29 04:00:00,card
791,100,38,1,0,mobile,completed,2024-03-01 06:00:00,card
792,18,55,5,0,web,completed,2024-11-20 15:00:00,card
793,483,12,3,0,store,refunded,2024-06-06 01:00:00,cash
794,47,28,1,15,web,cancelled,2024-07-09 19:00:00,online
795,391,59,5,0,mobile,completed,2024-10-26 04:00:00,online
796,413,10,2,0,web,completed,2024-09-23 03:00:00,online
797,71,74,5,0,mobile,refunded,2024-02-29 05:00:00,online
798,409,47,2,20,mobile,completed,2024-08-19 15:00:00,cash
799,237,65,2,0,web,cancelled,2024-03-08 06:00:00,card
800,120,23,4,0,store,completed,2024-03-27 15:00:00,card
801,489,2,4,10,web,completed,2024-12-24 11:00:00,cash
802,450,62,4,5,mobile,completed,2024-10-10 16:00:00,online
803,443,29,2,0,web,cancelled,2024-08-20 22:00:00,card
804,142,50,3,20,web,completed,2024-07-03 19:00:00,cash
805,7,12,3,5,web,refunded,2024-06-08 17:00:00,card
806,378,28,5,20,web,completed,2024-09-11 19:00:00,online
807,415,93,3,10,web,completed,2024-12-24 12:00:00,
808,97,93,2,0,web,completed,2024-11-13 08:00:00,card
809,105,65,1,0,web,cancelled,2024-12-22 13:00:00,online
810,13,24,3,0,web,cancelled,2024-10-03 02:00:00,card
811,16,75,1,20,mobile,refunded,2024-12-04 06:00:00,card
812,167,21,5,0,store,cancelled,2024-01-14 16:00:00,card
813,354,68,4,5,mobile,cancelled,2024-08-31 06:00:00,card
814,252,50,2,0,store,completed,2024-10-22 15:00:00,card
815,176,4,1,5,web,completed,2024-08-22 17:00:00,online
816,197,73,4,0,mobile,cancelled,2024-04-01 21:00:00,card
817,419,94,1,0,web,completed,2024-06-25 19:00:00,cash
818,359,31,3,0,store,cancelled,2024-09-30 04:00:00,card
819,140,85,1,0,mobile,cancelled,2024-12-08 18:00:00,card
820,288,68,5,0,store,refunded,2024-01-29 04:00:00,
821,376,88,3,5,web,completed,2024-08-19 02:00:00,online
822,387,17,5,15,web,refunded,2024-11-26 03:00:00,online
823,177,2,3,5,web,completed,2024-02-25 15:00:00,card
824,166,83,3,0,web,completed,2024-06-13 08:00:00,card
825,450,52,5,0,mobile,cancelled,2024-01-15 05:00:00,card
826,314,78,5,0,store,completed,2024-09-06 12:00:00,cash
827,434,89,5,0,web,completed,2024-12-30 03:00:00,card
828,2,11,1,0,mobile,completed,2024-12-21 13:00:00,online
829,112,61,3,20,web,completed,2024-06-05 01:00:00,
830,166,44,2,0,store,refunded,2024-07-25 13:00:00,card
831,311,88,2,0,mobile,completed,2024-11-23 08:00:00,online
832,87,79,4,0,web,completed,2024-12-30 16:00:00,cash
833,241,33,5,5,mobile,cancelled,2024-02-17 04:00:00,card
834,415,95,4,15,web,refunded,2024-03-07 10:00:00,card
835,288,49,5,10,web,completed,2024-03-19 11:00:00,card
836,443,68,1,10,store,completed,2024-05-24 09:00:00,card
837,254,45,1,5,web,completed,2024-02-17 23:00:00,card
838,272,90,1,15,mobile,completed,2024-03-21 06:00:00,card
839,493,74,1,15,mobile,completed,2024-06-21 20:00:00,online
840,303,95,4,5,mobile,refunded,2024-11-09 08:00:00,card
841,392,33,5,0,web,completed,2024-03-02 02:00:00,online
842,16,82,3,0,mobile,completed,2024-02-02 17:00:00,card
843,118,97,4,0,web,refunded,2024-05-21 18:00:00,cash
844,378,4,1,0,,refunded,2024-07-11 10:00:00,
845,186,59,4,5,mobile,completed,2024-10-24 17:00:00,online
846,158,7,5,0,,refunded,2024-01-11 03:00:00,online
847,96,50,4,30,,cancelled,2024-10-27 21:00:00,online
848,119,75,5,10,,completed,2024-09-12 02:00:00,card
849,161,26,4,0,web,refunded,2024-08-24 18:00:00,online
850,117,28,4,5,store,completed,2024-04-13 02:00:00,card
851,252,20,3,5,web,refunded,2024-02-11 06:00:00,cash
852,46,55,5,0,store,completed,2024-12-22 08:00:00,card
853,96,2,3,0,web,cancelled,2024-04-19 22:00:00,online
854,129,22,2,5,web,completed,2024-11-18 19:00:00,card
855,498,77,3,0,web,completed,2024-06-17 14:00:00,online
856,44,18,4,0,mobile,refunded,2024-09-18 19:00:00,online
857,16,51,4,0,store,completed,2024-02-08 17:00:00,card
858,279,38,2,5,mobile,refunded,2024-03-28 11:00:00,card
859,172,14,2,0,mobile,refunded,2024-11-26 20:00:00,card
860,1,70,1,0,web,completed,2024-08-14 23:00:00,card
861,376,48,3,0,store,cancelled,2024-08-15 07:00:00,card
862,18,43,2,20,mobile,refunded,2024-02-24 02:00:00,cash
863,178,71,3,15,mobile,completed,2024-01-21 23:00:00,card
864,343,78,4,15,mobile,completed,2024-09-30 13:00:00,card
865,154,86,1,15,web,completed,2024-10-04 18:00:00,card
866,132,31,3,5,mobile,cancelled,2024-08-16 15:00:00,card
867,277,44,5,10,store,completed,2024-01-31 07:00:00,card
868,296,6,3,0,mobile,completed,2024-02-02 07:00:00,online
869,207,83,2,5,,completed,2024-06-29 11:00:00,
870,276,64,3,0,mobile,completed,2024-06-23 23:00:00,cash
871,185,28,4,0,web,refunded,2024-12-25 06:00:00,card
872,261,87,5,0,mobile,refunded,2024-09-22 20:00:00,cash
873,335,7,1,15,store,completed,2024-04-27 04:00:00,card
874,46,53,3,0,store,completed,2024-07-16 20:00:00,card
875,178,24,1,20,web,cancelled,2024-07-31 17:00:00,online
876,54,32,2,10,mobile,completed,2024-07-18 02:00:00,cash
877,360,14,3,0,mobile,completed,2024-04-25 19:00:00,online
878,39,10,2,10,store,completed,2024-09-29 18:00:00,cash
879,493,52,5,5,store,completed,2024-08-28 17:00:00,online
880,311,97,2,0,mobile,completed,2024-01-06 16:00:00,cash
881,24,77,3,30,web,completed,2024-08-24 23:00:00,online
882,204,89,4,0,web,refunded,2024-06-02 06:00:00,card
883,25,15,1,5,mobile,completed,2024-02-23 18:00:00,card
884,227,5,4,5,web,completed,2024-05-27 18:00:00,card
885,439,25,4,0,mobile,cancelled,2024-01-22 11:00:00,card
886,424,64,1,20,store,refunded,2024-10-30 23:00:00,card
887,439,55,1,0,web,completed,2024-03-10 02:00:00,online
888,182,29,4,10,mobile,completed,2024-11-17 18:00:00,
889,254,55,2,0,web,completed,2024-08-23 04:00:00,card
890,52,89,4,10,web,completed,2024-06-09 11:00:00,card
891,137,86,1,0,mobile,completed,2024-02-21 09:00:00,online
892,141,24,1,0,web,refunded,2024-09-03 19:00:00,cash
893,452,13,3,20,mobile,completed,2024-08-18 17:00:00,online
894,439,15,4,0,web,completed,2024-10-27 11:00:00,cash
895,145,19,2,10,web,completed,2024-03-27 01:00:00,card
896,12,92,2,0,web,cancelled,2024-03-21 12:00:00,card
897,39,37,1,30,mobile,completed,2024-07-30 11:00:00,online
898,8,1,1,10,store,completed,2024-11-13 14:00:00,card
899,417,87,4,5,mobile,completed,2024-10-16 08:00:00,card
900,39,2,4,20,mobile,completed,2024-07-12 19:00:00,card
901,81,28,2,0,,completed,2024-11-18 01:00:00,cash
902,295,98,1,15,mobile,completed,2024-11-30 14:00:00,online
903,177,73,5,10,web,completed,2024-02-14 10:00:00,cash
904,126,61,1,15,web,cancelled,2024-12-26 22:00:00,cash
905,311,64,3,0,mobile,cancelled,2024-07-09 02:00:00,cash
906,419,64,3,10,store,completed,2024-12-29 04:00:00,card
907,46,68,1,10,web,completed,2024-06-12 05:00:00,card
908,442,8,4,0,store,refunded,2024-04-30 01:00:00,online
909,319,40,2,30,web,cancelled,2024-01-06 09:00:00,cash
910,350,33,4,0,,completed,2024-07-20 16:00:00,card
911,421,2,3,15,web,completed,2024-04-22 15:00:00,card
912,465,25,3,0,mobile,completed,2024-01-03 17:00:00,cash
913,92,80,5,0,web,cancelled,2024-10-07 15:00:00,card
914,477,36,3,10,web,completed,2024-02-05 11:00:00,card
915,106,31,1,15,mobile,completed,2024-05-26 11:00:00,online
916,89,6,1,20,web,cancelled,2024-09-13 10:00:00,online
917,141,40,4,20,store,refunded,2024-10-03 11:00:00,online
918,294,38,5,0,mobile,completed,2024-02-27 10:00:00,card
919,384,35,4,0,mobile,completed,2024-01-11 18:00:00,card
920,94,42,5,15,mobile,cancelled,2024-01-03 15:00:00,card
921,213,52,2,10,web,completed,2024-08-02 15:00:00,card
922,109,75,1,20,web,completed,2024-02-03 17:00:00,online
923,88,11,2,0,web,completed,2024-08-30 11:00:00,card
924,187,10,5,20,mobile,completed,2024-05-12 01:00:00,card
925,315,2,5,0,mobile,completed,2024-07-14 04:00:00,card
926,479,81,2,15,web,completed,2024-09-07 07:00:00,cash
927,220,83,3,0,web,cancelled,2024-07-09 16:00:00,cash
928,368,99,5,10,web,cancelled,2024-09-30 22:00:00,online
929,430,92,5,0,mobile,completed,2024-01-31 19:00:00,card
930,357,85,1,20,mobile,completed,2024-11-19 09:00:00,online
931,200,86,1,5,web,completed,2024-12-17 11:00:00,card
932,389,41,3,10,web,cancelled,2024-12-22 22:00:00,card
933,129,56,2,10,store,cancelled,2024-06-13 19:00:00,card
934,137,94,4,0,web,completed,2024-06-23 21:00:00,card
935,370,21,2,20,,completed,2024-01-31 19:00:00,
936,474,60,2,0,store,refunded,2024-11-19 07:00:00,card
937,382,94,3,0,mobile,completed,2024-07-10 07:00:00,card
938,100,80,5,5,web,completed,2024-12-18 06:00:00,cash
939,99,2,4,0,web,refunded,2024-03-10 16:00:00,card
940,274,94,2,15,web,refunded,2024-07-24 21:00:00,card
941,89,20,1,5,web,refunded,2024-04-22 09:00:00,card
942,280,75,2,10,mobile,completed,2024-12-13 08:00:00,online
943,481,31,5,0,mobile,completed,2024-09-20 08:00:00,card
944,193,62,3,0,web,cancelled,2024-01-11 15:00:00,online
945,280,83,3,5,mobile,completed,2024-07-08 01:00:00,online
946,139,11,3,0,web,refunded,2024-08-20 10:00:00,card
947,292,73,3,0,mobile,completed,2024-10-31 21:00:00,cash
948,239,54,1,5,mobile,cancelled,2024-10-08 15:00:00,card
949,149,25,4,0,web,completed,2024-12-11 22:00:00,online
950,13,24,5,0,web,refunded,2024-09-30 02:00:00,online
951,346,62,1,0,web,completed,2024-01-26 17:00:00,cash
952,382,36,1,0,mobile,completed,2024-09-30 06:00:00,online
953,19,17,3,0,mobile,completed,2024-11-24 22:00:00,cash
954,129,38,5,30,store,cancelled,2024-10-13 08:00:00,card
955,53,82,5,15,mobile,cancelled,2024-10-23 19:00:00,card
956,489,42,2,10,store,cancelled,2024-10-31 18:00:00,card
957,378,26,5,0,store,completed,2024-02-21 16:00:00,cash
958,380,63,2,0,web,completed,2024-05-30 13:00:00,card
959,178,14,2,10,web,completed,2024-07-21 02:00:00,
960,352,4,4,0,web,completed,2024-07-05 21:00:00,card
961,409,63,2,10,store,cancelled,2024-08-20 22:00:00,card
962,182,17,5,0,mobile,completed,2024-05-10 13:00:00,
963,354,94,3,0,web,completed,2024-02-16 14:00:00,cash
964,466,21,5,5,,cancelled,2024-12-08 23:00:00,card
965,350,19,5,0,web,cancelled,2024-12-24 11:00:00,card
966,257,31,3,0,web,completed,2024-06-16 14:00:00,card
967,286,71,3,0,store,completed,2024-11-17 01:00:00,card
968,287,52,1,5,web,refunded,2024-03-14 03:00:00,card
969,397,59,4,10,,completed,2024-01-17 19:00:00,online
970,48,20,5,5,mobile,completed,2024-11-06 21:00:00,card
971,453,16,4,10,mobile,completed,2024-07-20 17:00:00,card
972,143,31,3,10,store,refunded,2024-11-17 13:00:00,online
973,124,85,5,0,store,refunded,2024-12-07 10:00:00,card
974,328,57,1,15,web,completed,2024-09-29 05:00:00,card
975,412,62,5,0,store,cancelled,2024-12-04 00:00:00,card
976,428,94,3,20,web,cancelled,2024-03-05 04:00:00,card
977,326,37,3,0,,completed,2024-10-29 14:00:00,cash
978,17,11,2,10,store,cancelled,2024-12-13 12:00:00,online
979,38,76,5,0,web,completed,2024-06-08 12:00:00,cash
980,48,82,3,0,mobile,cancelled,2024-08-01 19:00:00,card
981,357,63,3,0,web,completed,2024-06-20 07:00:00,cash
982,345,9,2,10,mobile,completed,2024-08-22 00:00:00,online
983,489,32,4,30,web,completed,2024-05-15 04:00:00,card
984,482,78,5,0,mobile,refunded,2024-05-09 07:00:00,online
985,43,5,5,0,web,completed,2024-11-22 20:00:00,cash
986,79,68,3,10,store,refunded,2024-05-06 21:00:00,cash
987,119,70,4,5,web,completed,2024-09-06 23:00:00,online
988,368,71,5,5,web,completed,2024-02-08 11:00:00,cash
989,194,78,1,0,web,completed,2024-05-31 19:00:00,cash
990,102,61,3,0,web,completed,2024-02-05 09:00:00,
991,163,19,5,5,mobile,refunded,2024-03-02 00:00:00,cash
992,29,21,3,10,web,completed,2024-07-07 22:00:00,
993,433,12,4,0,web,completed,2024-07-14 22:00:00,cash
994,235,50,5,10,store,completed,2024-08-30 07:00:00,card
995,233,49,4,0,mobile,completed,2024-10-28 18:00:00,card
996,153,65,3,10,store,cancelled,2024-02-18 08:00:00,card
997,275,10,1,20,web,completed,2024-07-21 19:00:00,card
998,152,56,5,0,web,refunded,2024-05-25 19:00:00,online
999,73,32,1,0,mobile,completed,2024-05-23 13:00:00,cash
1000,133,92,4,0,mobile,cancelled,2024-02-03 10:00:00,cash
1001,279,47,2,0,store,completed,2024-06-24 10:00:00,card
1002,331,26,4,10,mobile,completed,2024-03-18 20:00:00,card
1003,166,87,2,10,store,completed,2024-05-23 03:00:00,online
1004,225,76,5,10,web,completed,2024-11-27 09:00:00,card
1005,261,100,2,0,store,completed,2024-11-17 21:00:00,card
1006,103,34,1,0,web,refunded,2024-09-25 20:00:00,cash
1007,146,37,3,0,web,completed,2024-08-13 02:00:00,
1008,459,31,5,0,web,completed,2024-05-04 04:00:00,online
1009,107,74,4,0,web,cancelled,2024-05-22 13:00:00,card
1010,301,83,4,0,store,cancelled,2024-01-21 18:00:00,card
1011,15,42,2,0,,refunded,2024-02-24 05:00:00,card
1012,429,29,4,5,web,cancelled,2024-11-03 10:00:00,card
1013,312,20,3,0,web,completed,2024-04-06 22:00:00,cash
1014,195,51,1,5,web,completed,2024-06-03 17:00:00,online
1015,330,80,5,15,web,refunded,2024-10-17 10:00:00,online
1016,437,14,2,15,web,completed,2024-10-25 15:00:00,card
1017,438,17,3,0,,completed,2024-11-25 11:00:00,online
1018,255,58,2,10,web,refunded,2024-07-02 15:00:00,online
1019,414,15,2,0,mobile,completed,2024-07-01 01:00:00,card
1020,231,38,3,5,mobile,completed,2024-12-10 23:00:00,online
1021,212,70,2,10,,completed,2024-01-01 10:00:00,card
1022,75,11,4,30,web,completed,2024-03-29 18:00:00,online
1023,70,69,2,20,store,completed,2024-05-16 19:00:00,cash
1024,65,69,2,15,mobile,cancelled,2024-06-29 01:00:00,online
1025,65,9,1,0,mobile,completed,2024-10-04 21:00:00,card
1026,380,4,4,10,store,completed,2024-12-09 13:00:00,card
1027,23,58,2,10,web,completed,2024-01-11 19:00:00,card
1028,474,19,5,5,web,cancelled,2024-01-02 12:00:00,cash
1029,81,16,1,5,web,cancelled,2024-01-03 06:00:00,cash
1030,213,11,4,0,web,completed,2024-10-08 03:00:00,card
1031,281,36,3,10,mobile,refunded,2024-04-07 08:00:00,card
1032,224,72,4,0,web,cancelled,2024-03-16 13:00:00,card
1033,342,19,4,15,mobile,completed,2024-12-04 09:00:00,cash
1034,169,91,4,0,web,completed,2024-10-09 16:00:00,online
1035,348,9,3,0,web,completed,2024-11-30 02:00:00,online
1036,22,2,1,15,web,completed,2024-12-07 01:00:00,cash
1037,399,87,4,20,web,completed,2024-12-19 00:00:00,cash
1038,425,97,3,20,web,completed,2024-02-11 10:00:00,online
1039,178,79,1,0,web,completed,2024-06-25 18:00:00,card
1040,103,55,5,30,web,cancelled,2024-12-09 20:00:00,cash
1041,4,50,5,0,mobile,cancelled,2024-02-28 06:00:00,card
1042,249,89,3,5,web,completed,2024-12-14 07:00:00,cash
1043,44,17,5,10,store,completed,2024-02-20 19:00:00,card
1044,55,49,5,0,store,completed,2024-12-01 09:00:00,card
1045,285,14,3,0,mobile,completed,2024-11-26 04:00:00,card
1046,34,84,4,20,store,completed,2024-05-27 01:00:00,cash
1047,213,35,5,0,web,cancelled,2024-11-08 17:00:00,card
1048,160,28,1,0,web,cancelled,2024-07-05 08:00:00,online
1049,337,67,2,10,mobile,cancelled,2024-04-11 22:00:00,online
1050,175,69,2,5,mobile,completed,2024-12-16 17:00:00,card
1051,499,47,1,0,mobile,refunded,2024-10-20 00:00:00,online
1052,184,34,4,0,web,completed,2024-01-20 01:00:00,online
1053,25,80,4,0,web,completed,2024-03-19 00:00:00,
1054,15,71,3,0,web,completed,2024-07-28 13:00:00,card
1055,475,87,1,0,mobile,completed,2024-05-31 07:00:00,online
1056,73,81,3,0,web,completed,2024-12-17 14:00:00,card
1057,284,57,4,20,web,cancelled,2024-01-23 12:00:00,card
1058,396,51,2,10,web,completed,2024-10-16 08:00:00,cash
1059,288,69,3,0,mobile,completed,2024-10-30 08:00:00,card
1060,329,61,5,5,store,completed,2024-03-13 20:00:00,online
1061,16,96,4,0,mobile,completed,2024-06-13 19:00:00,cash
1062,478,1,3,15,web,completed,2024-12-21 04:00:00,card
1063,158,54,1,0,,refunded,2024-08-11 23:00:00,online
1064,499,98,2,5,,completed,2024-07-21 19:00:00,online
1065,414,86,2,20,web,completed,2024-06-10 09:00:00,card
1066,396,42,2,10,mobile,refunded,2024-05-21 21:00:00,online
1067,375,84,4,0,store,completed,2024-02-21 14:00:00,card
1068,124,45,5,15,mobile,completed,2024-01-29 07:00:00,
1069,416,96,1,0,mobile,cancelled,2024-09-30 09:00:00,online
1070,22,54,2,5,web,cancelled,2024-03-04 23:00:00,
1071,275,31,5,0,store,completed,2024-04-03 01:00:00,online
1072,328,64,4,0,store,completed,2024-04-12 16:00:00,card
1073,399,42,1,30,web,completed,2024-12-21 19:00:00,card
1074,416,91,4,20,web,completed,2024-11-24 01:00:00,card
1075,51,73,3,5,mobile,refunded,2024-12-01 01:00:00,card
1076,148,29,1,0,mobile,cancelled,2024-08-16 13:00:00,card
1077,386,36,1,0,mobile,refunded,2024-09-14 19:00:00,online
1078,92,83,4,10,mobile,completed,2024-09-14 23:00:00,cash
1079,403,29,2,30,web,completed,2024-09-27 05:00:00,online
1080,89,61,1,5,web,cancelled,2024-04-11 18:00:00,card
1081,370,16,5,20,web,completed,2024-04-03 13:00:00,
1082,76,40,3,5,mobile,completed,2024-01-24 19:00:00,online
1083,301,27,2,0,mobile,completed,2024-03-27 14:00:00,
1084,495,9,3,10,store,completed,2024-11-06 21:00:00,online
1085,100,32,5,20,mobile,completed,2024-04-11 20:00:00,cash
1086,172,13,5,10,web,completed,2024-06-12 21:00:00,cash
1087,357,46,1,0,mobile,completed,2024-10-12 04:00:00,cash
1088,135,66,5,15,mobile,refunded,2024-03-14 10:00:00,card
1089,20,86,1,0,web,cancelled,2024-03-31 05:00:00,card
1090,189,20,3,5,web,completed,2024-07-31 04:00:00,card
1091,176,16,5,15,mobile,cancelled,2024-11-16 02:00:00,card
1092,342,20,4,0,store,completed,2024-06-27 15:00:00,online
1093,241,63,2,10,store,completed,2024-12-02 09:00:00,cash
1094,405,5,3,0,web,completed,2024-10-22 14:00:00,
1095,98,89,4,10,mobile,refunded,2024-05-05 02:00:00,cash
1096,484,91,3,15,mobile,completed,2024-07-03 23:00:00,card
1097,134,42,4,0,mobile,completed,2024-07-17 05:00:00,online
1098,325,41,1,0,web,completed,2024-07-29 16:00:00,online
1099,24,56,3,10,web,completed,2024-02-04 21:00:00,card
1100,94,31,2,20,web,completed,2024-07-27 06:00:00,card
1101,65,95,3,10,mobile,completed,2024-03-01 01:00:00,card
1102,75,15,4,0,web,completed,2024-12-22 10:00:00,card
1103,95,22,3,0,store,cancelled,2024-11-16 18:00:00,card
1104,330,51,5,0,store,completed,2024-08-09 05:00:00,online
1105,207,84,4,0,web,refunded,2024-11-20 05:00:00,card
1106,67,64,1,30,store,completed,2024-08-03 06:00:00,online
1107,475,74,3,0,web,cancelled,2024-07-08 13:00:00,card
1108,268,22,5,0,web,completed,2024-01-03 11:00:00,card
1109,285,95,5,0,mobile,completed,2024-04-17 08:00:00,card
1110,403,100,2,0,mobile,refunded,2024-08-05 11:00:00,online
1111,63,37,2,5,,completed,2024-11-18 04:00:00,card
1112,136,56,1,10,web,completed,2024-11-13 23:00:00,online
1113,263,87,3,0,mobile,refunded,2024-11-20 16:00:00,card
1114,407,10,1,10,web,completed,2024-12-25 20:00:00,
1115,435,57,4,10,web,completed,2024-11-17 11:00:00,card
1116,106,63,4,10,web,completed,2024-05-23 08:00:00,cash
1117,189,55,1,5,,refunded,2024-05-18 07:00:00,online
1118,312,66,1,15,web,completed,2024-04-12 11:00:00,card
1119,60,63,1,0,web,cancelled,2024-09-28 19:00:00,card
1120,483,65,1,10,web,cancelled,2024-11-07 13:00:00,card
1121,428,17,1,0,store,completed,2024-11-20 15:00:00,online
1122,487,32,3,20,web,refunded,2024-10-06 12:00:00,online
1123,352,87,5,0,store,refunded,2024-06-24 15:00:00,cash
1124,476,59,5,0,mobile,completed,2024-12-17 05:00:00,online
1125,56,8,4,0,web,completed,2024-07-10 01:00:00,online
1126,498,90,5,0,web,completed,2024-12-17 17:00:00,card
1127,160,1,1,15,web,completed,2024-11-03 18:00:00,cash
1128,5,35,3,5,mobile,refunded,2024-08-24 07:00:00,cash
1129,425,95,2,0,web,completed,2024-06-05 13:00:00,card
1130,388,78,3,5,web,completed,2024-10-14 23:00:00,
1131,139,99,1,0,mobile,cancelled,2024-09-24 08:00:00,card
1132,191,71,5,0,web,cancelled,2024-11-06 02:00:00,card
1133,305,23,2,5,store,completed,2024-10-26 09:00:00,card
1134,311,73,2,0,store,cancelled,2024-05-17 19:00:00,card
1135,15,8,1,15,store,completed,2024-05-22 04:00:00,cash
1136,129,13,1,5,mobile,cancelled,2024-10-02 11:00:00,card
1137,397,35,1,10,mobile,completed,2024-02-01 15:00:00,card
1138,243,32,5,5,web,completed,2024-04-08 10:00:00,card
1139,64,56,5,5,mobile,cancelled,2024-08-25 23:00:00,cash
1140,209,66,5,0,web,completed,2024-04-28 14:00:00,online
1141,179,2,3,5,web,completed,2024-07-05 00:00:00,card
1142,329,37,3,0,web,refunded,2024-02-04 03:00:00,cash
1143,122,99,2,0,mobile,completed,2024-05-03 09:00:00,card
1144,410,91,2,0,web,cancelled,2024-07-22 14:00:00,cash
1145,187,27,1,0,web,completed,2024-09-21 06:00:00,card
1146,239,19,1,5,mobile,completed,2024-03-12 00:00:00,online
1147,2,65,5,0,mobile,completed,2024-01-19 09:00:00,card
1148,408,29,3,5,web,completed,2024-11-05 05:00:00,card
1149,179,86,4,10,mobile,completed,2024-09-01 02:00:00,card
1150,31,24,4,30,web,completed,2024-03-15 19:00:00,online
1151,465,30,1,15,web,completed,2024-05-01 11:00:00,cash
1152,407,34,2,30,,cancelled,2024-09-18 17:00:00,card
1153,157,18,4,0,web,completed,2024-04-06 09:00:00,card
1154,171,84,2,15,web,completed,2024-07-27 02:00:00,online
1155,156,93,3,0,mobile,refunded,2024-05-11 17:00:00,cash
1156,340,47,3,0,web,refunded,2024-11-02 06:00:00,card
1157,361,95,2,0,web,cancelled,2024-09-30 04:00:00,card
1158,194,11,2,0,,refunded,2024-07-16 06:00:00,card
1159,183,70,1,10,,refunded,2024-10-25 22:00:00,online
1160,267,11,3,0,store,refunded,2024-01-12 09:00:00,online
1161,433,78,4,0,web,cancelled,2024-03-01 04:00:00,card
1162,418,38,5,5,web,refunded,2024-01-23 15:00:00,online
1163,177,42,4,15,store,refunded,2024-11-07 21:00:00,card
1164,372,56,5,10,mobile,completed,2024-05-20 17:00:00,cash
1165,423,60,1,15,web,refunded,2024-08-11 22:00:00,card
1166,176,10,5,20,web,completed,2024-06-30 16:00:00,card
1167,283,36,2,0,store,completed,2024-08-18 00:00:00,cash
1168,166,14,3,0,web,completed,2024-08-26 03:00:00,card
1169,194,45,4,0,,refunded,2024-06-27 05:00:00,card
1170,297,62,1,0,web,completed,2024-06-04 11:00:00,card
1171,423,60,3,5,web,refunded,2024-10-12 01:00:00,online
1172,15,97,5,0,mobile,refunded,2024-12-24 07:00:00,online
1173,58,95,4,10,mobile,completed,2024-05-14 09:00:00,online
1174,256,21,2,0,web,completed,2024-09-06 09:00:00,cash
1175,86,14,3,20,web,cancelled,2024-04-03 13:00:00,card
1176,461,62,1,0,web,completed,2024-11-28 06:00:00,online
1177,430,30,4,10,web,completed,2024-11-05 10:00:00,card
1178,448,65,5,0,web,completed,2024-01-19 03:00:00,card
1179,293,83,4,0,web,completed,2024-03-28 21:00:00,
1180,165,36,2,5,web,refunded,2024-08-05 12:00:00,cash
1181,457,74,4,5,store,refunded,2024-09-29 16:00:00,online
1182,446,78,1,10,mobile,completed,2024-02-07 14:00:00,card
1183,409,2,3,5,mobile,completed,2024-12-04 15:00:00,card
1184,56,75,1,5,mobile,completed,2024-01-27 02:00:00,online
1185,108,2,3,0,web,completed,2024-10-20 08:00:00,card
1186,176,41,1,5,web,completed,2024-07-02 18:00:00,online
1187,151,21,2,0,store,completed,2024-08-22 16:00:00,card
1188,117,42,4,20,web,refunded,2024-02-28 08:00:00,cash
1189,107,21,4,10,store,completed,2024-04-01 17:00:00,online
1190,498,44,5,10,mobile,completed,2024-09-27 18:00:00,cash
1191,11,50,1,0,mobile,completed,2024-09-08 01:00:00,online
1192,426,44,2,0,web,completed,2024-11-02 15:00:00,cash
1193,362,93,4,0,mobile,completed,2024-05-05 06:00:00,card
1194,56,84,2,0,mobile,completed,2024-03-02 06:00:00,card
1195,378,5,1,15,web,refunded,2024-01-16 21:00:00,cash
1196,30,53,1,15,mobile,completed,2024-12-25 01:00:00,card
1197,453,90,3,10,web,completed,2024-01-15 20:00:00,online
1198,323,46,1,0,mobile,completed,2024-04-09 07:00:00,card
1199,47,10,3,0,web,completed,2024-01-10 11:00:00,card
1200,307,48,2,5,web,completed,2024-08-21 15:00:00,online
1201,385,68,3,0,web,cancelled,2024-07-29 08:00:00,online
1202,344,74,4,0,web,completed,2024-07-19 08:00:00,cash
1203,53,68,1,0,mobile,completed,2024-04-28 05:00:00,card
1204,147,44,5,0,,completed,2024-06-23 12:00:00,card
1205,453,82,3,10,web,completed,2024-03-04 04:00:00,card
1206,458,59,5,0,mobile,completed,2024-11-18 03:00:00,cash
1207,329,63,2,10,mobile,completed,2024-07-14 13:00:00,cash
1208,154,18,3,30,web,completed,2024-04-06 22:00:00,online
1209,54,77,3,5,mobile,refunded,2024-10-18 04:00:00,online
1210,369,28,3,0,web,completed,2024-09-19 14:00:00,online
1211,491,36,5,5,web,completed,2024-05-02 08:00:00,
1212,488,51,5,10,web,cancelled,2024-08-26 12:00:00,card
1213,15,71,3,20,,refunded,2024-04-16 19:00:00,cash
1214,447,82,5,5,mobile,cancelled,2024-01-06 14:00:00,online
1215,47,59,3,0,web,completed,2024-09-02 03:00:00,online
1216,341,64,3,0,store,cancelled,2024-08-25 08:00:00,card
1217,301,70,3,20,web,completed,2024-01-16 00:00:00,card
1218,51,5,2,0,store,completed,2024-11-01 17:00:00,cash
1219,341,14,4,10,web,completed,2024-02-17 13:00:00,card
1220,264,38,1,15,web,refunded,2024-01-06 13:00:00,
1221,250,75,4,5,web,cancelled,2024-08-09 03:00:00,cash
1222,328,94,2,20,web,cancelled,2024-11-24 04:00:00,online
1223,410,1,4,15,web,completed,2024-12-03 04:00:00,online
1224,166,63,5,0,store,completed,2024-10-15 17:00:00,card
1225,41,82,2,0,web,completed,2024-10-11 16:00:00,card
1226,325,14,2,0,mobile,completed,2024-02-26 12:00:00,card
1227,16,69,4,20,web,refunded,2024-06-03 17:00:00,cash
1228,112,11,4,15,mobile,completed,2024-08-13 01:00:00,card
1229,241,77,2,20,mobile,completed,2024-02-11 14:00:00,online
1230,185,61,2,5,web,refunded,2024-08-25 09:00:00,card
1231,248,54,3,0,mobile,refunded,2024-05-04 09:00:00,card
1232,244,7,2,0,web,completed,2024-11-09 04:00:00,cash
1233,171,31,5,5,web,completed,2024-03-21 02:00:00,cash
1234,10,48,4,0,web,completed,2024-03-02 09:00:00,card
1235,287,51,2,5,web,cancelled,2024-02-03 15:00:00,card
1236,242,39,1,0,mobile,completed,2024-10-05 00:00:00,card
1237,176,22,2,15,mobile,completed,2024-08-12 06:00:00,card
1238,190,28,5,0,store,completed,2024-05-29 10:00:00,card
1239,215,66,5,5,web,completed,2024-03-30 08:00:00,card
1240,57,77,4,0,store,completed,2024-08-11 16:00:00,online
1241,101,72,1,0,web,completed,2024-02-10 02:00:00,card
1242,19,64,5,5,mobile,completed,2024-03-02 04:00:00,card
1243,337,73,1,0,store,refunded,2024-02-12 12:00:00,cash
1244,71,11,1,0,web,completed,2024-01-07 19:00:00,cash
1245,410,83,2,10,mobile,completed,2024-12-04 10:00:00,online
1246,231,27,5,30,web,refunded,2024-07-30 20:00:00,card
1247,317,68,4,10,web,completed,2024-08-28 04:00:00,card
1248,438,40,2,0,mobile,completed,2024-03-03 07:00:00,cash
1249,208,81,5,15,mobile,refunded,2024-03-01 11:00:00,card
1250,154,6,3,10,web,completed,2024-03-08 14:00:00,card
1251,491,97,5,0,web,completed,2024-11-28 01:00:00,cash
1252,156,42,2,15,web,cancelled,2024-09-24 06:00:00,card
1253,466,94,2,0,web,completed,2024-11-05 12:00:00,cash
1254,403,49,3,15,mobile,completed,2024-05-17 12:00:00,card
1255,28,35,5,15,mobile,completed,2024-11-28 15:00:00,card
1256,46,42,1,0,mobile,refunded,2024-05-23 18:00:00,card
1257,291,22,3,0,mobile,cancelled,2024-01-14 07:00:00,card
1258,93,78,1,0,web,cancelled,2024-01-18 06:00:00,online
1259,33,36,2,30,web,completed,2024-04-10 20:00:00,card
1260,225,65,4,0,mobile,completed,2024-10-31 07:00:00,cash
1261,387,81,3,15,mobile,completed,2024-05-04 16:00:00,card
1262,250,67,3,15,web,completed,2024-09-28 15:00:00,online
1263,151,29,2,0,mobile,completed,2024-07-17 04:00:00,cash
1264,282,71,4,0,web,refunded,2024-03-24 01:00:00,card
1265,53,86,5,20,,completed,2024-07-27 09:00:00,cash
1266,213,11,1,30,mobile,completed,2024-03-19 03:00:00,card
1267,159,2,4,30,web,refunded,2024-04-06 13:00:00,card
1268,295,66,5,0,mobile,completed,2024-02-07 22:00:00,card
1269,462,79,3,0,mobile,completed,2024-03-21 19:00:00,card
1270,204,53,5,20,mobile,completed,2024-10-19 10:00:00,card
1271,216,55,5,0,mobile,cancelled,2024-03-24 05:00:00,card
1272,302,27,5,5,,completed,2024-01-12 17:00:00,card
1273,80,9,4,0,mobile,completed,2024-05-01 06:00:00,cash
1274,79,74,3,30,web,completed,2024-05-30 00:00:00,card
1275,206,70,4,5,web,cancelled,2024-12-29 00:00:00,card
1276,150,96,3,10,mobile,completed,2024-10-17 05:00:00,card
1277,456,95,3,5,store,refunded,2024-05-03 22:00:00,cash
1278,161,38,3,5,store,completed,2024-12-20 14:00:00,card
1279,116,15,1,5,mobile,completed,2024-01-30 12:00:00,card
1280,376,24,3,15,web,refunded,2024-10-02 11:00:00,
1281,414,22,5,10,mobile,completed,2024-03-23 16:00:00,card
1282,254,43,2,30,web,completed,2024-10-10 23:00:00,online
1283,51,73,1,20,mobile,refunded,2024-11-17 06:00:00,online
1284,360,89,5,0,,cancelled,2024-04-08 10:00:00,online
1285,204,83,4,10,web,refunded,2024-02-01 08:00:00,
1286,233,99,5,0,web,completed,2024-03-21 18:00:00,card
1287,467,86,1,20,web,cancelled,2024-04-22 09:00:00,card
1288,336,97,5,0,web,completed,2024-10-31 05:00:00,cash
1289,352,68,1,10,mobile,refunded,2024-09-16 07:00:00,card
1290,123,2,4,20,mobile,refunded,2024-10-22 18:00:00,card
1291,244,51,2,0,mobile,completed,2024-04-12 20:00:00,card
1292,243,41,5,0,mobile,completed,2024-02-05 05:00:00,card
1293,243,57,5,0,web,refunded,2024-09-27 04:00:00,card
1294,143,31,5,0,mobile,refunded,2024-06-09 10:00:00,card
1295,38,98,4,15,web,refunded,2024-05-07 05:00:00,cash
1296,490,7,2,0,mobile,cancelled,2024-05-15 20:00:00,online
1297,286,39,1,0,web,cancelled,2024-09-13 05:00:00,card
1298,247,64,1,0,mobile,completed,2024-09-08 07:00:00,online
1299,12,96,5,5,,completed,2024-11-18 05:00:00,online
1300,22,64,2,0,mobile,refunded,2024-05-07 04:00:00,online
1301,388,47,4,0,web,completed,2024-06-16 07:00:00,online
1302,338,29,5,0,web,completed,2024-01-06 23:00:00,
1303,179,31,5,5,mobile,completed,2024-01-27 05:00:00,online
1304,330,13,3,0,store,completed,2024-02-09 19:00:00,card
1305,8,67,1,5,web,completed,2024-03-23 03:00:00,card
1306,447,59,3,10,mobile,completed,2024-02-06 22:00:00,card
1307,204,83,5,0,web,refunded,2024-04-05 11:00:00,online
1308,57,49,4,10,store,cancelled,2024-10-09 02:00:00,card
1309,247,86,2,10,web,completed,2024-10-29 18:00:00,online
1310,385,45,1,0,web,cancelled,2024-01-26 06:00:00,online
1311,477,33,3,0,mobile,completed,2024-06-11 14:00:00,cash
1312,380,82,1,0,store,completed,2024-04-23 01:00:00,cash
1313,88,98,3,0,mobile,cancelled,2024-06-24 03:00:00,card
1314,390,3,2,10,store,completed,2024-04-14 00:00:00,card
1315,130,43,5,0,web,completed,2024-03-06 22:00:00,card
1316,379,83,1,0,web,cancelled,2024-10-03 20:00:00,card
1317,113,69,1,10,web,completed,2024-02-21 03:00:00,online
1318,345,42,4,10,mobile,cancelled,2024-02-10 21:00:00,online
1319,29,59,5,0,web,cancelled,2024-02-25 23:00:00,cash
1320,276,52,1,0,mobile,completed,2024-08-01 15:00:00,online
1321,347,4,4,5,mobile,completed,2024-12-05 15:00:00,card
1322,88,59,1,0,store,completed,2024-09-08 04:00:00,online
1323,348,87,5,20,mobile,completed,2024-12-03 00:00:00,card
1324,78,40,3,0,store,completed,2024-12-25 03:00:00,card
1325,7,71,3,5,web,cancelled,2024-03-17 22:00:00,online
1326,25,84,2,0,store,cancelled,2024-08-06 15:00:00,card
1327,256,61,3,0,web,cancelled,2024-10-15 13:00:00,card
1328,371,20,5,0,web,completed,2024-08-21 18:00:00,online
1329,232,97,1,0,web,completed,2024-03-20 00:00:00,
1330,40,93,3,0,web,cancelled,2024-01-26 02:00:00,card
1331,337,68,2,5,web,completed,2024-04-10 04:00:00,cash
1332,314,77,2,0,store,refunded,2024-03-25 19:00:00,card
1333,168,69,1,0,web,cancelled,2024-08-26 11:00:00,card
1334,447,54,4,0,mobile,cancelled,2024-05-03 17:00:00,online
1335,190,12,3,0,web,cancelled,2024-04-06 16:00:00,card
1336,170,100,4,0,store,completed,2024-06-16 17:00:00,online
1337,286,79,4,15,mobile,completed,2024-09-29 20:00:00,card
1338,162,51,3,5,mobile,completed,2024-06-06 13:00:00,card
1339,475,24,2,5,mobile,cancelled,2024-02-08 08:00:00,
1340,420,14,1,0,mobile,completed,2024-05-26 11:00:00,card
1341,149,44,2,15,mobile,completed,2024-10-27 13:00:00,
1342,274,77,3,5,web,cancelled,2024-05-09 21:00:00,card
1343,72,98,5,5,mobile,cancelled,2024-12-20 22:00:00,card
1344,469,7,1,10,web,cancelled,2024-05-06 22:00:00,online
1345,477,94,2,5,mobile,completed,2024-03-31 23:00:00,cash
1346,480,17,4,0,web,completed,2024-04-17 15:00:00,card
1347,83,26,3,10,web,completed,2024-07-13 00:00:00,cash
1348,248,2,4,0,mobile,cancelled,2024-08-07 06:00:00,card
1349,308,10,2,10,web,cancelled,2024-12-18 04:00:00,cash
1350,447,5,3,0,web,completed,2024-04-14 10:00:00,card
1351,499,6,5,0,mobile,refunded,2024-07-28 01:00:00,online
1352,178,4,4,15,web,cancelled,2024-02-07 18:00:00,cash
1353,428,5,4,0,web,cancelled,2024-11-28 08:00:00,cash
1354,408,8,1,0,mobile,completed,2024-08-29 04:00:00,card
1355,151,9,3,20,web,refunded,2024-11-15 06:00:00,card
1356,112,80,1,0,mobile,completed,2024-05-10 19:00:00,online
1357,278,76,3,20,store,cancelled,2024-05-12 02:00:00,cash
1358,410,44,2,5,web,completed,2024-05-25 05:00:00,cash
1359,202,13,4,5,web,refunded,2024-11-04 07:00:00,card
1360,20,56,3,0,mobile,cancelled,2024-02-16 01:00:00,online
1361,31,72,5,30,web,refunded,2024-06-20 15:00:00,card
1362,29,87,2,15,mobile,completed,2024-06-29 19:00:00,cash
1363,280,3,5,5,web,completed,2024-04-04 08:00:00,cash
1364,25,67,4,5,web,cancelled,2024-08-24 04:00:00,cash
1365,223,50,2,20,web,completed,2024-02-09 18:00:00,
1366,175,24,5,10,web,refunded,2024-12-10 23:00:00,online
1367,172,65,3,0,mobile,refunded,2024-09-22 16:00:00,card
1368,243,99,4,0,mobile,completed,2024-02-14 11:00:00,card
1369,360,43,2,5,web,completed,2024-07-26 05:00:00,online
1370,291,44,1,10,web,completed,2024-12-06 15:00:00,online
1371,180,66,5,0,mobile,completed,2024-10-30 10:00:00,card
1372,398,57,5,5,web,cancelled,2024-05-17 22:00:00,cash
1373,90,32,2,0,web,completed,2024-03-13 21:00:00,card
1374,273,24,4,0,web,completed,2024-04-26 23:00:00,card
1375,210,32,5,0,web,completed,2024-10-26 19:00:00,
1376,295,23,1,15,mobile,completed,2024-07-02 01:00:00,card
1377,17,65,5,15,mobile,cancelled,2024-04-10 08:00:00,cash
1378,335,13,4,20,web,refunded,2024-02-12 08:00:00,online
1379,219,86,2,15,mobile,completed,2024-10-22 23:00:00,cash
1380,201,64,4,0,web,completed,2024-10-06 02:00:00,card
1381,298,18,5,0,web,completed,2024-06-04 07:00:00,cash
1382,209,29,3,0,web,refunded,2024-12-12 06:00:00,online
1383,55,84,3,0,web,completed,2024-10-26 06:00:00,cash
1384,44,54,2,15,mobile,cancelled,2024-03-02 02:00:00,card
1385,262,83,2,5,web,refunded,2024-01-06 23:00:00,online
1386,105,76,3,0,web,completed,2024-10-28 12:00:00,online
1387,379,98,3,0,mobile,completed,2024-05-22 18:00:00,card
1388,20,23,4,10,mobile,completed,2024-04-17 09:00:00,online
1389,242,41,5,0,web,refunded,2024-04-08 07:00:00,card
1390,397,52,2,5,store,completed,2024-02-02 01:00:00,card
1391,358,47,3,15,mobile,completed,2024-10-04 02:00:00,card
1392,61,20,5,5,web,completed,2024-09-15 11:00:00,card
1393,454,41,4,0,web,completed,2024-02-15 08:00:00,card
1394,366,50,5,10,web,completed,2024-05-30 02:00:00,card
1395,341,88,2,15,web,refunded,2024-09-21 14:00:00,online
1396,287,25,4,5,mobile,refunded,2024-07-05 14:00:00,card
1397,459,47,2,0,web,completed,2024-10-08 01:00:00,online
1398,23,16,2,20,web,completed,2024-02-05 11:00:00,online
1399,138,39,2,0,web,refunded,2024-02-06 15:00:00,online
1400,76,32,4,5,web,cancelled,2024-04-13 22:00:00,cash
1401,26,4,5,20,web,cancelled,2024-08-08 04:00:00,card
1402,318,11,4,20,store,completed,2024-04-19 04:00:00,card
1403,316,47,5,20,mobile,completed,2024-01-18 15:00:00,cash
1404,325,78,5,0,web,completed,2024-12-12 02:00:00,online
1405,359,75,3,0,web,completed,2024-12-28 22:00:00,card
1406,75,85,2,0,mobile,completed,2024-12-24 11:00:00,card
1407,318,9,1,30,web,cancelled,2024-05-24 02:00:00,card
1408,110,61,4,0,store,cancelled,2024-09-06 11:00:00,card
1409,37,71,5,20,web,refunded,2024-10-01 01:00:00,cash
1410,1,84,1,0,web,refunded,2024-10-04 12:00:00,online
1411,249,56,5,0,store,completed,2024-06-12 14:00:00,card
1412,95,5,4,10,web,completed,2024-09-10 03:00:00,card
1413,470,93,5,10,,completed,2024-05-03 20:00:00,card
1414,67,68,5,0,mobile,refunded,2024-11-28 13:00:00,cash
1415,293,66,2,15,web,completed,2024-01-16 08:00:00,card
1416,128,93,5,10,store,refunded,2024-09-16 17:00:00,cash
1417,394,43,3,0,mobile,cancelled,2024-08-10 16:00:00,card
1418,384,87,3,15,web,completed,2024-11-01 13:00:00,card
1419,247,17,2,0,mobile,cancelled,2024-07-08 17:00:00,card
1420,104,26,2,0,web,refunded,2024-07-21 21:00:00,card
1421,403,15,5,10,web,completed,2024-02-09 07:00:00,card
1422,30,85,4,15,store,completed,2024-10-24 04:00:00,card
1423,142,94,2,10,web,completed,2024-09-27 12:00:00,card
1424,291,75,3,0,web,completed,2024-11-06 07:00:00,cash
1425,85,97,4,0,mobile,cancelled,2024-02-29 23:00:00,online
1426,422,97,4,0,web,completed,2024-01-04 23:00:00,
1427,232,45,1,5,mobile,completed,2024-05-15 10:00:00,card
1428,163,88,2,0,mobile,completed,2024-02-11 21:00:00,card
1429,50,29,4,30,,cancelled,2024-07-13 11:00:00,cash
1430,195,70,2,0,store,refunded,2024-12-07 06:00:00,cash
1431,221,22,5,0,mobile,completed,2024-02-20 20:00:00,card
1432,374,23,4,0,web,completed,2024-01-31 20:00:00,card
1433,276,73,1,0,mobile,cancelled,2024-05-12 07:00:00,card
1434,63,24,3,10,mobile,cancelled,2024-09-01 12:00:00,online
1435,194,11,3,15,mobile,refunded,2024-12-05 19:00:00,cash
1436,275,13,3,5,mobile,refunded,2024-01-10 01:00:00,
1437,32,18,1,0,web,refunded,2024-06-09 10:00:00,card
1438,275,31,4,0,web,completed,2024-09-19 00:00:00,card
1439,170,86,2,0,store,refunded,2024-06-28 13:00:00,card
1440,475,77,5,15,mobile,completed,2024-04-13 08:00:00,card
1441,94,56,2,10,mobile,refunded,2024-10-14 04:00:00,
1442,466,84,4,0,web,completed,2024-01-04 09:00:00,cash
1443,181,75,2,30,web,completed,2024-12-27 03:00:00,card
1444,84,33,3,15,web,refunded,2024-09-26 22:00:00,online
1445,427,69,2,5,web,completed,2024-02-02 16:00:00,online
1446,60,36,3,0,web,completed,2024-09-06 02:00:00,cash
1447,212,17,4,0,web,cancelled,2024-05-08 04:00:00,card
1448,359,82,5,5,web,completed,2024-05-10 03:00:00,online
1449,465,21,4,10,store,completed,2024-08-02 09:00:00,cash
1450,167,27,1,10,web,refunded,2024-07-24 20:00:00,card
1451,134,84,5,10,web,completed,2024-06-09 00:00:00,cash
1452,133,74,2,0,web,refunded,2024-12-25 15:00:00,cash
1453,348,62,2,15,web,completed,2024-09-21 19:00:00,cash
1454,249,50,4,20,web,completed,2024-02-01 22:00:00,card
1455,476,83,2,5,web,refunded,2024-11-17 07:00:00,cash
1456,51,43,2,0,mobile,cancelled,2024-01-02 23:00:00,card
1457,293,4,5,10,mobile,refunded,2024-02-05 21:00:00,card
1458,425,82,1,15,,refunded,2024-06-03 13:00:00,card
1459,92,66,4,0,store,completed,2024-01-24 15:00:00,card
1460,394,14,4,15,web,cancelled,2024-06-08 03:00:00,card
1461,201,70,3,10,web,refunded,2024-03-19 02:00:00,cash
1462,259,47,1,15,store,completed,2024-09-03 18:00:00,card
1463,153,16,1,0,web,completed,2024-11-14 18:00:00,card
1464,412,50,3,0,mobile,completed,2024-09-30 19:00:00,card
1465,445,54,1,0,mobile,completed,2024-06-26 05:00:00,cash
1466,489,75,3,5,web,completed,2024-10-24 03:00:00,online
1467,500,60,5,5,web,cancelled,2024-06-29 17:00:00,
1468,216,16,5,0,store,refunded,2024-09-15 12:00:00,card
1469,486,51,1,15,web,refunded,2024-08-29 21:00:00,card
1470,249,38,2,0,mobile,completed,2024-02-23 13:00:00,card
1471,262,64,5,0,web,completed,2024-07-12 15:00:00,online
1472,147,26,3,0,web,cancelled,2024-07-23 10:00:00,cash
1473,116,52,5,5,mobile,completed,2024-05-26 03:00:00,card
1474,157,17,4,0,store,completed,2024-08-16 03:00:00,online
1475,332,45,3,0,store,completed,2024-11-02 13:00:00,online
1476,144,16,4,0,store,refunded,2024-09-27 06:00:00,card
1477,302,56,4,10,mobile,refunded,2024-05-27 10:00:00,cash
1478,238,73,5,10,web,completed,2024-12-06 10:00:00,card
1479,294,82,4,15,mobile,refunded,2024-11-23 10:00:00,card
1480,313,86,5,10,store,cancelled,2024-06-23 19:00:00,card
1481,116,79,3,5,store,refunded,2024-08-17 20:00:00,card
1482,132,55,5,0,store,completed,2024-06-08 21:00:00,card
1483,35,32,3,10,web,completed,2024-09-20 22:00:00,cash
1484,478,40,1,0,web,completed,2024-01-01 21:00:00,online
1485,92,90,2,0,mobile,completed,2024-09-13 09:00:00,cash
1486,261,77,3,0,mobile,completed,2024-08-27 00:00:00,card
1487,160,45,1,0,web,completed,2024-01-12 15:00:00,online
1488,240,55,4,0,mobile,completed,2024-06-27 18:00:00,cash
1489,454,31,4,0,web,completed,2024-02-26 20:00:00,card
1490,42,97,1,5,web,refunded,2024-01-28 04:00:00,card
1491,326,87,3,20,web,cancelled,2024-08-02 23:00:00,online
1492,81,85,3,10,web,refunded,2024-10-21 06:00:00,online
1493,453,50,5,0,web,cancelled,2024-10-01 07:00:00,online
1494,151,48,1,10,web,completed,2024-02-03 08:00:00,card
1495,279,94,2,0,mobile,completed,2024-12-17 00:00:00,online
1496,330,99,3,5,web,completed,2024-11-20 01:00:00,online
1497,439,90,5,10,mobile,completed,2024-06-03 20:00:00,card
1498,357,7,5,10,store,completed,2024-09-02 17:00:00,
1499,231,42,3,5,mobile,completed,2024-05-26 01:00:00,cash
1500,294,62,5,0,mobile,completed,2024-01-02 22:00:00,online
1501,88,21,3,0,web,completed,2024-07-26 07:00:00,cash
1502,197,41,2,0,web,completed,2024-01-16 15:00:00,card
1503,464,72,2,5,store,completed,2024-08-26 14:00:00,card
1504,383,49,2,0,web,completed,2024-12-14 03:00:00,card
1505,245,98,3,0,mobile,completed,2024-12-17 20:00:00,online
1506,441,12,1,10,web,completed,2024-06-23 23:00:00,online
1507,485,68,5,0,mobile,completed,2024-11-10 23:00:00,card
1508,474,23,1,15,mobile,cancelled,2024-09-15 22:00:00,card
1509,54,8,4,0,web,completed,2024-04-18 04:00:00,card
1510,325,73,3,20,,completed,2024-07-03 15:00:00,online
1511,29,23,3,10,web,refunded,2024-02-09 14:00:00,online
1512,500,51,3,0,mobile,cancelled,2024-03-17 11:00:00,cash
1513,478,22,3,0,web,refunded,2024-02-18 06:00:00,card
1514,77,9,3,5,web,completed,2024-12-16 20:00:00,online
1515,6,49,5,10,web,refunded,2024-05-13 17:00:00,cash
1516,162,34,1,0,web,completed,2024-11-21 21:00:00,online
1517,134,75,1,0,web,completed,2024-10-16 11:00:00,card
1518,360,5,1,10,web,cancelled,2024-09-13 11:00:00,card
1519,374,19,2,0,mobile,completed,2024-02-12 01:00:00,card
1520,447,52,3,5,web,cancelled,2024-01-09 08:00:00,card
1521,82,77,4,10,store,refunded,2024-04-07 14:00:00,card
1522,228,47,3,0,mobile,completed,2024-03-14 16:00:00,online
1523,417,99,4,20,,completed,2024-04-28 10:00:00,card
1524,62,42,3,0,mobile,completed,2024-10-30 06:00:00,card
1525,121,11,3,0,web,completed,2024-01-21 16:00:00,card
1526,322,37,1,0,web,completed,2024-03-22 18:00:00,cash
1527,220,87,5,15,store,refunded,2024-03-06 14:00:00,online
1528,160,50,5,0,store,completed,2024-03-25 14:00:00,card
1529,436,35,3,5,mobile,completed,2024-04-20 12:00:00,
1530,248,36,2,5,web,completed,2024-12-17 07:00:00,online
1531,151,86,1,0,store,completed,2024-02-26 02:00:00,online
1532,456,99,2,0,store,completed,2024-04-06 04:00:00,card
1533,63,9,4,0,web,completed,2024-08-27 06:00:00,online
1534,133,31,2,0,web,refunded,2024-05-06 10:00:00,cash
1535,418,93,3,5,mobile,refunded,2024-05-02 03:00:00,online
1536,208,88,5,20,mobile,completed,2024-01-08 05:00:00,online
1537,452,87,4,10,store,completed,2024-07-22 10:00:00,card
1538,440,73,3,20,mobile,completed,2024-04-11 11:00:00,card
1539,222,78,1,5,web,completed,2024-12-21 22:00:00,cash
1540,484,50,5,0,web,completed,2024-01-13 08:00:00,
1541,416,56,2,0,mobile,completed,2024-12-22 17:00:00,cash
1542,483,97,5,10,mobile,completed,2024-07-29 06:00:00,online
1543,389,4,1,0,store,completed,2024-04-10 05:00:00,cash
1544,250,25,1,0,web,completed,2024-08-07 20:00:00,cash
1545,454,38,4,5,mobile,completed,2024-08-05 09:00:00,online
1546,434,60,3,20,web,completed,2024-03-28 23:00:00,online
1547,438,54,5,10,web,completed,2024-03-03 13:00:00,card
1548,307,65,1,20,mobile,completed,2024-04-30 01:00:00,card
1549,466,44,4,5,mobile,refunded,2024-08-26 15:00:00,card
1550,368,83,1,0,store,completed,2024-08-23 09:00:00,card
1551,230,24,4,10,web,completed,2024-12-28 21:00:00,cash
1552,320,26,2,20,mobile,completed,2024-07-19 07:00:00,
1553,4,63,4,5,store,completed,2024-08-28 10:00:00,card
1554,342,45,3,30,mobile,refunded,2024-11-05 20:00:00,card
1555,113,12,1,0,mobile,completed,2024-06-09 20:00:00,cash
1556,389,68,1,0,mobile,completed,2024-03-19 06:00:00,online
1557,400,61,3,30,web,refunded,2024-04-23 16:00:00,card
1558,139,45,5,0,web,completed,2024-04-29 19:00:00,cash
1559,20,57,1,30,web,completed,2024-08-08 05:00:00,card
1560,438,89,3,0,store,cancelled,2024-10-23 06:00:00,card
1561,415,44,5,0,web,completed,2024-02-08 01:00:00,card
1562,418,49,4,0,web,completed,2024-02-06 08:00:00,online
1563,85,69,1,15,store,completed,2024-07-10 23:00:00,cash
1564,402,64,4,0,web,refunded,2024-05-25 17:00:00,online
1565,59,45,5,0,mobile,refunded,2024-01-20 22:00:00,cash
1566,436,45,2,5,mobile,completed,2024-12-15 14:00:00,card
1567,84,44,4,15,mobile,cancelled,2024-03-25 07:00:00,card
1568,365,64,1,0,web,refunded,2024-03-14 05:00:00,card
1569,148,44,5,0,store,refunded,2024-11-11 11:00:00,online
1570,467,81,3,0,web,completed,2024-02-05 04:00:00,cash
1571,429,81,4,0,mobile,cancelled,2024-11-09 19:00:00,card
1572,223,91,1,15,web,completed,2024-10-18 06:00:00,card
1573,62,93,4,15,mobile,completed,2024-11-07 23:00:00,card
1574,388,7,4,0,web,refunded,2024-07-12 04:00:00,online
1575,329,80,4,20,web,completed,2024-03-02 05:00:00,online
1576,146,6,5,0,web,completed,2024-07-16 20:00:00,card
1577,223,64,2,15,mobile,completed,2024-03-16 09:00:00,card
1578,246,49,4,0,mobile,completed,2024-05-14 06:00:00,online
1579,355,72,4,0,,completed,2024-07-10 11:00:00,online
1580,105,55,5,5,store,cancelled,2024-10-23 17:00:00,
1581,99,87,5,5,web,completed,2024-08-05 09:00:00,card
1582,426,7,4,20,mobile,completed,2024-02-21 12:00:00,card
1583,123,47,5,0,web,refunded,2024-07-28 18:00:00,card
1584,214,3,4,0,web,refunded,2024-01-17 21:00:00,online
1585,369,89,1,0,web,completed,2024-01-16 21:00:00,card
1586,425,88,2,20,mobile,completed,2024-01-02 00:00:00,cash
1587,219,31,4,0,web,refunded,2024-05-02 00:00:00,card
1588,56,34,5,5,web,completed,2024-08-02 23:00:00,online
1589,183,41,4,15,mobile,refunded,2024-10-22 14:00:00,card
1590,287,75,3,20,mobile,cancelled,2024-05-22 20:00:00,card
1591,440,19,5,0,web,refunded,2024-01-08 04:00:00,card
1592,277,5,4,0,store,completed,2024-08-05 19:00:00,card
1593,23,29,2,15,web,completed,2024-07-29 13:00:00,card
1594,432,76,2,20,mobile,completed,2024-06-05 21:00:00,online
1595,344,59,2,0,store,completed,2024-09-16 17:00:00,card
1596,323,49,5,20,web,completed,2024-02-11 07:00:00,cash
1597,58,2,2,0,mobile,refunded,2024-10-14 23:00:00,card
1598,57,69,3,0,mobile,completed,2024-05-01 23:00:00,card
1599,5,98,1,0,web,completed,2024-09-03 03:00:00,card
1600,247,25,1,5,web,completed,2024-01-23 07:00:00,cash
1601,123,69,5,20,,cancelled,2024-12-09 14:00:00,card
1602,116,39,3,10,web,completed,2024-11-10 15:00:00,online
1603,425,77,3,30,mobile,completed,2024-03-15 21:00:00,card
1604,192,63,5,0,store,completed,2024-03-17 04:00:00,card
1605,470,55,2,0,mobile,cancelled,2024-06-22 11:00:00,card
1606,481,8,4,0,store,completed,2024-04-30 11:00:00,cash
1607,12,77,4,30,web,completed,2024-03-25 06:00:00,
1608,274,29,4,0,mobile,completed,2024-10-21 15:00:00,card
1609,438,15,4,0,web,completed,2024-07-03 05:00:00,card
1610,440,76,4,0,mobile,completed,2024-01-08 08:00:00,online
1611,383,96,1,10,mobile,cancelled,2024-09-26 21:00:00,card
1612,448,78,2,0,mobile,completed,2024-03-24 13:00:00,cash
1613,115,58,3,15,store,completed,2024-10-24 22:00:00,card
1614,16,6,2,10,mobile,completed,2024-12-08 07:00:00,card
1615,215,99,2,0,web,completed,2024-03-01 13:00:00,online
1616,477,6,3,0,web,completed,2024-09-30 21:00:00,online
1617,115,16,3,0,web,completed,2024-03-09 08:00:00,online
1618,279,96,2,30,web,completed,2024-09-28 20:00:00,cash
1619,381,81,2,15,mobile,completed,2024-01-21 10:00:00,cash
1620,252,65,4,10,mobile,cancelled,2024-03-31 20:00:00,cash
1621,54,48,1,0,mobile,completed,2024-04-19 02:00:00,card
1622,173,68,1,0,web,completed,2024-03-18 09:00:00,card
1623,29,29,1,5,mobile,completed,2024-09-25 03:00:00,card
1624,478,14,1,5,web,completed,2024-06-03 23:00:00,cash
1625,404,61,5,0,store,completed,2024-09-14 16:00:00,card
1626,141,43,4,0,mobile,completed,2024-04-11 04:00:00,cash
1627,358,32,5,0,,completed,2024-06-28 02:00:00,card
1628,266,29,1,0,web,completed,2024-06-04 11:00:00,cash
1629,496,72,5,5,web,completed,2024-10-07 17:00:00,online
1630,462,24,2,5,mobile,completed,2024-04-03 09:00:00,card
1631,277,51,3,20,mobile,completed,2024-03-17 11:00:00,card
1632,157,29,5,0,mobile,completed,2024-05-02 00:00:00,card
1633,23,54,1,0,,cancelled,2024-09-25 12:00:00,
1634,297,10,5,5,store,cancelled,2024-03-28 08:00:00,card
1635,117,100,5,0,store,completed,2024-10-17 02:00:00,card
1636,329,27,2,0,mobile,completed,2024-06-23 17:00:00,online
1637,478,32,5,0,mobile,refunded,2024-09-04 16:00:00,card
1638,113,52,2,0,mobile,completed,2024-09-26 17:00:00,card
1639,6,34,1,10,web,completed,2024-08-16 21:00:00,cash
1640,101,49,3,15,mobile,completed,2024-05-14 00:00:00,cash
1641,75,6,4,20,store,refunded,2024-08-23 02:00:00,
1642,167,48,2,0,mobile,completed,2024-04-28 22:00:00,cash
1643,355,36,3,15,web,refunded,2024-07-30 12:00:00,card
1644,302,89,1,20,mobile,completed,2024-07-15 17:00:00,card
1645,335,65,2,0,web,cancelled,2024-03-21 17:00:00,card
1646,195,59,4,0,mobile,completed,2024-03-31 19:00:00,online
1647,112,68,5,20,web,completed,2024-02-17 13:00:00,card
1648,296,78,3,5,mobile,refunded,2024-07-11 00:00:00,cash
1649,445,31,2,15,web,completed,2024-09-15 02:00:00,card
1650,453,47,3,0,mobile,completed,2024-06-25 12:00:00,card
1651,257,94,3,0,web,completed,2024-03-15 10:00:00,online
1652,78,20,2,0,store,completed,2024-09-13 09:00:00,online
1653,179,80,4,30,web,completed,2024-08-02 12:00:00,cash
1654,97,70,4,5,store,refunded,2024-11-24 12:00:00,card
1655,417,75,4,0,web,refunded,2024-09-27 22:00:00,
1656,269,85,5,0,store,completed,2024-11-03 00:00:00,online
1657,160,65,3,10,web,cancelled,2024-05-14 11:00:00,card
1658,475,77,5,0,store,completed,2024-09-28 03:00:00,cash
1659,55,29,1,0,store,completed,2024-03-05 00:00:00,
1660,453,67,2,0,,completed,2024-09-06 22:00:00,online
1661,78,27,3,0,store,cancelled,2024-10-09 03:00:00,card
1662,232,60,5,0,mobile,completed,2024-02-06 08:00:00,cash
1663,29,62,5,10,web,completed,2024-11-08 05:00:00,card
1664,60,65,5,0,mobile,completed,2024-08-27 10:00:00,card
1665,449,100,1,5,,completed,2024-09-13 04:00:00,
1666,101,49,5,5,mobile,refunded,2024-08-29 06:00:00,
1667,213,2,2,0,mobile,completed,2024-10-04 09:00:00,cash
1668,312,32,4,5,,refunded,2024-09-26 02:00:00,online
1669,487,56,2,5,,completed,2024-08-19 23:00:00,cash
1670,467,47,5,0,web,completed,2024-04-04 10:00:00,cash
1671,100,41,4,0,web,completed,2024-11-13 17:00:00,card
1672,75,20,5,0,mobile,completed,2024-11-08 14:00:00,card
1673,383,44,3,10,mobile,completed,2024-01-15 20:00:00,cash
1674,296,52,4,0,store,completed,2024-11-14 02:00:00,card
1675,68,46,5,0,web,completed,2024-10-06 12:00:00,card
1676,72,65,4,0,mobile,refunded,2024-10-11 11:00:00,card
1677,441,89,4,15,mobile,refunded,2024-09-13 15:00:00,online
1678,78,50,3,20,mobile,cancelled,2024-05-22 14:00:00,online
1679,196,68,1,15,web,completed,2024-10-17 00:00:00,card
1680,310,27,5,10,,completed,2024-12-04 19:00:00,card
1681,159,91,5,0,web,refunded,2024-02-26 07:00:00,card
1682,394,45,3,0,web,completed,2024-01-18 19:00:00,cash
1683,297,11,4,20,mobile,completed,2024-03-05 06:00:00,online
1684,337,70,1,0,web,completed,2024-07-12 00:00:00,card
1685,90,78,5,30,web,completed,2024-05-15 03:00:00,cash
1686,273,35,3,0,web,cancelled,2024-10-18 09:00:00,
1687,347,21,1,0,web,completed,2024-11-19 23:00:00,cash
1688,368,14,2,5,web,completed,2024-12-30 17:00:00,card
1689,123,15,1,15,mobile,refunded,2024-02-11 07:00:00,online
1690,443,55,4,0,web,completed,2024-11-06 02:00:00,online
1691,146,1,2,0,mobile,cancelled,2024-12-11 10:00:00,cash
1692,339,74,2,10,web,refunded,2024-07-13 01:00:00,cash
1693,21,73,5,5,store,completed,2024-09-06 11:00:00,card
1694,313,35,1,0,mobile,refunded,2024-12-17 15:00:00,card
1695,124,46,5,30,,refunded,2024-07-25 14:00:00,card
1696,76,24,1,0,mobile,completed,2024-10-04 20:00:00,online
1697,467,16,3,0,mobile,completed,2024-02-11 16:00:00,card
1698,175,6,4,0,web,cancelled,2024-10-22 05:00:00,cash
1699,251,77,1,0,web,completed,2024-10-03 08:00:00,card
1700,119,12,5,10,web,completed,2024-07-07 10:00:00,card
1701,295,54,5,30,web,completed,2024-06-10 08:00:00,online
1702,33,41,5,20,web,completed,2024-07-25 09:00:00,card
1703,167,78,5,5,store,completed,2024-10-27 11:00:00,cash
1704,201,42,1,10,store,completed,2024-07-13 17:00:00,card
1705,311,82,5,15,web,refunded,2024-01-01 13:00:00,online
1706,92,56,3,10,store,completed,2024-08-19 21:00:00,card
1707,5,20,2,15,web,completed,2024-09-27 09:00:00,card
1708,100,56,5,20,store,cancelled,2024-07-09 16:00:00,online
1709,6,26,4,15,mobile,completed,2024-08-28 21:00:00,online
1710,120,81,4,0,web,completed,2024-08-22 12:00:00,card
1711,254,30,1,0,store,refunded,2024-11-13 17:00:00,cash
1712,130,85,3,0,store,completed,2024-11-11 22:00:00,online
1713,43,65,2,0,web,completed,2024-10-18 01:00:00,card
1714,142,2,1,15,web,completed,2024-08-12 04:00:00,card
1715,131,70,4,0,mobile,completed,2024-05-08 03:00:00,cash
1716,458,52,3,20,web,refunded,2024-11-18 04:00:00,card
1717,468,21,5,20,web,completed,2024-02-22 00:00:00,online
1718,283,40,4,5,web,completed,2024-11-24 21:00:00,online
1719,159,71,3,5,web,completed,2024-09-30 12:00:00,card
1720,387,80,1,10,web,completed,2024-08-28 15:00:00,card
1721,414,2,3,0,web,refunded,2024-08-27 21:00:00,cash
1722,197,5,4,30,web,refunded,2024-05-02 02:00:00,card
1723,494,77,5,0,web,cancelled,2024-10-17 02:00:00,online
1724,439,76,4,20,web,completed,2024-01-01 16:00:00,card
1725,290,67,5,0,,completed,2024-04-30 15:00:00,online
1726,241,32,5,5,mobile,cancelled,2024-08-10 05:00:00,online
1727,185,82,5,0,web,cancelled,2024-08-12 09:00:00,card
1728,207,74,1,10,mobile,completed,2024-02-02 00:00:00,card
1729,238,7,5,0,mobile,completed,2024-02-08 10:00:00,card
1730,494,13,1,0,web,completed,2024-12-18 00:00:00,cash
1731,401,100,5,0,store,completed,2024-06-19 19:00:00,
1732,449,34,5,0,web,completed,2024-04-10 22:00:00,card
1733,94,95,1,10,web,refunded,2024-08-22 21:00:00,
1734,293,89,4,0,store,refunded,2024-03-27 13:00:00,cash
1735,274,49,1,15,mobile,completed,2024-10-03 08:00:00,card
1736,9,15,4,15,web,completed,2024-01-05 15:00:00,
1737,268,46,3,0,web,cancelled,2024-07-05 12:00:00,online
1738,35,67,1,0,mobile,completed,2024-05-09 03:00:00,card
1739,343,26,1,10,store,completed,2024-08-04 13:00:00,cash
1740,317,44,2,0,store,completed,2024-05-04 16:00:00,online
1741,287,28,2,0,mobile,completed,2024-08-13 01:00:00,online
1742,434,83,4,0,web,cancelled,2024-07-19 11:00:00,cash
1743,32,77,4,0,mobile,cancelled,2024-05-01 03:00:00,card
1744,80,48,2,0,mobile,completed,2024-03-15 19:00:00,online
1745,157,26,2,15,web,completed,2024-05-21 09:00:00,card
1746,466,82,3,10,web,refunded,2024-07-29 07:00:00,card
1747,430,31,5,30,web,completed,2024-04-15 04:00:00,online
1748,156,64,5,0,web,refunded,2024-04-16 11:00:00,online
1749,209,33,3,0,,completed,2024-01-03 05:00:00,online
1750,187,59,5,0,web,refunded,2024-11-25 01:00:00,online
1751,471,45,1,0,store,completed,2024-08-10 03:00:00,card
1752,43,11,2,5,web,refunded,2024-04-09 02:00:00,card
1753,498,100,1,15,web,completed,2024-06-30 00:00:00,card
1754,14,91,5,0,mobile,completed,2024-08-17 00:00:00,card
1755,220,45,4,20,web,completed,2024-03-18 10:00:00,card
1756,465,15,2,0,,completed,2024-02-12 11:00:00,online
1757,125,27,3,0,web,refunded,2024-06-07 19:00:00,card
1758,250,8,3,5,,completed,2024-08-11 02:00:00,online
1759,337,43,5,0,web,refunded,2024-09-02 03:00:00,online
1760,121,23,1,5,mobile,completed,2024-08-02 23:00:00,card
1761,196,38,2,5,store,completed,2024-07-06 05:00:00,cash
1762,453,34,5,0,mobile,completed,2024-07-24 22:00:00,card
1763,270,68,2,5,web,completed,2024-07-30 06:00:00,card
1764,469,15,3,0,mobile,completed,2024-03-12 14:00:00,
1765,402,69,1,15,mobile,completed,2024-05-26 10:00:00,online
1766,36,87,2,0,store,cancelled,2024-03-11 22:00:00,online
1767,483,61,4,10,store,refunded,2024-08-08 22:00:00,card
1768,412,36,3,0,web,completed,2024-11-12 21:00:00,card
1769,111,71,3,5,mobile,refunded,2024-10-29 19:00:00,card
1770,343,70,5,0,mobile,completed,2024-08-13 06:00:00,card
1771,481,7,5,0,web,refunded,2024-02-02 22:00:00,card
1772,17,66,1,0,web,completed,2024-10-22 15:00:00,card
1773,69,80,2,0,mobile,completed,2024-05-31 15:00:00,card
1774,31,57,2,15,mobile,completed,2024-06-22 21:00:00,card
1775,102,45,5,0,web,completed,2024-09-15 15:00:00,online
1776,389,12,3,0,web,completed,2024-10-06 11:00:00,card
1777,78,28,4,5,web,completed,2024-07-06 20:00:00,online
1778,386,25,4,0,mobile,completed,2024-09-11 21:00:00,card
1779,91,57,5,0,web,completed,2024-12-03 12:00:00,card
1780,195,92,3,0,web,completed,2024-05-09 18:00:00,online
1781,372,51,2,20,mobile,completed,2024-03-27 05:00:00,online
1782,303,13,1,15,mobile,completed,2024-10-07 00:00:00,cash
1783,483,42,3,0,web,completed,2024-06-28 15:00:00,card
1784,186,14,2,30,mobile,cancelled,2024-10-28 06:00:00,card
1785,334,86,3,5,web,completed,2024-02-04 17:00:00,card
1786,97,35,3,0,mobile,completed,2024-09-26 19:00:00,card
1787,300,95,4,0,web,refunded,2024-10-21 12:00:00,online
1788,120,36,2,0,mobile,refunded,2024-01-11 05:00:00,cash
1789,428,79,5,0,mobile,completed,2024-04-08 06:00:00,cash
1790,337,2,1,5,store,completed,2024-12-21 12:00:00,cash
1791,339,33,1,10,web,refunded,2024-06-20 19:00:00,online
1792,344,62,5,15,mobile,refunded,2024-04-15 14:00:00,card
1793,64,82,4,10,web,completed,2024-07-24 20:00:00,cash
1794,476,13,1,0,web,refunded,2024-07-02 05:00:00,card
1795,454,57,2,20,store,cancelled,2024-04-16 04:00:00,online
1796,299,86,1,0,mobile,completed,2024-09-22 05:00:00,cash
1797,342,85,3,30,,completed,2024-10-30 18:00:00,cash
1798,147,15,3,0,web,cancelled,2024-04-20 18:00:00,card
1799,84,56,4,0,mobile,completed,2024-12-23 05:00:00,card
1800,272,5,5,5,store,completed,2024-06-26 10:00:00,online
1801,347,84,1,0,web,refunded,2024-10-23 23:00:00,card
1802,270,58,1,30,web,cancelled,2024-05-23 04:00:00,cash
1803,404,27,5,5,web,completed,2024-07-09 17:00:00,online
1804,290,69,1,0,web,completed,2024-10-29 22:00:00,card
1805,316,73,3,5,mobile,refunded,2024-07-12 19:00:00,online
1806,276,4,1,10,mobile,refunded,2024-06-23 13:00:00,card
1807,344,46,3,10,web,cancelled,2024-04-03 22:00:00,card
1808,405,1,4,5,web,cancelled,2024-06-15 18:00:00,card
1809,353,80,5,10,web,completed,2024-03-26 02:00:00,
1810,336,85,3,0,mobile,refunded,2024-01-20 14:00:00,online
1811,6,47,2,20,store,completed,2024-05-19 06:00:00,card
1812,213,80,3,0,web,refunded,2024-07-27 15:00:00,card
1813,12,56,2,0,,completed,2024-11-04 14:00:00,online
1814,260,98,5,0,,completed,2024-04-02 01:00:00,card
1815,144,42,5,0,web,completed,2024-02-07 14:00:00,card
1816,377,58,2,0,mobile,completed,2024-02-28 17:00:00,online
1817,170,55,4,20,web,completed,2024-06-26 12:00:00,online
1818,203,17,5,5,mobile,refunded,2024-12-16 05:00:00,online
1819,409,37,4,20,web,completed,2024-07-15 11:00:00,cash
1820,427,32,5,20,web,completed,2024-12-09 02:00:00,cash
1821,319,74,4,15,web,cancelled,2024-07-22 08:00:00,card
1822,242,63,2,0,mobile,completed,2024-12-05 01:00:00,card
1823,377,4,2,20,web,completed,2024-08-04 17:00:00,online
1824,181,3,4,0,web,refunded,2024-11-16 03:00:00,cash
1825,204,59,2,5,mobile,refunded,2024-02-08 22:00:00,card
1826,378,4,4,0,mobile,cancelled,2024-04-15 02:00:00,card
1827,205,46,4,15,store,refunded,2024-12-16 07:00:00,online
1828,192,25,2,0,mobile,refunded,2024-06-14 13:00:00,online
1829,41,26,3,30,web,completed,2024-02-28 07:00:00,card
1830,383,94,2,10,web,completed,2024-09-04 04:00:00,card
1831,356,62,5,10,store,completed,2024-09-14 06:00:00,online
1832,288,79,5,0,web,completed,2024-04-26 21:00:00,card
1833,393,82,1,0,mobile,completed,2024-11-15 16:00:00,online
1834,1,41,2,20,store,completed,2024-03-04 21:00:00,card
1835,302,32,5,10,mobile,completed,2024-12-11 14:00:00,card
1836,446,10,2,20,mobile,refunded,2024-08-13 08:00:00,cash
1837,435,13,2,0,store,completed,2024-10-06 09:00:00,card
1838,452,86,1,0,web,cancelled,2024-06-18 06:00:00,card
1839,195,55,1,0,mobile,completed,2024-10-18 19:00:00,cash
1840,485,17,3,10,mobile,completed,2024-11-15 09:00:00,online
1841,201,89,3,10,web,completed,2024-05-18 00:00:00,card
1842,421,88,3,20,mobile,completed,2024-01-20 12:00:00,card
1843,196,26,2,10,web,completed,2024-03-02 16:00:00,card
1844,363,84,5,10,mobile,completed,2024-04-27 09:00:00,cash
1845,347,12,5,0,web,completed,2024-08-22 16:00:00,card
1846,58,33,5,0,store,completed,2024-01-21 09:00:00,online
1847,319,73,3,15,web,completed,2024-12-12 06:00:00,cash
1848,234,2,5,20,web,cancelled,2024-04-13 05:00:00,cash
1849,325,35,2,0,web,completed,2024-12-15 22:00:00,card
1850,203,56,1,0,mobile,completed,2024-02-07 07:00:00,cash
1851,448,71,2,0,web,completed,2024-08-12 03:00:00,online
1852,51,47,4,0,web,completed,2024-10-02 04:00:00,online
1853,367,82,5,0,,refunded,2024-10-27 17:00:00,online
1854,496,80,2,0,web,refunded,2024-01-30 10:00:00,card
1855,442,80,5,0,mobile,cancelled,2024-02-29 12:00:00,cash
1856,455,8,4,0,store,refunded,2024-10-31 11:00:00,cash
1857,33,56,1,20,web,refunded,2024-07-01 02:00:00,cash
1858,171,20,5,0,store,completed,2024-10-27 13:00:00,cash
1859,316,49,1,0,store,completed,2024-07-13 16:00:00,cash
1860,64,54,5,0,mobile,completed,2024-04-07 22:00:00,card
1861,24,82,3,10,web,refunded,2024-10-06 12:00:00,cash
1862,419,21,4,0,web,refunded,2024-01-29 08:00:00,online
1863,293,2,4,15,,cancelled,2024-10-14 17:00:00,card
1864,435,2,3,0,web,cancelled,2024-10-16 10:00:00,cash
1865,496,17,1,5,mobile,cancelled,2024-12-30 20:00:00,card
1866,384,86,4,10,web,refunded,2024-06-26 18:00:00,online
1867,174,86,4,15,web,completed,2024-02-22 09:00:00,card
1868,459,87,2,20,mobile,completed,2024-09-16 18:00:00,cash
1869,392,76,4,5,,completed,2024-01-12 19:00:00,card
1870,230,7,5,15,web,completed,2024-03-17 03:00:00,card
1871,54,100,3,0,mobile,completed,2024-04-10 12:00:00,online
1872,247,20,1,0,web,refunded,2024-04-22 14:00:00,online
1873,310,50,5,10,mobile,cancelled,2024-09-10 04:00:00,card
1874,164,4,3,5,store,completed,2024-01-25 15:00:00,card
1875,194,13,1,0,store,completed,2024-10-08 00:00:00,cash
1876,201,8,4,10,web,completed,2024-03-08 21:00:00,online
1877,198,78,5,5,mobile,completed,2024-09-30 20:00:00,cash
1878,286,57,5,0,web,completed,2024-07-09 00:00:00,online
1879,331,73,4,30,web,refunded,2024-04-25 08:00:00,card
1880,470,75,1,20,mobile,completed,2024-05-08 06:00:00,
1881,27,52,2,0,mobile,cancelled,2024-11-26 05:00:00,cash
1882,87,99,3,5,store,completed,2024-04-16 00:00:00,online
1883,100,92,1,15,,completed,2024-06-28 15:00:00,
1884,389,15,1,15,web,completed,2024-07-31 09:00:00,card
1885,478,63,1,5,web,completed,2024-05-14 06:00:00,online
1886,353,26,3,30,mobile,completed,2024-02-10 00:00:00,card
1887,44,45,3,10,web,cancelled,2024-03-15 10:00:00,card
1888,282,60,2,20,mobile,refunded,2024-09-30 16:00:00,card
1889,497,18,3,5,web,cancelled,2024-09-03 07:00:00,card
1890,19,95,5,10,web,completed,2024-03-15 06:00:00,cash
1891,411,48,3,10,web,refunded,2024-06-22 12:00:00,online
1892,371,35,3,0,mobile,completed,2024-06-07 12:00:00,card
1893,146,51,3,0,web,completed,2024-12-06 02:00:00,online
1894,345,84,3,10,mobile,completed,2024-10-02 01:00:00,
1895,332,32,4,0,web,refunded,2024-08-05 03:00:00,
1896,441,61,4,15,store,cancelled,2024-03-02 15:00:00,card
1897,235,52,5,10,mobile,cancelled,2024-02-09 06:00:00,card
1898,176,22,2,30,mobile,completed,2024-12-30 12:00:00,cash
1899,36,69,2,0,web,refunded,2024-06-06 23:00:00,cash
1900,193,100,3,5,web,completed,2024-01-21 14:00:00,card
1901,499,72,5,10,store,completed,2024-06-02 16:00:00,card
1902,88,71,4,0,,completed,2024-03-06 12:00:00,
1903,457,36,3,0,store,completed,2024-02-13 07:00:00,cash
1904,242,54,2,0,mobile,completed,2024-03-23 19:00:00,cash
1905,294,46,5,10,web,completed,2024-01-21 23:00:00,card
1906,17,18,3,10,mobile,completed,2024-11-27 12:00:00,online
1907,206,31,5,5,web,completed,2024-11-22 07:00:00,online
1908,179,58,3,0,web,completed,2024-04-03 18:00:00,online
1909,445,90,4,0,store,completed,2024-04-16 03:00:00,cash
1910,152,18,3,0,web,refunded,2024-09-28 09:00:00,card
1911,375,4,1,0,mobile,completed,2024-05-09 03:00:00,card
1912,151,27,2,10,web,completed,2024-08-16 17:00:00,card
1913,106,79,2,10,web,refunded,2024-03-21 21:00:00,online
1914,128,53,2,0,mobile,completed,2024-04-19 18:00:00,online
1915,174,78,2,5,web,completed,2024-12-29 05:00:00,online
1916,9,37,3,0,store,cancelled,2024-12-27 15:00:00,card
1917,348,7,4,15,web,completed,2024-02-03 21:00:00,cash
1918,110,56,5,0,web,completed,2024-05-06 11:00:00,online
1919,48,93,5,10,web,completed,2024-10-02 14:00:00,online
1920,54,66,3,0,web,cancelled,2024-03-01 01:00:00,card
1921,457,35,3,10,mobile,completed,2024-11-12 22:00:00,card
1922,9,25,2,5,web,completed,2024-03-09 13:00:00,online
1923,70,79,5,0,web,completed,2024-10-29 13:00:00,card
1924,323,95,3,10,web,completed,2024-03-19 20:00:00,card
1925,456,32,5,15,web,completed,2024-11-27 01:00:00,online
1926,172,51,5,5,web,completed,2024-04-27 23:00:00,card
1927,67,92,1,0,mobile,cancelled,2024-08-20 07:00:00,card
1928,141,55,5,0,web,cancelled,2024-02-10 13:00:00,card
1929,97,77,5,0,web,completed,2024-08-08 04:00:00,card
1930,291,93,2,0,web,completed,2024-06-24 22:00:00,card
1931,251,66,5,10,web,completed,2024-12-21 17:00:00,card
1932,124,55,2,0,web,completed,2024-06-15 02:00:00,cash
1933,265,8,5,0,web,completed,2024-01-24 22:00:00,card
1934,395,80,1,15,web,completed,2024-11-11 11:00:00,cash
1935,321,27,5,5,mobile,cancelled,2024-05-17 07:00:00,card
1936,238,81,5,10,mobile,completed,2024-04-02 10:00:00,online
1937,192,52,2,0,mobile,cancelled,2024-07-18 11:00:00,card
1938,373,44,5,15,store,completed,2024-03-21 11:00:00,card
1939,232,55,5,30,web,cancelled,2024-12-10 06:00:00,online
1940,218,74,5,0,,cancelled,2024-05-19 21:00:00,cash
1941,266,40,1,0,web,completed,2024-07-16 07:00:00,card
1942,201,29,1,10,store,refunded,2024-06-01 21:00:00,cash
1943,176,37,2,0,web,completed,2024-01-31 20:00:00,
1944,467,99,1,0,mobile,completed,2024-06-06 06:00:00,cash
1945,325,58,1,20,mobile,completed,2024-03-19 18:00:00,cash
1946,494,60,3,0,web,refunded,2024-09-17 15:00:00,card
1947,3,53,5,10,mobile,completed,2024-06-28 20:00:00,card
1948,342,56,5,15,store,cancelled,2024-08-13 02:00:00,card
1949,478,56,2,5,web,completed,2024-12-13 21:00:00,cash
1950,339,2,5,0,web,completed,2024-02-14 20:00:00,
1951,114,31,3,20,web,completed,2024-02-29 04:00:00,card
1952,302,97,4,5,store,completed,2024-12-30 22:00:00,online
1953,499,68,4,0,web,completed,2024-03-04 19:00:00,card
1954,290,40,5,5,,cancelled,2024-10-24 06:00:00,online
1955,299,21,4,15,mobile,completed,2024-04-11 17:00:00,online
1956,266,52,1,20,mobile,refunded,2024-04-04 23:00:00,cash
1957,486,55,5,0,web,completed,2024-03-16 22:00:00,card
1958,226,75,2,10,web,completed,2024-11-17 15:00:00,online
1959,199,34,5,20,mobile,refunded,2024-03-08 07:00:00,cash
1960,415,58,1,0,mobile,completed,2024-03-17 15:00:00,online
1961,383,1,4,0,web,completed,2024-07-25 03:00:00,online
1962,265,41,5,30,web,cancelled,2024-10-23 00:00:00,card
1963,431,88,2,0,mobile,completed,2024-07-28 05:00:00,card
1964,107,18,5,0,store,refunded,2024-08-15 05:00:00,
1965,327,67,2,15,web,completed,2024-07-28 03:00:00,card
1966,463,60,3,10,,cancelled,2024-12-20 15:00:00,cash
1967,496,90,5,15,mobile,cancelled,2024-11-22 13:00:00,online
1968,150,66,4,0,mobile,completed,2024-06-21 03:00:00,cash
1969,145,17,2,5,mobile,completed,2024-03-06 08:00:00,online
1970,135,54,1,0,mobile,completed,2024-07-03 14:00:00,online
1971,303,45,1,20,store,cancelled,2024-05-28 15:00:00,online
1972,301,49,5,10,mobile,completed,2024-09-02 02:00:00,online
1973,94,42,1,5,web,refunded,2024-06-01 15:00:00,online
1974,208,7,3,10,web,completed,2024-08-30 00:00:00,card
1975,166,67,5,0,web,completed,2024-09-24 19:00:00,cash
1976,333,67,1,10,web,cancelled,2024-10-15 11:00:00,card
1977,420,89,5,0,store,refunded,2024-02-02 07:00:00,card
1978,39,10,5,5,web,completed,2024-06-15 16:00:00,card
1979,187,79,2,0,mobile,completed,2024-10-29 09:00:00,card
1980,116,68,5,0,web,cancelled,2024-06-26 17:00:00,online
1981,354,46,4,0,web,completed,2024-05-22 16:00:00,cash
1982,382,36,4,5,web,refunded,2024-10-11 07:00:00,cash
1983,194,80,2,15,mobile,completed,2024-03-16 22:00:00,online
1984,447,95,5,10,mobile,completed,2024-08-04 11:00:00,card
1985,283,31,3,20,web,completed,2024-02-11 17:00:00,
1986,201,21,5,0,web,completed,2024-05-31 17:00:00,card
1987,268,55,3,0,web,cancelled,2024-09-01 10:00:00,cash
1988,324,19,3,20,store,cancelled,2024-07-14 20:00:00,card
1989,44,4,1,0,web,refunded,2024-04-13 23:00:00,online
1990,482,93,1,5,web,completed,2024-12-19 11:00:00,
1991,325,27,3,0,store,cancelled,2024-07-19 03:00:00,cash
1992,145,38,3,0,web,completed,2024-05-13 14:00:00,online
1993,419,70,5,15,web,completed,2024-12-10 18:00:00,card
1994,263,59,5,0,store,cancelled,2024-09-20 08:00:00,card
1995,168,36,1,0,mobile,completed,2024-04-19 20:00:00,card
1996,480,7,4,5,mobile,completed,2024-09-07 21:00:00,online
1997,25,36,1,0,web,completed,2024-04-29 12:00:00,card
1998,259,96,4,0,mobile,completed,2024-05-03 16:00:00,card
1999,315,66,3,30,mobile,cancelled,2024-06-24 21:00:00,card
2000,381,31,2,10,web,completed,2024-02-19 01:00:00,card
2001,365,93,1,0,mobile,completed,2024-12-08 14:00:00,online
2002,35,2,3,5,store,completed,2024-07-12 08:00:00,card
2003,388,29,3,30,web,cancelled,2024-01-30 03:00:00,card
2004,441,26,1,5,mobile,refunded,2024-11-05 17:00:00,card
2005,71,83,5,10,mobile,cancelled,2024-01-29 22:00:00,card
2006,203,84,1,0,web,cancelled,2024-03-28 17:00:00,online
2007,453,97,4,20,web,completed,2024-05-18 05:00:00,card
2008,337,11,4,0,store,completed,2024-01-20 01:00:00,card
2009,120,87,3,30,store,cancelled,2024-08-03 23:00:00,online
2010,33,3,3,15,web,completed,2024-12-14 10:00:00,card
2011,270,50,5,0,mobile,completed,2024-06-19 18:00:00,online
2012,203,39,3,0,web,cancelled,2024-06-11 17:00:00,card
2013,422,32,2,0,mobile,refunded,2024-07-28 16:00:00,online
2014,145,87,3,0,store,refunded,2024-06-09 06:00:00,card
2015,206,2,2,0,mobile,cancelled,2024-10-24 03:00:00,card
2016,244,42,4,5,mobile,cancelled,2024-10-11 18:00:00,online
2017,295,93,1,15,web,completed,2024-01-15 18:00:00,online
2018,284,16,1,5,store,completed,2024-11-26 06:00:00,card
2019,100,32,5,0,mobile,completed,2024-05-28 13:00:00,card
2020,216,86,5,15,mobile,completed,2024-05-04 01:00:00,cash
2021,235,99,3,0,store,completed,2024-01-06 17:00:00,cash
2022,476,16,3,0,mobile,completed,2024-07-15 18:00:00,online
2023,8,12,3,0,web,completed,2024-08-18 08:00:00,
2024,167,96,4,0,store,cancelled,2024-11-08 15:00:00,card
2025,72,98,4,20,mobile,completed,2024-02-25 07:00:00,card
2026,300,79,3,0,mobile,completed,2024-07-09 12:00:00,online
2027,340,15,2,20,mobile,completed,2024-10-03 19:00:00,card
2028,220,93,1,20,web,refunded,2024-04-11 00:00:00,online
2029,228,9,1,0,web,refunded,2024-11-26 11:00:00,online
2030,273,40,1,30,mobile,refunded,2024-01-16 01:00:00,card
2031,315,7,1,10,mobile,refunded,2024-10-05 02:00:00,cash
2032,225,2,1,0,mobile,completed,2024-12-20 13:00:00,online
2033,291,1,2,10,web,completed,2024-05-27 05:00:00,cash
2034,280,17,5,0,mobile,completed,2024-01-04 09:00:00,online
2035,71,28,3,10,mobile,completed,2024-02-25 20:00:00,card
2036,360,32,2,20,mobile,refunded,2024-04-11 13:00:00,cash
2037,465,7,2,10,web,refunded,2024-01-04 16:00:00,cash
2038,208,83,5,20,web,completed,2024-01-10 03:00:00,cash
2039,2,81,1,5,mobile,completed,2024-05-12 16:00:00,cash
2040,231,84,1,10,web,completed,2024-06-03 08:00:00,card
2041,457,20,2,0,mobile,completed,2024-11-03 21:00:00,card
2042,93,9,2,0,mobile,refunded,2024-10-15 04:00:00,card
2043,362,24,1,0,mobile,completed,2024-12-28 12:00:00,online
2044,40,69,4,0,web,refunded,2024-10-17 10:00:00,cash
2045,287,56,4,0,web,refunded,2024-05-10 13:00:00,card
2046,250,70,4,5,web,completed,2024-06-21 13:00:00,card
2047,140,35,1,0,,completed,2024-09-15 06:00:00,online
2048,322,35,4,0,web,refunded,2024-12-19 17:00:00,cash
2049,472,75,3,0,web,refunded,2024-06-28 14:00:00,card
2050,301,26,5,0,web,completed,2024-02-16 23:00:00,card
2051,246,4,5,0,web,completed,2024-01-17 08:00:00,card
2052,64,24,2,5,store,cancelled,2024-01-27 07:00:00,cash
2053,297,98,5,0,web,refunded,2024-12-05 00:00:00,cash
2054,450,48,3,30,mobile,refunded,2024-06-06 20:00:00,card
2055,119,84,1,5,web,refunded,2024-11-19 18:00:00,online
2056,87,93,4,0,store,completed,2024-04-11 19:00:00,cash
2057,210,92,5,5,web,cancelled,2024-10-21 18:00:00,online
2058,439,9,4,0,mobile,cancelled,2024-07-16 15:00:00,
2059,8,46,4,15,mobile,completed,2024-01-12 12:00:00,online
2060,203,78,3,5,mobile,refunded,2024-09-23 01:00:00,cash
2061,66,28,1,0,web,completed,2024-03-03 12:00:00,online
2062,159,63,4,5,mobile,cancelled,2024-02-16 08:00:00,card
2063,485,76,5,5,mobile,cancelled,2024-02-28 21:00:00,cash
2064,366,93,1,5,web,completed,2024-11-21 21:00:00,card
2065,13,98,4,0,store,completed,2024-07-29 11:00:00,card
2066,191,87,1,0,web,completed,2024-09-26 18:00:00,online
2067,351,61,4,30,mobile,completed,2024-07-20 03:00:00,card
2068,491,58,1,0,store,cancelled,2024-07-14 12:00:00,online
2069,99,58,5,10,mobile,refunded,2024-03-20 04:00:00,card
2070,174,78,3,15,web,cancelled,2024-07-25 01:00:00,
2071,23,13,1,0,web,completed,2024-06-30 05:00:00,cash
2072,324,68,4,0,,refunded,2024-06-23 19:00:00,online
2073,372,79,2,0,mobile,completed,2024-05-24 04:00:00,online
2074,420,64,5,15,store,completed,2024-09-04 19:00:00,card
2075,457,83,1,15,web,refunded,2024-03-31 06:00:00,card
2076,317,85,2,0,web,cancelled,2024-02-09 17:00:00,
2077,445,46,2,15,mobile,cancelled,2024-11-22 04:00:00,
2078,460,51,3,10,mobile,refunded,2024-01-04 12:00:00,cash
2079,62,78,4,20,mobile,refunded,2024-10-10 22:00:00,cash
2080,343,30,2,20,mobile,completed,2024-04-18 21:00:00,card
2081,225,36,2,0,mobile,refunded,2024-02-12 20:00:00,card
2082,298,8,4,15,mobile,completed,2024-11-10 20:00:00,online
2083,261,20,4,5,web,completed,2024-01-15 07:00:00,card
2084,375,80,5,20,mobile,completed,2024-07-24 03:00:00,card
2085,300,16,1,0,web,completed,2024-07-30 05:00:00,cash
2086,301,68,1,20,web,refunded,2024-12-13 08:00:00,card
2087,339,14,4,0,web,refunded,2024-10-31 00:00:00,cash
2088,312,44,3,10,web,completed,2024-09-05 17:00:00,card
2089,334,27,5,15,mobile,cancelled,2024-04-09 20:00:00,cash
2090,1,21,3,0,web,completed,2024-04-20 04:00:00,card
2091,45,98,2,0,web,completed,2024-09-23 13:00:00,card
2092,92,83,5,0,web,cancelled,2024-07-27 05:00:00,card
2093,313,26,5,30,mobile,refunded,2024-05-03 10:00:00,online
2094,152,60,2,15,mobile,completed,2024-11-08 19:00:00,online
2095,385,91,2,10,web,completed,2024-12-11 20:00:00,cash
2096,210,97,1,0,mobile,completed,2024-02-29 21:00:00,cash
2097,248,74,3,30,store,refunded,2024-05-05 14:00:00,card
2098,175,67,3,0,web,completed,2024-04-07 17:00:00,card
2099,479,87,2,10,web,completed,2024-10-06 02:00:00,card
2100,132,53,2,10,mobile,cancelled,2024-11-20 11:00:00,online
2101,480,2,3,0,web,completed,2024-04-14 12:00:00,online
2102,267,22,5,0,web,cancelled,2024-08-21 03:00:00,card
2103,218,19,1,5,mobile,cancelled,2024-06-02 08:00:00,cash
2104,295,92,4,10,web,completed,2024-10-30 02:00:00,online
2105,458,13,3,5,web,cancelled,2024-05-30 23:00:00,online
2106,336,65,3,10,web,completed,2024-08-19 01:00:00,card
2107,97,1,1,5,web,completed,2024-12-10 03:00:00,cash
2108,322,20,5,5,web,cancelled,2024-02-13 15:00:00,card
2109,76,44,2,0,web,completed,2024-12-26 06:00:00,online
2110,88,34,2,10,mobile,refunded,2024-05-14 15:00:00,online
2111,5,88,4,5,store,refunded,2024-10-16 15:00:00,online
2112,377,16,2,15,web,completed,2024-03-10 08:00:00,online
2113,226,51,3,0,web,completed,2024-09-21 16:00:00,online
2114,36,24,2,0,mobile,refunded,2024-01-25 10:00:00,online
2115,356,61,1,0,mobile,completed,2024-11-09 18:00:00,cash
2116,306,55,3,5,mobile,completed,2024-08-02 15:00:00,cash
2117,492,60,5,0,mobile,completed,2024-04-23 06:00:00,card
2118,177,98,1,10,store,completed,2024-11-15 20:00:00,card
2119,487,61,1,0,store,completed,2024-06-19 03:00:00,online
2120,365,33,2,10,mobile,completed,2024-07-23 12:00:00,card
2121,428,18,2,0,web,completed,2024-02-10 23:00:00,online
2122,370,12,2,0,mobile,completed,2024-01-23 04:00:00,card
2123,21,59,1,15,mobile,refunded,2024-02-14 17:00:00,cash
2124,259,21,1,5,web,completed,2024-06-18 16:00:00,cash
2125,355,6,3,0,web,refunded,2024-09-20 23:00:00,card
2126,429,70,3,0,web,completed,2024-03-28 12:00:00,card
2127,314,7,1,15,mobile,refunded,2024-04-21 14:00:00,card
2128,449,48,4,5,mobile,completed,2024-04-09 04:00:00,online
2129,78,23,4,0,web,cancelled,2024-10-22 19:00:00,cash
2130,143,62,1,10,web,completed,2024-12-03 16:00:00,cash
2131,363,48,1,30,mobile,completed,2024-10-01 12:00:00,card
2132,350,82,5,10,,completed,2024-11-30 17:00:00,card
2133,272,96,3,0,web,completed,2024-09-14 11:00:00,card
2134,482,92,1,0,web,completed,2024-11-05 12:00:00,online
2135,339,5,2,0,mobile,completed,2024-04-22 08:00:00,card
2136,263,55,2,30,web,completed,2024-12-17 03:00:00,online
2137,475,43,3,0,web,completed,2024-08-30 02:00:00,card
2138,497,38,4,0,store,refunded,2024-10-02 16:00:00,cash
2139,119,79,3,0,web,completed,2024-12-12 22:00:00,online
2140,243,86,2,0,store,cancelled,2024-06-17 13:00:00,card
2141,2,5,3,5,mobile,cancelled,2024-07-22 14:00:00,cash
2142,390,87,3,0,web,completed,2024-10-16 18:00:00,cash
2143,409,73,1,0,web,refunded,2024-09-12 08:00:00,cash
2144,336,18,5,0,mobile,cancelled,2024-10-07 15:00:00,cash
2145,196,4,1,0,web,completed,2024-01-11 10:00:00,online
2146,324,32,3,0,mobile,completed,2024-03-02 21:00:00,online
2147,497,30,4,0,mobile,cancelled,2024-07-25 04:00:00,card
2148,433,34,2,5,,refunded,2024-05-09 10:00:00,card
2149,390,79,4,0,web,completed,2024-02-21 13:00:00,card
2150,195,67,5,0,web,cancelled,2024-07-22 10:00:00,cash
2151,264,77,4,10,store,refunded,2024-11-20 08:00:00,online
2152,363,26,3,10,web,completed,2024-09-10 04:00:00,online
2153,322,74,4,20,mobile,completed,2024-03-23 11:00:00,online
2154,294,62,3,0,web,completed,2024-01-17 19:00:00,online
2155,58,18,2,0,mobile,completed,2024-09-22 07:00:00,online
2156,363,8,5,0,web,completed,2024-04-22 08:00:00,card
2157,377,39,5,10,,completed,2024-01-09 07:00:00,card
2158,228,57,5,5,mobile,completed,2024-09-22 03:00:00,card
2159,320,96,2,0,web,cancelled,2024-05-03 00:00:00,online
2160,225,59,4,0,store,completed,2024-07-07 10:00:00,cash
2161,351,10,3,0,web,refunded,2024-12-11 02:00:00,card
2162,166,39,1,0,web,completed,2024-06-22 14:00:00,online
2163,42,87,1,0,web,completed,2024-05-17 23:00:00,card
2164,11,91,1,15,web,completed,2024-01-04 16:00:00,
2165,405,79,3,0,mobile,refunded,2024-09-28 00:00:00,cash
2166,259,32,2,20,web,completed,2024-06-21 10:00:00,card
2167,385,31,5,0,store,completed,2024-01-21 10:00:00,card
2168,320,75,2,10,mobile,refunded,2024-09-14 09:00:00,online
2169,8,3,3,15,web,completed,2024-10-11 11:00:00,online
2170,250,34,1,15,web,completed,2024-06-05 02:00:00,card
2171,488,56,2,5,mobile,completed,2024-01-03 10:00:00,cash
2172,97,88,2,5,store,completed,2024-05-19 02:00:00,online
2173,363,39,1,30,web,completed,2024-03-12 18:00:00,card
2174,51,19,5,5,mobile,refunded,2024-12-08 15:00:00,cash
2175,62,78,1,30,web,refunded,2024-03-21 23:00:00,card
2176,199,98,1,0,web,refunded,2024-07-04 15:00:00,card
2177,376,45,1,0,store,refunded,2024-07-24 02:00:00,card
2178,252,31,3,0,mobile,completed,2024-02-18 22:00:00,cash
2179,500,89,4,0,store,cancelled,2024-03-30 12:00:00,card
2180,366,24,4,15,web,refunded,2024-05-22 21:00:00,
2181,498,28,5,0,web,completed,2024-04-05 09:00:00,cash
2182,310,2,2,5,mobile,refunded,2024-11-11 00:00:00,card
2183,307,26,5,5,web,completed,2024-11-20 12:00:00,card
2184,99,15,2,30,web,cancelled,2024-07-05 16:00:00,card
2185,20,43,1,15,web,completed,2024-02-04 03:00:00,card
2186,60,33,1,0,store,refunded,2024-03-31 07:00:00,cash
2187,308,69,4,0,mobile,completed,2024-05-31 17:00:00,cash
2188,54,43,1,0,web,completed,2024-04-06 00:00:00,card
2189,243,8,3,0,store,refunded,2024-06-22 17:00:00,cash
2190,257,8,2,20,mobile,completed,2024-04-12 17:00:00,card
2191,330,44,4,0,web,refunded,2024-11-10 13:00:00,cash
2192,344,7,3,0,store,cancelled,2024-04-13 15:00:00,card
2193,381,47,4,0,web,refunded,2024-09-25 23:00:00,online
2194,249,53,2,10,web,cancelled,2024-09-29 04:00:00,card
2195,314,40,4,0,,completed,2024-10-03 14:00:00,
2196,131,90,3,10,web,cancelled,2024-03-25 00:00:00,card
2197,358,25,5,5,store,refunded,2024-01-28 10:00:00,cash
2198,300,81,1,0,store,completed,2024-10-15 14:00:00,online
2199,129,45,3,20,web,completed,2024-03-16 18:00:00,card
2200,470,85,4,0,web,cancelled,2024-04-18 09:00:00,online
2201,471,30,5,5,store,completed,2024-04-15 22:00:00,card
2202,340,70,2,0,web,completed,2024-02-20 00:00:00,card
2203,196,12,1,5,store,completed,2024-09-04 14:00:00,
2204,134,97,3,0,mobile,completed,2024-07-06 15:00:00,online
2205,158,61,2,5,web,completed,2024-05-19 13:00:00,cash
2206,476,48,4,0,web,completed,2024-07-24 23:00:00,card
2207,437,48,4,0,web,completed,2024-05-29 10:00:00,card
2208,190,84,1,0,store,completed,2024-03-25 20:00:00,online
2209,131,44,4,0,web,completed,2024-04-18 11:00:00,card
2210,346,8,5,15,web,completed,2024-03-09 16:00:00,cash
2211,200,73,3,0,web,completed,2024-06-12 11:00:00,online
2212,254,24,2,0,web,completed,2024-08-18 21:00:00,online
2213,281,52,5,10,mobile,refunded,2024-04-04 17:00:00,card
2214,359,26,3,10,web,refunded,2024-04-08 18:00:00,cash
2215,366,5,1,5,store,completed,2024-01-25 03:00:00,
2216,219,13,3,0,mobile,completed,2024-11-12 15:00:00,card
2217,307,7,5,0,store,completed,2024-05-04 02:00:00,card
2218,235,65,4,0,mobile,completed,2024-03-19 19:00:00,online
2219,254,36,4,0,store,cancelled,2024-01-14 11:00:00,card
2220,462,74,2,15,mobile,cancelled,2024-04-29 00:00:00,card
2221,212,64,4,0,store,completed,2024-05-10 03:00:00,cash
2222,67,61,1,10,mobile,cancelled,2024-08-15 08:00:00,card
2223,115,85,4,10,,cancelled,2024-10-18 10:00:00,cash
2224,405,2,5,10,store,completed,2024-10-24 11:00:00,card
2225,430,100,5,15,mobile,cancelled,2024-08-18 16:00:00,
2226,113,71,1,0,store,refunded,2024-09-11 07:00:00,cash
2227,281,97,2,0,web,refunded,2024-10-01 00:00:00,online
2228,15,83,5,0,mobile,completed,2024-05-25 05:00:00,cash
2229,450,63,2,0,web,completed,2024-10-22 12:00:00,online
2230,42,32,2,0,mobile,refunded,2024-09-30 04:00:00,card
2231,204,90,2,0,web,completed,2024-11-22 22:00:00,cash
2232,248,28,3,5,mobile,completed,2024-11-11 12:00:00,cash
2233,386,34,4,5,store,cancelled,2024-05-14 05:00:00,cash
2234,410,34,1,0,web,completed,2024-02-05 23:00:00,card
2235,417,99,3,0,web,cancelled,2024-07-27 11:00:00,cash
2236,405,15,4,0,mobile,refunded,2024-10-17 08:00:00,card
2237,6,92,5,20,web,completed,2024-08-16 11:00:00,card
2238,90,94,2,20,mobile,cancelled,2024-03-21 20:00:00,card
2239,440,51,3,0,web,completed,2024-03-10 03:00:00,
2240,69,3,3,10,store,cancelled,2024-09-30 10:00:00,cash
2241,102,95,1,0,store,completed,2024-10-29 21:00:00,online
2242,141,82,2,10,web,completed,2024-10-10 23:00:00,online
2243,422,42,2,20,web,completed,2024-03-31 08:00:00,cash
2244,2,33,3,0,web,cancelled,2024-03-14 21:00:00,online
2245,481,7,1,0,store,completed,2024-12-28 21:00:00,card
2246,427,44,3,10,web,completed,2024-05-31 06:00:00,card
2247,65,37,1,0,mobile,refunded,2024-10-17 19:00:00,cash
2248,441,50,3,0,web,completed,2024-07-19 20:00:00,card
2249,246,2,3,5,web,completed,2024-04-22 16:00:00,cash
2250,293,55,5,5,store,completed,2024-05-23 14:00:00,card
2251,216,84,5,0,web,cancelled,2024-12-24 09:00:00,online
2252,26,1,1,0,mobile,cancelled,2024-10-08 00:00:00,cash
2253,300,64,1,10,web,completed,2024-10-20 07:00:00,cash
2254,148,44,1,0,web,completed,2024-04-22 06:00:00,card
2255,228,78,2,15,,completed,2024-10-28 05:00:00,online
2256,26,7,2,5,mobile,completed,2024-07-27 23:00:00,cash
2257,21,49,1,0,mobile,completed,2024-06-20 01:00:00,online
2258,294,21,1,0,store,cancelled,2024-10-11 03:00:00,card
2259,274,24,2,20,,cancelled,2024-07-27 16:00:00,card
2260,327,89,1,10,mobile,completed,2024-12-10 02:00:00,card
2261,477,6,1,0,,cancelled,2024-05-01 16:00:00,online
2262,105,63,2,0,store,refunded,2024-11-08 07:00:00,cash
2263,404,24,3,10,web,completed,2024-05-04 04:00:00,cash
2264,284,17,2,0,mobile,refunded,2024-04-03 00:00:00,cash
2265,223,50,5,20,web,completed,2024-02-20 09:00:00,card
2266,382,21,5,20,mobile,completed,2024-09-02 13:00:00,online
2267,112,8,5,0,web,refunded,2024-10-08 12:00:00,cash
2268,91,54,3,0,,completed,2024-05-05 05:00:00,
2269,171,59,1,10,mobile,cancelled,2024-03-16 05:00:00,cash
2270,475,82,1,0,web,cancelled,2024-04-17 08:00:00,card
2271,218,20,4,0,mobile,refunded,2024-03-26 03:00:00,cash
2272,433,24,3,0,store,completed,2024-02-14 23:00:00,card
2273,165,9,2,0,mobile,refunded,2024-01-29 05:00:00,card
2274,314,71,2,0,mobile,cancelled,2024-03-07 00:00:00,card
2275,164,58,4,0,web,cancelled,2024-09-12 05:00:00,card
2276,17,98,5,15,web,cancelled,2024-06-04 10:00:00,online
2277,416,42,3,0,web,completed,2024-06-29 18:00:00,
2278,241,40,4,15,mobile,completed,2024-08-24 11:00:00,online
2279,254,54,5,0,web,completed,2024-12-25 18:00:00,card
2280,143,15,5,0,mobile,completed,2024-06-05 04:00:00,card
2281,321,55,2,5,store,completed,2024-04-17 23:00:00,cash
2282,332,59,2,0,mobile,refunded,2024-03-17 05:00:00,online
2283,458,38,2,15,mobile,completed,2024-05-06 14:00:00,cash
2284,307,91,4,20,store,completed,2024-06-10 21:00:00,card
2285,166,57,2,10,web,refunded,2024-10-21 17:00:00,cash
2286,183,72,3,5,web,refunded,2024-08-27 20:00:00,cash
2287,468,71,4,15,mobile,cancelled,2024-08-29 18:00:00,card
2288,499,67,4,0,web,completed,2024-04-14 23:00:00,online
2289,282,16,5,0,mobile,completed,2024-06-13 14:00:00,online
2290,426,28,3,10,store,refunded,2024-04-02 08:00:00,card
2291,120,36,5,5,mobile,completed,2024-05-14 02:00:00,online
2292,355,72,2,10,mobile,completed,2024-05-03 12:00:00,online
2293,192,63,2,5,web,refunded,2024-07-15 03:00:00,card
2294,214,58,3,0,web,completed,2024-04-20 13:00:00,card
2295,477,97,5,0,web,completed,2024-06-09 05:00:00,card
2296,350,9,4,10,mobile,completed,2024-10-12 11:00:00,card
2297,148,98,4,0,web,refunded,2024-10-23 00:00:00,online
2298,352,25,1,0,mobile,cancelled,2024-02-29 22:00:00,online
2299,33,77,2,0,mobile,completed,2024-05-16 14:00:00,cash
2300,409,32,4,0,web,completed,2024-09-07 18:00:00,card
2301,347,11,4,5,web,cancelled,2024-06-30 01:00:00,card
2302,74,98,2,0,web,refunded,2024-10-10 05:00:00,cash
2303,112,18,5,15,mobile,completed,2024-09-16 15:00:00,card
2304,431,68,1,5,mobile,completed,2024-10-12 09:00:00,card
2305,207,33,5,10,mobile,completed,2024-08-12 05:00:00,online
2306,239,21,3,20,store,completed,2024-11-18 02:00:00,card
2307,50,52,5,5,web,completed,2024-12-19 10:00:00,cash
2308,140,65,5,0,store,completed,2024-06-26 01:00:00,card
2309,382,44,4,15,store,completed,2024-03-19 20:00:00,card
2310,94,98,5,10,web,completed,2024-12-21 22:00:00,online
2311,202,68,3,0,mobile,refunded,2024-03-20 11:00:00,card
2312,143,64,2,0,web,completed,2024-04-09 16:00:00,cash
2313,465,62,1,0,store,refunded,2024-04-12 18:00:00,
2314,437,64,3,0,web,refunded,2024-09-16 07:00:00,card
2315,88,11,4,0,store,completed,2024-02-25 14:00:00,online
2316,10,17,3,0,web,completed,2024-04-10 13:00:00,card
2317,145,71,4,0,web,completed,2024-06-26 02:00:00,card
2318,432,9,2,10,store,completed,2024-09-28 02:00:00,online
2319,115,25,5,0,web,completed,2024-02-16 00:00:00,card
2320,108,64,2,0,mobile,completed,2024-11-19 07:00:00,cash
2321,245,80,4,10,web,completed,2024-02-27 18:00:00,online
2322,385,46,5,15,store,cancelled,2024-10-30 00:00:00,cash
2323,2,44,5,5,,cancelled,2024-12-20 21:00:00,card
2324,367,60,2,10,mobile,completed,2024-11-26 10:00:00,online
2325,249,50,2,0,web,cancelled,2024-10-20 07:00:00,card
2326,394,93,1,0,mobile,completed,2024-06-23 16:00:00,cash
2327,370,85,3,0,web,cancelled,2024-02-20 07:00:00,card
2328,185,67,4,5,web,completed,2024-04-07 17:00:00,cash
2329,306,4,5,0,web,completed,2024-06-02 20:00:00,card
2330,105,15,4,0,web,completed,2024-02-25 04:00:00,card
2331,402,43,3,5,web,completed,2024-02-17 07:00:00,card
2332,432,36,2,0,web,completed,2024-05-27 07:00:00,card
2333,307,46,4,0,store,completed,2024-09-20 22:00:00,card
2334,24,88,5,15,web,completed,2024-08-25 01:00:00,cash
2335,104,48,1,15,mobile,completed,2024-07-15 13:00:00,card
2336,374,53,5,0,web,cancelled,2024-03-13 15:00:00,card
2337,461,41,1,0,mobile,completed,2024-08-10 01:00:00,online
2338,162,32,4,5,mobile,completed,2024-05-10 17:00:00,card
2339,260,19,5,10,mobile,completed,2024-07-28 06:00:00,cash
2340,93,62,3,0,web,completed,2024-03-14 12:00:00,card
2341,257,16,4,5,web,refunded,2024-09-19 10:00:00,card
2342,103,48,2,10,web,completed,2024-08-15 02:00:00,cash
2343,124,12,5,0,web,completed,2024-02-15 03:00:00,card
2344,374,76,1,15,,cancelled,2024-10-17 22:00:00,online
2345,97,51,3,0,mobile,cancelled,2024-09-14 07:00:00,online
2346,287,14,1,0,store,completed,2024-09-19 04:00:00,online
2347,328,26,1,0,mobile,refunded,2024-07-19 18:00:00,online
2348,475,5,4,10,mobile,completed,2024-03-02 03:00:00,cash
2349,34,51,1,15,mobile,refunded,2024-04-01 09:00:00,card
2350,10,77,3,5,web,cancelled,2024-10-22 11:00:00,cash
2351,338,75,5,30,web,completed,2024-05-16 17:00:00,card
2352,201,27,5,5,mobile,completed,2024-01-27 07:00:00,online
2353,360,20,4,0,web,completed,2024-10-21 02:00:00,cash
2354,269,23,1,10,web,cancelled,2024-12-17 17:00:00,cash
2355,296,90,5,10,mobile,cancelled,2024-04-12 23:00:00,cash
2356,187,16,4,15,web,cancelled,2024-04-23 06:00:00,card
2357,495,46,4,5,store,completed,2024-02-12 11:00:00,cash
2358,377,12,2,20,web,completed,2024-07-26 20:00:00,card
2359,70,91,1,0,web,completed,2024-11-23 07:00:00,card
2360,173,31,5,0,mobile,cancelled,2024-01-30 13:00:00,card
2361,475,64,2,5,,completed,2024-10-06 09:00:00,cash
2362,240,93,3,15,,refunded,2024-10-09 08:00:00,cash
2363,176,90,4,0,web,refunded,2024-08-29 20:00:00,
2364,26,42,5,0,mobile,completed,2024-02-14 03:00:00,cash
2365,87,87,3,10,web,refunded,2024-02-29 03:00:00,cash
2366,206,15,1,0,web,completed,2024-01-24 16:00:00,card
2367,413,52,4,15,web,completed,2024-10-03 17:00:00,card
2368,78,38,3,15,store,completed,2024-07-08 10:00:00,card
2369,65,99,1,5,mobile,refunded,2024-12-01 16:00:00,
2370,415,99,4,0,mobile,completed,2024-07-19 10:00:00,
2371,242,67,3,0,store,cancelled,2024-10-11 13:00:00,cash
2372,464,20,1,20,mobile,completed,2024-12-08 10:00:00,online
2373,8,1,2,5,web,completed,2024-10-29 03:00:00,card
2374,421,49,4,10,mobile,completed,2024-09-06 02:00:00,online
2375,430,42,3,0,web,completed,2024-04-24 22:00:00,card
2376,184,83,1,0,mobile,completed,2024-11-01 20:00:00,cash
2377,213,31,5,5,mobile,completed,2024-03-25 13:00:00,card
2378,36,55,1,0,mobile,refunded,2024-01-08 23:00:00,card
2379,261,49,1,0,web,completed,2024-01-10 10:00:00,card
2380,346,53,2,0,mobile,completed,2024-11-20 02:00:00,online
2381,78,67,3,0,store,refunded,2024-10-01 02:00:00,card
2382,73,70,5,10,web,completed,2024-02-06 13:00:00,online
2383,319,91,5,10,web,completed,2024-11-23 19:00:00,online
2384,158,94,4,0,web,completed,2024-09-21 03:00:00,card
2385,496,91,2,0,mobile,completed,2024-09-02 04:00:00,cash
2386,87,68,3,0,,refunded,2024-11-16 11:00:00,
2387,79,13,4,0,web,completed,2024-02-11 22:00:00,cash
2388,266,1,4,30,mobile,completed,2024-08-06 16:00:00,card
2389,383,55,3,0,mobile,completed,2024-08-25 02:00:00,card
2390,340,99,1,10,mobile,completed,2024-02-09 05:00:00,card
2391,322,7,3,5,mobile,completed,2024-09-01 04:00:00,online
2392,493,28,5,10,mobile,completed,2024-02-28 22:00:00,card
2393,213,48,5,0,store,completed,2024-02-22 20:00:00,cash
2394,7,65,2,20,web,cancelled,2024-10-25 18:00:00,cash
2395,382,13,3,0,web,cancelled,2024-11-21 22:00:00,online
2396,242,32,3,20,web,refunded,2024-08-25 15:00:00,online
2397,376,39,4,0,store,completed,2024-01-04 12:00:00,card
2398,374,82,3,5,web,cancelled,2024-06-14 18:00:00,
2399,386,71,5,0,web,completed,2024-08-29 21:00:00,cash
2400,206,70,3,0,store,completed,2024-12-08 17:00:00,cash
2401,225,48,2,5,web,completed,2024-09-20 21:00:00,online
2402,296,52,1,0,web,completed,2024-01-23 00:00:00,
2403,387,96,2,0,mobile,completed,2024-07-28 21:00:00,online
2404,179,100,4,0,mobile,completed,2024-07-01 06:00:00,card
2405,473,7,3,0,store,completed,2024-05-15 14:00:00,card
2406,195,23,3,15,store,completed,2024-10-07 20:00:00,online
2407,165,88,3,30,web,completed,2024-08-26 01:00:00,card
2408,279,75,1,0,web,completed,2024-01-08 04:00:00,cash
2409,171,94,4,20,web,completed,2024-05-08 04:00:00,online
2410,445,16,1,30,web,completed,2024-03-02 12:00:00,card
2411,95,79,2,15,store,cancelled,2024-12-02 19:00:00,card
2412,83,44,5,15,web,completed,2024-02-05 17:00:00,card
2413,143,7,5,0,web,refunded,2024-06-17 00:00:00,card
2414,334,33,3,5,mobile,completed,2024-05-12 18:00:00,card
2415,166,93,1,5,web,completed,2024-04-24 05:00:00,online
2416,14,46,4,0,web,completed,2024-10-30 04:00:00,cash
2417,221,53,4,10,mobile,cancelled,2024-07-02 00:00:00,card
2418,66,61,1,0,web,completed,2024-04-22 12:00:00,cash
2419,435,49,5,10,web,completed,2024-06-01 17:00:00,card
2420,62,92,4,0,store,refunded,2024-06-11 15:00:00,cash
2421,123,17,2,0,mobile,completed,2024-01-12 07:00:00,online
2422,100,53,1,10,mobile,cancelled,2024-08-17 09:00:00,card
2423,294,74,4,30,web,cancelled,2024-11-23 15:00:00,card
2424,191,50,2,15,store,refunded,2024-01-03 18:00:00,cash
2425,275,69,5,5,mobile,completed,2024-03-31 18:00:00,online
2426,220,9,5,0,web,refunded,2024-05-10 05:00:00,card
2427,90,53,3,10,mobile,completed,2024-07-20 12:00:00,online
2428,426,98,3,0,mobile,cancelled,2024-09-27 09:00:00,online
2429,291,39,4,5,web,completed,2024-01-05 23:00:00,online
2430,303,19,1,0,web,completed,2024-10-26 09:00:00,online
2431,259,34,4,0,web,refunded,2024-10-22 15:00:00,card
2432,413,42,5,10,web,completed,2024-06-24 09:00:00,cash
2433,76,1,5,0,web,completed,2024-12-19 13:00:00,card
2434,84,17,5,20,store,refunded,2024-10-08 08:00:00,card
2435,140,71,3,0,web,cancelled,2024-01-16 02:00:00,card
2436,202,48,3,10,,completed,2024-09-19 18:00:00,card
2437,356,43,4,15,,completed,2024-08-11 23:00:00,card
2438,413,40,2,0,web,refunded,2024-11-15 01:00:00,card
2439,341,35,5,20,mobile,completed,2024-09-16 20:00:00,card
2440,178,45,2,10,store,completed,2024-03-04 17:00:00,online
2441,489,93,1,0,web,completed,2024-12-22 01:00:00,cash
2442,266,20,4,5,web,completed,2024-09-22 07:00:00,
2443,376,57,5,10,web,completed,2024-06-24 21:00:00,card
2444,40,24,4,0,store,completed,2024-05-30 04:00:00,card
2445,414,90,4,5,web,completed,2024-02-23 08:00:00,
2446,165,17,3,10,mobile,completed,2024-06-07 22:00:00,card
2447,463,62,4,0,web,completed,2024-01-28 06:00:00,card
2448,318,29,3,0,mobile,completed,2024-08-02 03:00:00,card
2449,199,74,2,0,mobile,completed,2024-05-25 14:00:00,online
2450,139,66,3,0,web,cancelled,2024-10-21 08:00:00,card
2451,38,72,1,5,mobile,cancelled,2024-04-14 16:00:00,card
2452,499,4,3,0,mobile,refunded,2024-12-13 20:00:00,cash
2453,128,56,2,0,store,refunded,2024-09-03 11:00:00,card
2454,27,3,3,0,web,cancelled,2024-03-06 07:00:00,card
2455,101,42,5,5,mobile,completed,2024-07-03 11:00:00,card
2456,154,11,2,5,web,completed,2024-02-21 19:00:00,card
2457,198,34,3,10,web,completed,2024-01-20 13:00:00,online
2458,422,45,1,10,store,completed,2024-07-15 14:00:00,card
2459,187,80,1,20,web,completed,2024-07-09 06:00:00,card
2460,76,63,1,5,web,refunded,2024-07-30 23:00:00,online
2461,171,72,2,5,,completed,2024-01-30 11:00:00,card
2462,378,14,3,0,web,completed,2024-09-18 15:00:00,cash
2463,198,90,2,0,mobile,cancelled,2024-02-05 00:00:00,card
2464,196,36,1,0,store,cancelled,2024-02-16 01:00:00,online
2465,104,48,5,5,web,refunded,2024-07-22 05:00:00,card
2466,370,96,4,20,web,completed,2024-01-28 13:00:00,online
2467,302,65,2,0,mobile,completed,2024-01-16 02:00:00,online
2468,398,99,2,10,,refunded,2024-07-20 04:00:00,cash
2469,393,67,5,20,web,completed,2024-07-23 07:00:00,card
2470,92,54,3,0,mobile,completed,2024-12-01 19:00:00,online
2471,400,97,3,5,web,cancelled,2024-07-31 22:00:00,cash
2472,128,89,4,0,store,completed,2024-01-25 16:00:00,card
2473,385,79,4,15,web,completed,2024-09-12 22:00:00,card
2474,399,71,2,5,mobile,completed,2024-05-16 07:00:00,card
2475,124,3,4,15,store,completed,2024-08-28 01:00:00,cash
2476,26,20,1,20,mobile,completed,2024-06-07 13:00:00,card
2477,343,73,3,10,web,completed,2024-03-20 14:00:00,online
2478,294,20,3,10,mobile,cancelled,2024-02-11 04:00:00,card
2479,174,41,1,0,store,cancelled,2024-03-13 16:00:00,online
2480,172,26,3,10,store,completed,2024-11-01 14:00:00,online
2481,357,25,1,20,web,refunded,2024-06-20 03:00:00,card
2482,418,29,5,5,,refunded,2024-08-25 18:00:00,card
2483,244,21,2,0,web,completed,2024-09-16 11:00:00,cash
2484,23,76,2,0,mobile,refunded,2024-02-29 02:00:00,cash
2485,3,82,3,0,web,completed,2024-10-16 18:00:00,cash
2486,379,90,2,0,mobile,cancelled,2024-08-28 07:00:00,card
2487,227,33,3,0,mobile,cancelled,2024-02-17 15:00:00,online
2488,76,44,4,0,,refunded,2024-05-28 11:00:00,card
2489,270,26,3,0,web,completed,2024-07-26 02:00:00,card
2490,219,86,3,0,web,completed,2024-03-04 17:00:00,card
2491,240,54,1,0,mobile,completed,2024-09-02 12:00:00,card
2492,215,47,5,20,web,refunded,2024-02-29 04:00:00,card
2493,140,12,1,10,web,refunded,2024-04-17 12:00:00,cash
2494,163,27,2,0,web,completed,2024-06-29 12:00:00,card
2495,132,8,3,5,web,completed,2024-05-24 09:00:00,card
2496,35,19,3,5,web,completed,2024-12-21 05:00:00,cash
2497,55,20,2,15,web,refunded,2024-01-24 14:00:00,card
2498,212,23,5,0,web,refunded,2024-05-03 12:00:00,card
2499,165,85,3,0,mobile,completed,2024-07-31 11:00:00,card
2500,409,28,3,0,web,cancelled,2024-03-03 19:00:00,card
2501,479,74,2,0,web,cancelled,2024-08-15 08:00:00,card
2502,360,84,4,0,web,completed,2024-02-12 03:00:00,cash
2503,490,80,4,0,mobile,completed,2024-06-26 17:00:00,card
2504,369,13,2,5,web,completed,2024-03-27 12:00:00,card
2505,65,57,5,5,web,cancelled,2024-09-26 22:00:00,cash
2506,416,34,3,0,web,cancelled,2024-09-01 08:00:00,card
2507,325,75,1,0,web,completed,2024-02-04 08:00:00,card
2508,168,81,3,0,mobile,completed,2024-12-10 22:00:00,cash
2509,361,41,2,0,,refunded,2024-09-21 21:00:00,card
2510,421,64,1,0,web,completed,2024-09-05 21:00:00,card
2511,373,25,5,0,mobile,completed,2024-11-18 00:00:00,online
2512,105,85,1,0,mobile,cancelled,2024-11-29 06:00:00,online
2513,500,71,3,0,mobile,completed,2024-04-16 13:00:00,online
2514,233,46,1,15,web,completed,2024-03-26 13:00:00,online
2515,179,1,5,10,store,refunded,2024-02-20 07:00:00,online
2516,348,36,2,0,web,completed,2024-04-08 07:00:00,
2517,190,71,1,5,mobile,completed,2024-05-17 14:00:00,card
2518,423,67,3,15,web,cancelled,2024-06-07 18:00:00,cash
2519,330,44,4,15,web,completed,2024-02-04 11:00:00,online
2520,419,73,4,5,mobile,completed,2024-02-02 20:00:00,online
2521,394,11,4,5,web,completed,2024-01-24 20:00:00,card
2522,9,7,3,0,mobile,refunded,2024-11-30 08:00:00,card
2523,342,68,1,0,web,completed,2024-07-30 05:00:00,card
2524,218,5,4,0,mobile,completed,2024-08-27 19:00:00,cash
2525,437,42,2,0,mobile,completed,2024-09-13 13:00:00,card
2526,113,51,5,15,mobile,cancelled,2024-03-18 14:00:00,cash
2527,390,19,4,0,web,completed,2024-08-05 00:00:00,online
2528,437,5,5,10,web,completed,2024-10-20 15:00:00,card
2529,159,61,5,15,web,refunded,2024-10-15 01:00:00,card
2530,13,13,5,15,web,completed,2024-01-01 22:00:00,card
2531,26,59,3,0,mobile,cancelled,2024-11-04 15:00:00,online
2532,492,95,2,10,web,completed,2024-09-12 20:00:00,cash
2533,447,20,4,0,mobile,cancelled,2024-10-01 21:00:00,card
2534,41,16,2,0,web,cancelled,2024-01-11 09:00:00,
2535,164,76,3,0,mobile,completed,2024-06-18 02:00:00,card
2536,60,34,3,0,web,completed,2024-04-28 10:00:00,card
2537,154,35,3,5,web,completed,2024-03-26 23:00:00,cash
2538,356,90,3,15,web,refunded,2024-03-29 22:00:00,card
2539,263,87,2,10,web,cancelled,2024-03-03 14:00:00,cash
2540,307,44,1,20,web,refunded,2024-05-04 15:00:00,cash
2541,188,14,5,15,store,completed,2024-05-03 19:00:00,card
2542,244,3,5,0,web,cancelled,2024-01-09 20:00:00,card
2543,500,99,1,15,web,completed,2024-05-23 22:00:00,online
2544,352,96,2,10,web,completed,2024-04-15 14:00:00,card
2545,33,12,3,15,mobile,completed,2024-02-14 03:00:00,card
2546,46,65,5,0,store,completed,2024-12-05 02:00:00,card
2547,214,30,5,10,store,completed,2024-11-27 20:00:00,card
2548,348,49,3,15,mobile,refunded,2024-10-31 23:00:00,card
2549,154,85,2,20,web,completed,2024-11-26 12:00:00,card
2550,472,87,1,20,store,completed,2024-02-02 15:00:00,cash
2551,443,84,5,0,mobile,cancelled,2024-07-02 16:00:00,cash
2552,431,26,3,20,store,completed,2024-11-04 06:00:00,card
2553,74,27,1,10,mobile,completed,2024-08-21 19:00:00,cash
2554,193,92,5,0,web,refunded,2024-02-22 05:00:00,card
2555,186,35,5,0,web,completed,2024-09-23 06:00:00,card
2556,115,13,2,10,web,cancelled,2024-04-12 12:00:00,cash
2557,279,13,2,15,web,completed,2024-05-27 09:00:00,online
2558,368,73,2,0,web,completed,2024-12-03 15:00:00,card
2559,479,30,3,0,web,refunded,2024-06-17 16:00:00,card
2560,404,82,3,0,,cancelled,2024-07-20 06:00:00,online
2561,264,32,2,5,mobile,completed,2024-07-12 16:00:00,card
2562,111,92,3,0,,completed,2024-07-18 11:00:00,card
2563,160,53,3,0,mobile,completed,2024-07-04 16:00:00,card
2564,246,71,3,0,store,refunded,2024-03-21 13:00:00,card
2565,145,10,4,5,mobile,completed,2024-08-19 00:00:00,
2566,172,63,3,10,store,refunded,2024-07-19 14:00:00,card
2567,458,54,3,0,store,completed,2024-03-18 17:00:00,cash
2568,327,73,3,0,mobile,completed,2024-03-07 19:00:00,card
2569,336,49,5,5,mobile,cancelled,2024-08-20 05:00:00,card
2570,142,18,2,0,web,refunded,2024-11-12 06:00:00,card
2571,334,47,1,30,store,completed,2024-06-20 20:00:00,card
2572,251,51,4,0,mobile,cancelled,2024-08-26 15:00:00,card
2573,208,39,3,5,store,refunded,2024-05-03 14:00:00,cash
2574,48,82,1,10,mobile,completed,2024-02-18 21:00:00,card
2575,186,59,1,10,store,completed,2024-11-25 02:00:00,card
2576,452,98,5,0,web,completed,2024-05-25 23:00:00,card
2577,143,40,5,20,web,refunded,2024-02-25 15:00:00,online
2578,371,63,4,0,web,refunded,2024-04-20 15:00:00,online
2579,51,51,2,0,mobile,refunded,2024-01-10 07:00:00,cash
2580,137,97,1,15,store,refunded,2024-03-15 11:00:00,card
2581,337,34,3,0,store,cancelled,2024-02-01 15:00:00,card
2582,53,34,4,20,mobile,completed,2024-07-05 03:00:00,online
2583,348,35,1,0,web,completed,2024-04-23 16:00:00,cash
2584,373,12,4,15,web,cancelled,2024-01-23 12:00:00,cash
2585,204,93,1,5,mobile,cancelled,2024-02-20 11:00:00,card
2586,409,67,1,15,web,refunded,2024-12-02 08:00:00,online
2587,228,90,1,0,store,completed,2024-06-19 15:00:00,cash
2588,154,42,1,0,web,refunded,2024-09-14 21:00:00,card
2589,41,98,1,0,mobile,completed,2024-03-03 17:00:00,online
2590,167,74,1,20,,completed,2024-02-26 02:00:00,online
2591,96,93,3,10,mobile,cancelled,2024-10-06 13:00:00,cash
2592,41,78,2,0,store,completed,2024-12-19 02:00:00,
2593,28,77,2,0,store,completed,2024-01-04 09:00:00,
2594,492,82,2,10,web,refunded,2024-06-15 08:00:00,
2595,356,75,1,0,web,completed,2024-02-09 12:00:00,card
2596,144,34,2,0,mobile,completed,2024-07-16 19:00:00,cash
2597,161,62,4,5,store,completed,2024-08-28 22:00:00,card
2598,395,40,1,0,web,completed,2024-05-19 22:00:00,cash
2599,65,75,1,15,mobile,completed,2024-01-16 04:00:00,
2600,354,8,3,10,mobile,refunded,2024-06-09 05:00:00,card
2601,5,62,5,0,web,cancelled,2024-11-29 22:00:00,online
2602,320,7,1,20,store,refunded,2024-04-22 07:00:00,card
2603,437,46,1,15,web,completed,2024-04-12 20:00:00,card
2604,456,31,4,10,store,cancelled,2024-06-01 12:00:00,cash
2605,226,86,5,0,mobile,completed,2024-01-26 23:00:00,card
2606,193,61,3,0,web,completed,2024-03-15 14:00:00,online
2607,333,44,4,15,web,completed,2024-12-27 14:00:00,cash
2608,478,10,3,10,store,completed,2024-12-30 01:00:00,online
2609,488,54,1,5,mobile,completed,2024-07-06 17:00:00,card
2610,128,69,1,5,mobile,completed,2024-06-14 11:00:00,online
2611,262,13,3,5,mobile,completed,2024-09-05 04:00:00,online
2612,37,55,2,0,mobile,completed,2024-03-13 15:00:00,online
2613,99,20,4,20,mobile,completed,2024-09-23 17:00:00,cash
2614,498,22,1,0,mobile,completed,2024-01-26 23:00:00,
2615,39,7,5,20,mobile,cancelled,2024-12-13 22:00:00,online
2616,448,53,1,0,store,completed,2024-09-12 02:00:00,cash
2617,472,38,1,0,,cancelled,2024-04-21 01:00:00,card
2618,424,62,1,10,store,completed,2024-04-05 06:00:00,card
2619,7,70,2,0,store,completed,2024-03-01 01:00:00,card
2620,274,54,4,20,mobile,refunded,2024-05-03 01:00:00,card
2621,235,32,3,15,web,cancelled,2024-07-11 05:00:00,card
2622,205,36,2,0,mobile,refunded,2024-09-30 23:00:00,online
2623,323,32,2,0,mobile,completed,2024-08-31 00:00:00,card
2624,438,11,2,10,store,completed,2024-01-22 03:00:00,cash
2625,144,56,1,10,mobile,cancelled,2024-09-25 06:00:00,card
2626,205,2,4,0,web,completed,2024-12-05 04:00:00,online
2627,57,63,2,0,mobile,completed,2024-01-16 21:00:00,
2628,188,92,3,20,mobile,refunded,2024-03-20 14:00:00,card
2629,412,29,4,0,mobile,refunded,2024-04-23 18:00:00,cash
2630,154,21,3,0,mobile,completed,2024-04-16 10:00:00,online
2631,304,53,2,30,mobile,refunded,2024-12-27 08:00:00,
2632,190,99,2,0,mobile,completed,2024-02-11 09:00:00,card
2633,6,16,5,10,web,completed,2024-03-17 18:00:00,online
2634,150,56,1,0,store,completed,2024-10-11 04:00:00,card
2635,244,2,5,5,web,completed,2024-06-04 20:00:00,
2636,244,13,3,10,mobile,completed,2024-02-17 04:00:00,card
2637,39,1,4,5,web,refunded,2024-04-04 18:00:00,card
2638,8,99,3,0,mobile,cancelled,2024-09-20 14:00:00,online
2639,241,32,5,0,mobile,completed,2024-10-20 12:00:00,online
2640,450,18,3,5,web,cancelled,2024-09-23 08:00:00,cash
2641,398,54,2,15,mobile,completed,2024-10-03 10:00:00,card
2642,170,47,5,0,web,completed,2024-08-12 12:00:00,online
2643,375,82,3,0,web,refunded,2024-04-15 13:00:00,cash
2644,120,54,4,10,mobile,completed,2024-09-16 01:00:00,cash
2645,357,45,4,0,mobile,completed,2024-09-16 20:00:00,online
2646,288,45,4,0,mobile,refunded,2024-01-23 14:00:00,cash
2647,325,75,1,5,mobile,completed,2024-01-18 14:00:00,card
2648,201,65,4,0,mobile,completed,2024-03-05 14:00:00,
2649,239,57,2,30,store,completed,2024-12-17 14:00:00,card
2650,303,29,5,0,web,refunded,2024-01-30 12:00:00,card
2651,361,53,4,10,web,completed,2024-09-08 11:00:00,card
2652,4,23,5,0,store,completed,2024-07-01 12:00:00,card
2653,439,29,5,0,web,completed,2024-04-16 21:00:00,online
2654,361,10,4,15,mobile,refunded,2024-11-05 04:00:00,card
2655,81,84,2,5,store,cancelled,2024-03-16 11:00:00,card
2656,293,40,1,10,store,completed,2024-08-25 00:00:00,online
2657,97,74,3,10,mobile,cancelled,2024-09-14 21:00:00,card
2658,112,76,4,10,mobile,cancelled,2024-10-12 17:00:00,online
2659,131,42,3,15,store,completed,2024-04-23 19:00:00,card
2660,295,84,4,10,,completed,2024-12-06 02:00:00,card
2661,110,4,1,0,web,completed,2024-05-12 07:00:00,card
2662,297,80,3,0,web,cancelled,2024-10-17 10:00:00,online
2663,423,29,1,0,web,refunded,2024-10-26 01:00:00,card
2664,12,9,5,20,web,completed,2024-10-06 12:00:00,online
2665,446,13,4,0,web,completed,2024-10-14 15:00:00,online
2666,147,61,5,0,mobile,refunded,2024-01-20 21:00:00,card
2667,180,8,2,0,mobile,refunded,2024-03-31 13:00:00,card
2668,329,24,3,10,web,completed,2024-11-26 07:00:00,card
2669,4,21,5,30,web,cancelled,2024-10-12 03:00:00,cash
2670,128,92,3,15,store,completed,2024-03-28 01:00:00,card
2671,266,36,3,10,mobile,completed,2024-04-13 20:00:00,card
2672,309,83,4,10,store,completed,2024-05-26 18:00:00,card
2673,191,11,3,15,web,refunded,2024-02-17 06:00:00,cash
2674,239,95,2,0,store,completed,2024-07-05 22:00:00,card
2675,438,82,1,15,web,refunded,2024-01-20 02:00:00,card
2676,71,48,2,0,web,completed,2024-01-19 06:00:00,card
2677,36,60,4,10,web,completed,2024-02-25 13:00:00,online
2678,429,70,3,0,web,cancelled,2024-12-28 03:00:00,card
2679,176,36,1,5,,cancelled,2024-03-24 04:00:00,cash
2680,41,80,4,10,mobile,completed,2024-07-24 18:00:00,online
2681,207,69,4,0,mobile,completed,2024-01-02 23:00:00,card
2682,6,52,1,5,web,refunded,2024-05-27 11:00:00,cash
2683,144,70,1,10,web,cancelled,2024-02-10 10:00:00,cash
2684,451,48,2,15,web,completed,2024-06-21 23:00:00,cash
2685,156,85,1,5,mobile,completed,2024-02-12 03:00:00,cash
2686,160,25,3,15,web,completed,2024-11-19 00:00:00,card
2687,450,59,5,5,mobile,completed,2024-01-30 18:00:00,
2688,370,25,3,0,web,cancelled,2024-02-28 03:00:00,
2689,44,10,5,0,web,cancelled,2024-08-24 14:00:00,card
2690,319,93,2,0,store,completed,2024-05-30 04:00:00,card
2691,68,35,4,10,web,completed,2024-06-25 16:00:00,
2692,167,66,1,5,web,cancelled,2024-06-16 23:00:00,card
2693,234,20,2,0,mobile,completed,2024-02-16 15:00:00,cash
2694,185,7,4,0,web,cancelled,2024-04-21 07:00:00,online
2695,392,2,5,0,web,completed,2024-04-14 04:00:00,card
2696,306,89,4,15,mobile,completed,2024-10-10 01:00:00,card
2697,309,94,3,15,web,cancelled,2024-04-19 19:00:00,card
2698,271,67,2,15,mobile,refunded,2024-12-11 18:00:00,card
2699,174,90,2,10,web,completed,2024-10-11 19:00:00,card
2700,184,67,1,10,mobile,completed,2024-10-07 09:00:00,card
2701,84,95,5,10,web,cancelled,2024-01-11 01:00:00,card
2702,10,52,3,0,web,cancelled,2024-05-13 06:00:00,card
2703,98,96,2,0,web,completed,2024-04-30 05:00:00,
2704,312,36,2,5,mobile,cancelled,2024-09-30 07:00:00,online
2705,336,77,3,0,web,cancelled,2024-06-23 01:00:00,online
2706,259,70,3,0,web,cancelled,2024-11-21 17:00:00,cash
2707,22,49,5,10,web,completed,2024-03-18 01:00:00,online
2708,91,98,2,5,mobile,completed,2024-06-29 16:00:00,card
2709,362,1,2,0,mobile,completed,2024-02-06 14:00:00,card
2710,336,66,3,0,mobile,refunded,2024-11-28 03:00:00,card
2711,356,71,5,0,store,refunded,2024-07-30 03:00:00,online
2712,74,54,3,0,mobile,completed,2024-03-28 17:00:00,cash
2713,280,75,1,0,store,refunded,2024-09-29 04:00:00,card
2714,261,31,3,0,mobile,completed,2024-10-15 15:00:00,card
2715,168,11,3,0,web,cancelled,2024-07-14 08:00:00,online
2716,410,48,3,0,store,completed,2024-02-28 16:00:00,cash
2717,385,56,3,15,mobile,completed,2024-08-08 20:00:00,card
2718,323,62,3,10,mobile,completed,2024-10-18 23:00:00,card
2719,159,47,1,30,web,completed,2024-07-26 14:00:00,card
2720,362,75,2,10,web,completed,2024-12-01 23:00:00,card
2721,42,29,4,10,web,refunded,2024-12-23 16:00:00,card
2722,290,82,2,10,web,refunded,2024-08-27 15:00:00,card
2723,95,32,3,0,mobile,cancelled,2024-03-12 11:00:00,card
2724,382,29,1,30,web,cancelled,2024-10-29 03:00:00,card
2725,150,50,4,20,store,refunded,2024-02-21 01:00:00,card
2726,494,52,3,0,mobile,refunded,2024-07-23 06:00:00,card
2727,380,1,1,0,mobile,cancelled,2024-08-22 12:00:00,card
2728,267,54,4,0,web,completed,2024-04-21 06:00:00,online
2729,221,75,3,0,mobile,completed,2024-12-29 17:00:00,cash
2730,29,24,4,15,store,completed,2024-01-24 04:00:00,online
2731,25,71,2,10,,completed,2024-01-04 09:00:00,card
2732,196,4,5,0,store,completed,2024-06-04 06:00:00,online
2733,178,1,5,15,mobile,completed,2024-10-13 07:00:00,cash
2734,247,92,5,10,mobile,completed,2024-05-13 02:00:00,online
2735,192,92,3,10,mobile,refunded,2024-07-04 09:00:00,cash
2736,444,91,2,10,mobile,completed,2024-01-28 04:00:00,card
2737,147,3,5,10,store,completed,2024-01-31 18:00:00,online
2738,333,100,4,20,web,completed,2024-02-02 12:00:00,cash
2739,158,87,2,0,web,completed,2024-09-07 13:00:00,card
2740,201,55,4,0,web,completed,2024-10-14 08:00:00,cash
2741,130,5,3,0,mobile,completed,2024-10-01 04:00:00,card
2742,27,16,5,10,web,completed,2024-07-29 10:00:00,card
2743,54,82,2,10,mobile,completed,2024-09-22 02:00:00,card
2744,117,26,1,10,web,refunded,2024-03-29 02:00:00,cash
2745,183,78,5,0,web,completed,2024-08-15 03:00:00,cash
2746,17,97,4,10,web,cancelled,2024-06-04 03:00:00,online
2747,54,34,2,20,web,completed,2024-06-06 10:00:00,cash
2748,268,76,1,0,web,completed,2024-09-21 20:00:00,cash
2749,482,4,3,0,store,refunded,2024-10-02 04:00:00,cash
2750,431,68,1,20,web,completed,2024-02-09 17:00:00,online
2751,377,29,3,10,web,cancelled,2024-12-26 08:00:00,online
2752,200,30,1,0,mobile,completed,2024-12-26 14:00:00,card
2753,86,10,2,0,mobile,completed,2024-10-13 00:00:00,cash
2754,291,93,3,0,mobile,cancelled,2024-01-24 22:00:00,card
2755,373,96,4,10,mobile,completed,2024-02-26 15:00:00,online
2756,359,48,5,0,mobile,cancelled,2024-01-01 05:00:00,cash
2757,465,72,3,20,web,completed,2024-11-10 14:00:00,online
2758,222,95,1,0,mobile,completed,2024-06-07 10:00:00,card
2759,392,58,4,5,mobile,completed,2024-08-19 05:00:00,cash
2760,107,54,1,0,mobile,refunded,2024-08-07 02:00:00,cash
2761,269,76,1,10,web,cancelled,2024-10-12 03:00:00,card
2762,444,64,5,0,mobile,refunded,2024-03-19 13:00:00,card
2763,356,94,2,0,store,completed,2024-05-02 00:00:00,online
2764,150,34,1,15,web,completed,2024-02-23 12:00:00,online
2765,491,55,1,0,store,completed,2024-01-07 04:00:00,online
2766,169,98,1,5,web,cancelled,2024-08-16 04:00:00,card
2767,274,40,2,0,web,completed,2024-09-29 07:00:00,card
2768,119,40,2,20,web,cancelled,2024-02-23 04:00:00,card
2769,498,30,1,0,mobile,refunded,2024-05-11 09:00:00,online
2770,166,83,5,0,mobile,completed,2024-12-11 06:00:00,card
2771,294,18,3,0,mobile,completed,2024-05-22 20:00:00,cash
2772,25,20,4,0,web,cancelled,2024-02-15 19:00:00,card
2773,243,85,1,15,web,refunded,2024-08-29 22:00:00,cash
2774,115,11,2,15,mobile,completed,2024-10-29 16:00:00,
2775,169,35,1,5,web,completed,2024-01-09 03:00:00,cash
2776,280,89,4,0,,cancelled,2024-09-23 05:00:00,card
2777,309,52,5,10,mobile,completed,2024-06-22 02:00:00,card
2778,135,15,5,5,web,completed,2024-09-05 21:00:00,online
2779,105,83,5,30,mobile,completed,2024-09-12 04:00:00,cash
2780,313,68,4,0,mobile,completed,2024-10-20 12:00:00,card
2781,239,75,5,0,,completed,2024-08-01 22:00:00,online
2782,167,93,3,0,mobile,completed,2024-04-14 07:00:00,cash
2783,379,80,3,0,mobile,refunded,2024-05-16 15:00:00,card
2784,14,60,5,0,mobile,completed,2024-05-25 23:00:00,online
2785,39,16,1,0,mobile,completed,2024-12-20 02:00:00,
2786,97,63,5,5,mobile,refunded,2024-06-04 20:00:00,card
2787,99,48,5,0,mobile,completed,2024-06-05 00:00:00,online
2788,84,11,5,5,web,completed,2024-06-08 07:00:00,cash
2789,209,24,3,0,web,cancelled,2024-11-14 13:00:00,card
2790,450,35,2,10,web,completed,2024-02-28 12:00:00,card
2791,57,29,2,10,,completed,2024-09-16 03:00:00,card
2792,475,45,1,0,web,refunded,2024-08-25 09:00:00,card
2793,192,80,5,5,mobile,cancelled,2024-01-03 19:00:00,card
2794,279,97,2,15,store,completed,2024-03-18 08:00:00,cash
2795,353,64,4,10,mobile,cancelled,2024-11-01 04:00:00,card
2796,339,48,1,0,mobile,completed,2024-08-26 06:00:00,card
2797,372,98,2,0,mobile,completed,2024-02-16 05:00:00,
2798,36,5,4,0,web,refunded,2024-07-30 07:00:00,online
2799,232,33,3,5,mobile,completed,2024-03-06 04:00:00,card
2800,139,27,1,0,store,cancelled,2024-12-05 01:00:00,online
2801,85,49,1,5,web,refunded,2024-10-29 14:00:00,card
2802,230,26,2,5,,completed,2024-12-24 23:00:00,online
2803,372,73,2,0,web,completed,2024-07-08 06:00:00,card
2804,71,88,1,5,,completed,2024-01-04 11:00:00,online
2805,21,87,5,5,mobile,completed,2024-10-27 09:00:00,online
2806,459,98,4,0,web,completed,2024-04-23 06:00:00,card
2807,345,61,1,10,store,completed,2024-08-14 18:00:00,card
2808,264,33,5,0,store,completed,2024-04-07 11:00:00,cash
2809,179,49,2,15,web,completed,2024-03-29 12:00:00,online
2810,355,48,3,0,web,completed,2024-11-17 12:00:00,card
2811,417,87,4,20,web,completed,2024-08-27 12:00:00,card
2812,248,91,1,0,mobile,completed,2024-11-03 12:00:00,card
2813,364,46,4,10,mobile,completed,2024-09-20 13:00:00,card
2814,112,83,3,15,mobile,refunded,2024-07-14 19:00:00,card
2815,48,5,2,0,store,completed,2024-02-03 01:00:00,card
2816,424,51,1,15,store,cancelled,2024-01-10 17:00:00,cash
2817,213,44,2,0,web,refunded,2024-04-07 02:00:00,card
2818,414,92,3,0,mobile,refunded,2024-06-02 18:00:00,online
2819,291,11,2,0,mobile,refunded,2024-03-25 13:00:00,card
2820,14,41,3,10,mobile,completed,2024-01-11 22:00:00,cash
2821,315,24,1,0,mobile,cancelled,2024-01-21 23:00:00,cash
2822,423,51,2,15,web,completed,2024-09-10 11:00:00,cash
2823,119,73,4,10,store,completed,2024-05-09 11:00:00,online
2824,488,90,5,0,store,completed,2024-03-01 05:00:00,cash
2825,404,28,1,10,mobile,completed,2024-12-09 09:00:00,card
2826,193,60,1,10,mobile,cancelled,2024-12-08 19:00:00,card
2827,377,71,5,0,web,cancelled,2024-04-01 22:00:00,card
2828,450,77,3,5,mobile,cancelled,2024-09-03 21:00:00,cash
2829,410,93,4,0,web,cancelled,2024-08-26 02:00:00,online
2830,363,4,2,15,mobile,completed,2024-07-26 07:00:00,cash
2831,278,59,2,0,mobile,cancelled,2024-05-24 10:00:00,cash
2832,290,3,5,0,web,refunded,2024-06-13 13:00:00,card
2833,148,28,1,10,web,refunded,2024-04-26 19:00:00,cash
2834,267,89,2,0,mobile,completed,2024-11-06 01:00:00,card
2835,24,86,3,0,mobile,completed,2024-07-18 12:00:00,card
2836,176,6,1,0,,completed,2024-11-25 09:00:00,cash
2837,417,74,1,20,web,cancelled,2024-03-25 14:00:00,online
2838,354,72,2,10,web,completed,2024-04-30 13:00:00,card
2839,444,5,5,15,web,cancelled,2024-02-10 13:00:00,cash
2840,191,42,5,0,web,completed,2024-08-20 03:00:00,online
2841,427,51,2,10,mobile,completed,2024-06-12 05:00:00,card
2842,34,96,3,0,mobile,completed,2024-07-25 20:00:00,card
2843,258,97,4,10,web,completed,2024-11-26 01:00:00,online
2844,83,22,3,5,web,cancelled,2024-04-08 19:00:00,cash
2845,37,87,5,5,web,cancelled,2024-10-27 12:00:00,online
2846,359,5,5,0,web,cancelled,2024-05-18 17:00:00,card
2847,417,34,1,0,web,completed,2024-02-10 07:00:00,card
2848,24,84,3,5,web,cancelled,2024-09-04 07:00:00,card
2849,74,29,3,30,mobile,cancelled,2024-10-21 02:00:00,online
2850,10,63,2,15,store,completed,2024-09-24 19:00:00,online
2851,497,27,3,0,mobile,completed,2024-08-20 15:00:00,cash
2852,355,72,3,0,web,completed,2024-10-30 15:00:00,card
2853,62,13,5,15,mobile,completed,2024-07-17 05:00:00,cash
2854,364,99,5,0,mobile,completed,2024-07-14 17:00:00,card
2855,362,20,1,0,mobile,completed,2024-03-29 01:00:00,online
2856,14,43,3,0,web,completed,2024-10-24 01:00:00,card
2857,489,90,1,30,mobile,cancelled,2024-02-29 23:00:00,card
2858,17,32,1,10,web,completed,2024-10-20 10:00:00,online
2859,457,37,2,0,web,cancelled,2024-11-21 19:00:00,card
2860,8,77,2,0,web,completed,2024-04-14 11:00:00,cash
2861,301,77,1,0,mobile,completed,2024-12-05 10:00:00,
2862,488,22,4,10,mobile,cancelled,2024-07-20 21:00:00,cash
2863,141,53,2,0,web,cancelled,2024-12-05 20:00:00,card
2864,282,40,2,0,mobile,cancelled,2024-06-16 17:00:00,card
2865,326,49,1,15,mobile,refunded,2024-08-05 03:00:00,card
2866,362,92,5,0,mobile,completed,2024-11-15 20:00:00,card
2867,314,68,3,0,web,completed,2024-04-12 07:00:00,card
2868,418,99,3,15,,completed,2024-09-22 10:00:00,cash
2869,452,13,5,0,web,cancelled,2024-04-13 02:00:00,online
2870,288,69,2,0,web,refunded,2024-07-14 18:00:00,
2871,172,49,1,20,web,completed,2024-01-19 11:00:00,online
2872,454,34,2,5,web,refunded,2024-12-02 13:00:00,online
2873,199,33,5,30,web,completed,2024-03-24 15:00:00,card
2874,415,49,2,0,web,completed,2024-12-04 00:00:00,card
2875,244,89,5,0,,completed,2024-07-29 03:00:00,online
2876,256,36,3,5,mobile,refunded,2024-02-22 08:00:00,cash
2877,498,71,3,15,store,cancelled,2024-03-12 08:00:00,card
2878,17,50,5,0,store,cancelled,2024-07-23 11:00:00,online
2879,480,54,3,0,mobile,completed,2024-04-05 09:00:00,cash
2880,260,17,3,20,,refunded,2024-12-29 18:00:00,cash
2881,276,4,3,10,web,cancelled,2024-06-04 09:00:00,card
2882,68,68,2,5,web,refunded,2024-06-05 13:00:00,card
2883,300,89,1,30,web,completed,2024-06-25 19:00:00,card
2884,340,46,5,0,web,cancelled,2024-04-13 12:00:00,card
2885,123,49,1,5,web,cancelled,2024-04-13 12:00:00,card
2886,416,19,4,0,mobile,completed,2024-04-23 03:00:00,card
2887,2,26,4,15,web,completed,2024-06-18 12:00:00,online
2888,488,63,4,0,mobile,cancelled,2024-10-29 14:00:00,card
2889,202,87,4,0,web,completed,2024-09-12 15:00:00,card
2890,68,77,3,20,web,cancelled,2024-05-02 11:00:00,card
2891,89,44,1,15,store,completed,2024-03-25 02:00:00,card
2892,485,68,5,30,mobile,completed,2024-04-24 02:00:00,cash
2893,122,41,3,0,mobile,completed,2024-12-15 19:00:00,card
2894,361,45,1,15,mobile,completed,2024-02-12 12:00:00,online
2895,495,92,3,0,web,refunded,2024-04-25 12:00:00,online
2896,121,15,2,5,web,refunded,2024-12-09 21:00:00,card
2897,88,96,4,0,mobile,completed,2024-02-18 03:00:00,online
2898,420,71,2,10,store,refunded,2024-03-08 01:00:00,card
2899,306,67,2,0,web,completed,2024-08-10 04:00:00,online
2900,206,52,3,0,mobile,refunded,2024-01-14 23:00:00,cash
2901,101,99,2,15,web,cancelled,2024-12-09 18:00:00,card
2902,495,27,3,0,store,completed,2024-01-21 21:00:00,card
2903,484,88,1,0,mobile,completed,2024-02-26 08:00:00,card
2904,78,97,3,0,web,completed,2024-02-17 03:00:00,cash
2905,166,15,2,5,mobile,completed,2024-03-03 22:00:00,card
2906,332,41,3,10,store,refunded,2024-04-10 22:00:00,online
2907,489,24,2,5,mobile,cancelled,2024-04-21 16:00:00,card
2908,433,96,3,5,web,completed,2024-10-15 16:00:00,card
2909,52,30,4,0,web,completed,2024-12-22 02:00:00,card
2910,430,42,5,20,web,refunded,2024-01-14 02:00:00,cash
2911,294,92,2,10,web,refunded,2024-12-03 09:00:00,card
2912,261,87,3,5,mobile,refunded,2024-11-19 08:00:00,card
2913,45,82,5,5,store,refunded,2024-07-21 09:00:00,online
2914,328,37,5,0,mobile,cancelled,2024-05-03 05:00:00,card
2915,304,75,5,0,web,completed,2024-05-08 02:00:00,cash
2916,352,28,1,0,mobile,completed,2024-06-04 05:00:00,card
2917,423,26,3,5,store,completed,2024-01-30 13:00:00,card
2918,283,73,3,0,web,completed,2024-01-22 01:00:00,card
2919,332,42,4,0,web,cancelled,2024-09-18 12:00:00,card
2920,261,55,4,5,web,cancelled,2024-01-07 10:00:00,card
2921,125,62,2,0,web,completed,2024-03-07 11:00:00,online
2922,298,51,4,20,mobile,completed,2024-09-30 16:00:00,cash
2923,58,78,1,30,store,completed,2024-07-07 04:00:00,cash
2924,12,91,3,0,web,refunded,2024-02-28 15:00:00,card
2925,117,14,4,0,web,completed,2024-06-25 00:00:00,card
2926,39,98,3,10,store,cancelled,2024-01-07 08:00:00,card
2927,328,38,1,0,web,cancelled,2024-08-20 18:00:00,card
2928,277,12,2,0,mobile,refunded,2024-05-16 02:00:00,online
2929,429,96,1,0,store,refunded,2024-02-10 05:00:00,card
2930,73,9,4,10,store,completed,2024-12-11 14:00:00,card
2931,290,10,4,0,store,refunded,2024-08-29 04:00:00,card
2932,80,60,5,0,mobile,refunded,2024-07-29 23:00:00,online
2933,175,69,4,5,mobile,refunded,2024-06-07 21:00:00,card
2934,55,78,1,0,web,cancelled,2024-08-25 22:00:00,
2935,459,100,2,15,web,completed,2024-03-29 02:00:00,card
2936,247,53,4,5,web,completed,2024-05-05 00:00:00,card
2937,349,24,5,0,mobile,completed,2024-02-09 23:00:00,card
2938,306,39,5,5,mobile,completed,2024-09-20 00:00:00,online
2939,96,69,5,0,mobile,completed,2024-09-24 18:00:00,online
2940,412,98,5,0,mobile,completed,2024-07-31 15:00:00,card
2941,106,31,3,15,mobile,completed,2024-05-19 22:00:00,
2942,88,50,3,0,mobile,cancelled,2024-03-07 06:00:00,card
2943,208,88,4,0,store,cancelled,2024-12-27 17:00:00,cash
2944,53,100,4,10,mobile,completed,2024-03-15 13:00:00,
2945,323,93,4,10,web,refunded,2024-07-11 19:00:00,card
2946,184,99,1,5,web,completed,2024-02-20 12:00:00,cash
2947,26,61,2,15,web,refunded,2024-07-23 06:00:00,online
2948,163,27,4,0,web,completed,2024-03-09 00:00:00,card
2949,49,57,1,10,mobile,completed,2024-12-20 07:00:00,online
2950,36,90,1,0,mobile,completed,2024-04-27 01:00:00,card
2951,83,87,4,15,store,cancelled,2024-06-09 23:00:00,online
2952,490,29,2,0,store,refunded,2024-12-18 04:00:00,card
2953,351,42,4,15,mobile,completed,2024-01-04 17:00:00,card
2954,450,62,1,15,mobile,completed,2024-11-06 11:00:00,card
2955,75,75,1,0,web,refunded,2024-09-15 10:00:00,cash
2956,5,3,4,0,mobile,completed,2024-09-24 12:00:00,
2957,143,17,4,5,web,refunded,2024-07-10 17:00:00,online
2958,302,34,4,5,web,cancelled,2024-09-30 04:00:00,card
2959,33,81,4,10,,completed,2024-10-19 08:00:00,card
2960,268,5,2,20,store,refunded,2024-04-14 20:00:00,card
2961,497,60,2,0,store,refunded,2024-02-26 14:00:00,cash
2962,494,18,2,15,mobile,refunded,2024-12-20 22:00:00,cash
2963,497,2,2,5,web,cancelled,2024-03-25 05:00:00,online
2964,483,58,1,10,mobile,refunded,2024-04-15 13:00:00,card
2965,468,34,2,15,web,completed,2024-09-12 01:00:00,online
2966,399,7,3,5,web,cancelled,2024-12-17 01:00:00,card
2967,188,84,1,0,web,cancelled,2024-05-01 19:00:00,online
2968,189,6,4,0,web,completed,2024-08-17 23:00:00,
2969,397,20,3,5,web,completed,2024-08-30 21:00:00,card
2970,140,37,5,10,web,completed,2024-11-11 19:00:00,card
2971,211,33,5,0,store,refunded,2024-04-21 11:00:00,
2972,106,86,1,10,mobile,refunded,2024-06-01 06:00:00,card
2973,447,56,2,0,store,cancelled,2024-11-26 11:00:00,online
2974,273,69,4,0,store,completed,2024-06-01 09:00:00,card
2975,410,59,3,20,web,completed,2024-08-29 01:00:00,card
2976,362,24,5,30,store,cancelled,2024-04-29 15:00:00,card
2977,326,37,3,0,mobile,completed,2024-12-10 12:00:00,online
2978,381,36,5,15,mobile,completed,2024-07-29 05:00:00,card
2979,197,23,5,0,web,completed,2024-11-24 14:00:00,card
2980,250,91,5,20,store,completed,2024-10-09 19:00:00,online
2981,66,61,2,10,mobile,completed,2024-01-03 03:00:00,card
2982,423,80,5,0,mobile,completed,2024-06-27 14:00:00,
2983,441,89,4,30,web,completed,2024-09-19 16:00:00,card
2984,498,83,3,15,web,cancelled,2024-09-03 12:00:00,card
2985,330,27,1,20,web,cancelled,2024-07-01 18:00:00,cash
2986,405,78,4,0,,cancelled,2024-10-25 09:00:00,card
2987,53,67,4,15,,cancelled,2024-06-06 01:00:00,card
2988,368,9,4,0,mobile,completed,2024-07-30 17:00:00,card
2989,346,44,4,0,mobile,cancelled,2024-09-28 16:00:00,card
2990,90,7,1,0,web,completed,2024-01-10 15:00:00,online
2991,150,42,3,20,mobile,completed,2024-01-03 02:00:00,cash
2992,262,13,4,15,mobile,cancelled,2024-12-26 05:00:00,online
2993,484,82,5,0,mobile,completed,2024-07-03 23:00:00,
2994,290,100,2,0,web,cancelled,2024-07-30 14:00:00,card
2995,231,44,4,0,mobile,completed,2024-10-24 23:00:00,online
2996,420,17,5,0,,completed,2024-08-20 18:00:00,cash
2997,260,93,2,0,web,completed,2024-09-29 21:00:00,card
2998,143,93,4,0,web,completed,2024-07-28 04:00:00,cash
2999,360,54,1,0,mobile,cancelled,2024-03-19 03:00:00,cash
3000,8,96,1,5,web,completed,2024-01-09 15:00:00,card
3001,350,79,2,0,mobile,completed,2024-06-12 17:00:00,cash
3002,346,40,4,5,web,cancelled,2024-09-17 08:00:00,online
3003,184,17,2,5,mobile,completed,2024-03-21 14:00:00,cash
3004,374,72,3,0,web,completed,2024-09-15 12:00:00,online
3005,291,27,4,0,mobile,cancelled,2024-08-31 21:00:00,cash
3006,214,65,1,0,web,completed,2024-10-26 19:00:00,card
3007,377,13,4,15,web,cancelled,2024-12-05 18:00:00,card
3008,147,30,4,0,web,cancelled,2024-06-28 15:00:00,card
3009,139,100,4,0,mobile,completed,2024-12-21 18:00:00,card
3010,332,46,5,20,mobile,completed,2024-11-11 05:00:00,card
3011,432,99,3,5,web,completed,2024-01-10 01:00:00,cash
3012,407,62,2,15,web,cancelled,2024-04-01 00:00:00,
3013,470,82,4,0,store,refunded,2024-10-18 02:00:00,card
3014,403,80,5,5,web,cancelled,2024-08-16 15:00:00,card
3015,481,65,3,0,,cancelled,2024-06-20 03:00:00,online
3016,288,86,2,0,web,completed,2024-07-15 12:00:00,cash
3017,193,27,1,5,store,completed,2024-03-02 17:00:00,cash
3018,153,36,5,5,mobile,cancelled,2024-07-12 11:00:00,card
3019,416,63,2,10,mobile,refunded,2024-02-18 02:00:00,online
3020,131,20,2,5,web,cancelled,2024-09-01 10:00:00,cash
3021,341,73,4,0,mobile,completed,2024-02-24 20:00:00,card
3022,358,86,5,20,store,completed,2024-08-18 08:00:00,card
3023,309,97,1,5,web,refunded,2024-01-31 16:00:00,cash
3024,68,69,1,10,web,completed,2024-11-06 20:00:00,online
3025,412,90,3,15,web,cancelled,2024-07-11 20:00:00,cash
3026,142,88,2,10,web,completed,2024-10-30 11:00:00,card
3027,327,89,1,0,store,cancelled,2024-10-12 02:00:00,online
3028,159,3,1,30,web,completed,2024-11-01 12:00:00,card
3029,307,11,1,0,web,refunded,2024-01-08 02:00:00,card
3030,10,25,2,0,store,completed,2024-05-14 19:00:00,card
3031,306,77,5,0,web,completed,2024-09-03 01:00:00,card
3032,9,41,4,10,web,completed,2024-06-30 16:00:00,card
3033,467,40,1,5,mobile,completed,2024-04-04 18:00:00,cash
3034,118,39,3,20,web,completed,2024-09-28 20:00:00,card
3035,246,76,1,0,store,completed,2024-01-31 23:00:00,card
3036,480,96,4,30,web,cancelled,2024-08-06 01:00:00,online
3037,422,1,2,0,mobile,completed,2024-01-16 21:00:00,card
3038,38,11,4,30,,completed,2024-09-04 11:00:00,online
3039,243,43,5,5,web,refunded,2024-12-15 05:00:00,card
3040,367,91,2,10,mobile,completed,2024-03-14 10:00:00,card
3041,31,8,3,0,web,completed,2024-08-12 23:00:00,online
3042,87,94,1,5,web,completed,2024-02-22 21:00:00,online
3043,172,45,4,0,web,completed,2024-03-15 17:00:00,card
3044,11,49,1,5,mobile,cancelled,2024-09-24 16:00:00,online
3045,201,34,1,5,web,completed,2024-03-19 07:00:00,card
3046,290,36,2,5,web,completed,2024-05-21 03:00:00,card
3047,86,1,3,10,mobile,completed,2024-12-12 16:00:00,card
3048,288,68,1,0,,refunded,2024-01-28 06:00:00,card
3049,162,68,5,0,web,cancelled,2024-02-07 22:00:00,cash
3050,213,54,5,0,store,completed,2024-03-08 01:00:00,online
3051,172,2,3,15,store,refunded,2024-01-05 12:00:00,card
3052,128,12,5,20,store,refunded,2024-01-22 00:00:00,card
3053,369,23,4,0,web,completed,2024-01-25 05:00:00,card
3054,314,4,3,5,store,completed,2024-01-22 16:00:00,cash
3055,202,11,3,0,mobile,cancelled,2024-05-24 01:00:00,
3056,325,81,4,0,mobile,completed,2024-02-05 11:00:00,card
3057,379,15,3,20,web,cancelled,2024-10-18 04:00:00,online
3058,11,75,3,5,web,cancelled,2024-11-10 03:00:00,card
3059,407,68,3,0,store,cancelled,2024-09-22 14:00:00,online
3060,106,42,2,0,web,completed,2024-11-02 10:00:00,
3061,262,37,3,0,web,completed,2024-10-31 15:00:00,online
3062,489,55,1,0,mobile,completed,2024-09-07 03:00:00,card
3063,268,74,4,10,mobile,completed,2024-12-20 06:00:00,cash
3064,103,64,1,0,mobile,refunded,2024-07-08 22:00:00,online
3065,150,32,3,0,store,completed,2024-12-17 19:00:00,
3066,342,79,1,0,web,refunded,2024-05-18 16:00:00,card
3067,443,40,1,15,web,completed,2024-05-13 01:00:00,card
3068,288,63,2,5,web,completed,2024-02-23 22:00:00,
3069,159,92,3,0,store,cancelled,2024-07-06 07:00:00,card
3070,151,41,5,10,web,refunded,2024-09-27 04:00:00,online
3071,223,92,4,10,web,completed,2024-08-22 07:00:00,cash
3072,133,69,5,0,web,completed,2024-06-10 13:00:00,cash
3073,69,80,4,0,mobile,completed,2024-06-14 17:00:00,cash
3074,449,43,3,30,web,cancelled,2024-07-17 12:00:00,online
3075,423,85,4,0,web,completed,2024-09-28 10:00:00,card
3076,383,65,1,0,web,completed,2024-01-05 01:00:00,card
3077,340,74,4,10,,refunded,2024-09-16 21:00:00,card
3078,491,82,1,0,mobile,completed,2024-03-04 20:00:00,card
3079,148,100,2,20,mobile,cancelled,2024-08-12 12:00:00,cash
3080,143,54,5,15,web,completed,2024-07-09 01:00:00,online
3081,313,62,1,0,web,completed,2024-05-22 13:00:00,cash
3082,126,62,3,0,mobile,refunded,2024-07-08 22:00:00,
3083,268,7,5,10,store,refunded,2024-11-19 07:00:00,card
3084,53,74,4,0,store,cancelled,2024-06-20 19:00:00,cash
3085,135,85,3,15,mobile,refunded,2024-03-24 17:00:00,online
3086,424,32,5,20,mobile,refunded,2024-04-01 16:00:00,card
3087,67,84,5,5,store,completed,2024-08-22 20:00:00,online
3088,206,88,4,0,store,completed,2024-06-30 17:00:00,card
3089,75,31,5,0,mobile,completed,2024-08-05 15:00:00,card
3090,37,29,4,15,web,completed,2024-11-19 01:00:00,card
3091,165,100,2,0,web,completed,2024-04-09 15:00:00,online
3092,288,75,4,10,store,completed,2024-10-29 16:00:00,card
3093,101,77,5,5,store,completed,2024-07-24 13:00:00,card
3094,280,4,4,20,web,completed,2024-12-19 03:00:00,online
3095,438,89,2,0,web,completed,2024-03-09 20:00:00,card
3096,201,24,1,10,mobile,completed,2024-09-03 21:00:00,online
3097,137,10,3,0,web,completed,2024-12-22 14:00:00,
3098,17,8,4,0,web,cancelled,2024-03-02 13:00:00,card
3099,336,58,3,15,web,cancelled,2024-07-20 05:00:00,online
3100,385,67,5,5,mobile,completed,2024-07-19 01:00:00,card
3101,279,43,1,5,web,completed,2024-01-14 12:00:00,online
3102,485,92,3,5,web,completed,2024-01-24 22:00:00,online
3103,27,74,1,10,web,completed,2024-07-12 22:00:00,cash
3104,242,75,1,10,store,completed,2024-08-02 01:00:00,card
3105,157,40,3,10,mobile,completed,2024-06-26 08:00:00,cash
3106,300,3,2,0,mobile,completed,2024-04-22 19:00:00,card
3107,290,10,3,0,store,refunded,2024-05-18 06:00:00,card
3108,470,59,5,0,mobile,completed,2024-03-29 10:00:00,online
3109,316,82,4,5,web,completed,2024-11-05 10:00:00,card
3110,496,46,5,5,web,completed,2024-12-05 12:00:00,card
3111,153,61,4,15,mobile,completed,2024-02-20 18:00:00,online
3112,268,70,2,0,mobile,completed,2024-03-04 07:00:00,online
3113,297,42,5,0,mobile,cancelled,2024-05-09 02:00:00,card
3114,46,63,5,30,web,completed,2024-11-18 19:00:00,card
3115,103,74,1,0,mobile,completed,2024-04-17 23:00:00,card
3116,369,75,4,0,store,completed,2024-02-15 15:00:00,online
3117,295,36,2,20,mobile,cancelled,2024-05-18 23:00:00,cash
3118,401,19,4,0,mobile,completed,2024-07-21 05:00:00,card
3119,454,65,4,10,mobile,completed,2024-06-23 18:00:00,card
3120,55,95,3,10,web,completed,2024-02-16 23:00:00,online
3121,382,26,1,20,mobile,completed,2024-11-16 23:00:00,card
3122,461,54,3,0,web,completed,2024-03-28 05:00:00,card
3123,54,89,4,15,mobile,cancelled,2024-05-18 12:00:00,online
3124,402,72,5,5,web,cancelled,2024-08-29 08:00:00,card
3125,383,43,1,5,mobile,completed,2024-02-16 08:00:00,card
3126,178,34,4,0,web,completed,2024-04-05 04:00:00,card
3127,59,8,1,10,web,cancelled,2024-12-10 15:00:00,online
3128,195,85,3,15,web,completed,2024-03-23 21:00:00,card
3129,144,73,3,0,web,cancelled,2024-10-15 10:00:00,online
3130,381,67,1,15,mobile,cancelled,2024-07-10 01:00:00,cash
3131,302,65,1,0,mobile,completed,2024-01-09 16:00:00,online
3132,34,41,3,5,,cancelled,2024-05-20 06:00:00,online
3133,268,58,2,5,mobile,completed,2024-01-23 07:00:00,card
3134,70,42,5,15,mobile,completed,2024-10-06 20:00:00,online
3135,206,94,2,0,mobile,completed,2024-03-12 09:00:00,card
3136,203,54,2,5,web,refunded,2024-06-24 10:00:00,online
3137,130,37,1,5,mobile,completed,2024-05-26 04:00:00,card
3138,137,58,1,0,web,refunded,2024-07-24 21:00:00,card
3139,84,37,1,5,web,completed,2024-09-05 10:00:00,card
3140,429,31,5,0,mobile,refunded,2024-09-14 23:00:00,online
3141,295,86,5,15,mobile,cancelled,2024-09-14 13:00:00,card
3142,189,13,5,0,web,completed,2024-10-30 16:00:00,card
3143,370,90,5,0,web,completed,2024-03-26 03:00:00,card
3144,328,62,4,0,web,refunded,2024-12-11 03:00:00,cash
3145,151,27,4,0,,completed,2024-09-15 20:00:00,cash
3146,49,71,5,0,web,completed,2024-08-12 09:00:00,online
3147,16,94,4,10,store,completed,2024-11-05 19:00:00,online
3148,221,3,2,15,mobile,completed,2024-02-01 13:00:00,
3149,449,42,4,10,web,cancelled,2024-06-29 21:00:00,online
3150,340,58,3,0,mobile,cancelled,2024-11-16 00:00:00,card
3151,83,34,4,0,web,completed,2024-11-15 15:00:00,cash
3152,96,67,2,0,store,refunded,2024-04-03 12:00:00,online
3153,137,15,4,0,,completed,2024-03-31 03:00:00,card
3154,130,42,5,5,web,completed,2024-01-15 01:00:00,cash
3155,196,69,2,15,web,completed,2024-09-28 02:00:00,card
3156,403,62,4,20,mobile,completed,2024-06-11 10:00:00,card
3157,130,67,4,5,mobile,refunded,2024-04-06 08:00:00,card
3158,285,20,3,10,web,refunded,2024-12-21 17:00:00,card
3159,224,11,3,0,web,refunded,2024-01-24 17:00:00,online
3160,86,20,1,10,web,completed,2024-11-25 04:00:00,card
3161,155,2,1,0,store,cancelled,2024-06-28 22:00:00,online
3162,62,29,2,0,mobile,completed,2024-11-05 22:00:00,online
3163,463,43,3,10,web,completed,2024-06-05 17:00:00,card
3164,121,44,5,0,mobile,completed,2024-11-12 12:00:00,card
3165,243,42,1,20,mobile,cancelled,2024-12-13 21:00:00,online
3166,313,24,2,0,mobile,completed,2024-05-09 07:00:00,cash
3167,476,30,2,10,web,completed,2024-07-21 20:00:00,card
3168,395,28,2,0,store,completed,2024-01-21 22:00:00,card
3169,307,20,1,0,mobile,completed,2024-02-15 15:00:00,card
3170,335,84,1,0,store,completed,2024-02-23 08:00:00,card
3171,437,50,2,0,store,completed,2024-09-06 13:00:00,card
3172,198,60,4,0,store,completed,2024-06-14 19:00:00,online
3173,117,67,1,10,mobile,completed,2024-04-29 15:00:00,online
3174,418,59,4,20,web,refunded,2024-09-25 22:00:00,card
3175,31,49,5,0,mobile,completed,2024-02-08 17:00:00,card
3176,341,66,5,0,web,cancelled,2024-05-03 02:00:00,online
3177,498,32,1,0,web,completed,2024-07-06 22:00:00,card
3178,221,47,4,0,web,completed,2024-12-05 01:00:00,card
3179,70,74,2,0,web,completed,2024-11-21 15:00:00,card
3180,81,27,2,0,web,cancelled,2024-10-02 09:00:00,cash
3181,194,39,3,15,web,cancelled,2024-08-02 08:00:00,online
3182,72,4,5,0,mobile,refunded,2024-11-07 11:00:00,cash
3183,44,73,2,15,mobile,refunded,2024-05-20 08:00:00,cash
3184,231,74,1,10,mobile,completed,2024-09-05 23:00:00,online
3185,326,32,1,5,mobile,completed,2024-07-03 12:00:00,card
3186,84,63,3,20,web,completed,2024-10-04 14:00:00,card
3187,453,80,1,5,,refunded,2024-08-21 20:00:00,cash
3188,436,8,2,10,store,completed,2024-06-28 13:00:00,online
3189,250,15,5,20,web,completed,2024-09-15 19:00:00,card
3190,473,92,5,0,web,cancelled,2024-10-17 04:00:00,cash
3191,485,83,1,0,web,completed,2024-09-26 15:00:00,card
3192,167,90,1,0,web,completed,2024-08-21 08:00:00,online
3193,325,12,2,0,mobile,refunded,2024-04-01 01:00:00,online
3194,418,33,3,0,mobile,cancelled,2024-05-09 19:00:00,online
3195,252,47,2,15,web,refunded,2024-11-07 22:00:00,online
3196,291,82,2,10,mobile,cancelled,2024-07-22 22:00:00,card
3197,293,90,4,20,web,refunded,2024-07-03 01:00:00,card
3198,211,94,5,0,web,refunded,2024-07-27 06:00:00,
3199,415,94,1,0,mobile,completed,2024-07-06 21:00:00,online
3200,235,7,3,0,mobile,cancelled,2024-11-10 07:00:00,card
3201,139,31,4,0,store,refunded,2024-08-26 04:00:00,card
3202,15,28,5,5,store,completed,2024-06-27 06:00:00,
3203,313,81,2,30,mobile,completed,2024-04-09 15:00:00,card
3204,233,66,3,0,store,completed,2024-06-06 09:00:00,card
3205,182,66,2,0,mobile,cancelled,2024-12-15 20:00:00,card
3206,239,88,4,15,web,completed,2024-03-09 14:00:00,card
3207,21,42,2,0,mobile,completed,2024-08-08 11:00:00,card
3208,394,8,5,20,web,completed,2024-05-04 19:00:00,card
3209,202,86,2,5,web,cancelled,2024-06-19 01:00:00,online
3210,67,97,4,10,,completed,2024-06-05 12:00:00,online
3211,170,99,1,15,mobile,completed,2024-08-25 13:00:00,card
3212,451,55,1,10,store,refunded,2024-05-04 15:00:00,card
3213,21,20,5,15,web,cancelled,2024-01-18 13:00:00,card
3214,137,91,4,20,web,cancelled,2024-07-18 18:00:00,cash
3215,410,43,4,10,web,completed,2024-04-22 01:00:00,card
3216,113,25,2,0,web,completed,2024-10-25 14:00:00,card
3217,166,6,1,5,mobile,refunded,2024-01-19 05:00:00,online
3218,184,77,5,0,store,cancelled,2024-11-23 01:00:00,card
3219,192,16,1,30,web,refunded,2024-08-15 00:00:00,card
3220,195,82,1,0,mobile,completed,2024-10-15 23:00:00,card
3221,308,81,2,0,,cancelled,2024-01-19 07:00:00,card
3222,331,94,3,5,web,completed,2024-05-21 14:00:00,cash
3223,121,34,5,10,store,cancelled,2024-12-19 20:00:00,online
3224,385,50,1,5,store,cancelled,2024-05-11 15:00:00,online
3225,12,42,5,0,web,completed,2024-01-11 19:00:00,cash
3226,316,8,1,0,web,completed,2024-09-11 20:00:00,card
3227,257,5,5,10,web,completed,2024-05-15 23:00:00,card
3228,480,47,3,10,store,completed,2024-10-26 09:00:00,card
3229,61,90,5,0,web,completed,2024-08-29 15:00:00,card
3230,48,66,2,0,store,cancelled,2024-07-07 08:00:00,card
3231,72,21,3,15,store,completed,2024-12-25 23:00:00,online
3232,150,17,1,15,store,cancelled,2024-12-20 19:00:00,card
3233,143,14,3,0,store,completed,2024-03-22 11:00:00,card
3234,447,5,1,0,mobile,completed,2024-09-06 08:00:00,cash
3235,51,53,1,0,web,completed,2024-09-30 09:00:00,card
3236,181,39,3,15,mobile,completed,2024-01-08 04:00:00,card
3237,114,66,1,0,web,completed,2024-11-26 18:00:00,cash
3238,82,47,5,15,store,completed,2024-07-21 11:00:00,card
3239,138,8,2,15,store,refunded,2024-07-06 13:00:00,
3240,288,71,4,0,web,cancelled,2024-05-08 18:00:00,card
3241,102,39,4,5,mobile,cancelled,2024-02-22 16:00:00,cash
3242,84,62,3,10,web,cancelled,2024-11-09 14:00:00,cash
3243,73,63,3,5,web,refunded,2024-04-08 03:00:00,card
3244,106,29,4,15,mobile,completed,2024-08-20 06:00:00,card
3245,377,68,4,0,web,completed,2024-03-25 11:00:00,online
3246,466,49,1,20,mobile,cancelled,2024-05-14 05:00:00,card
3247,201,92,5,0,mobile,completed,2024-04-10 14:00:00,card
3248,240,57,3,0,mobile,completed,2024-01-07 19:00:00,card
3249,487,87,4,5,,refunded,2024-11-20 21:00:00,online
3250,416,45,2,15,mobile,completed,2024-08-10 05:00:00,card
3251,132,7,2,0,mobile,completed,2024-04-06 07:00:00,online
3252,365,1,4,0,web,completed,2024-04-21 02:00:00,cash
3253,51,84,3,30,mobile,refunded,2024-09-09 09:00:00,cash
3254,307,84,2,0,web,completed,2024-05-20 22:00:00,cash
3255,320,24,2,0,mobile,completed,2024-12-09 03:00:00,card
3256,336,62,2,5,web,completed,2024-07-25 00:00:00,card
3257,497,97,4,5,mobile,completed,2024-08-20 13:00:00,card
3258,101,46,3,0,store,refunded,2024-04-11 21:00:00,card
3259,112,19,5,0,web,completed,2024-02-02 14:00:00,cash
3260,30,14,3,0,web,completed,2024-11-23 09:00:00,online
3261,494,48,4,20,mobile,completed,2024-07-07 01:00:00,card
3262,247,49,4,15,mobile,completed,2024-08-27 23:00:00,cash
3263,38,28,3,15,web,completed,2024-03-19 17:00:00,online
3264,337,84,2,15,store,cancelled,2024-11-03 14:00:00,cash
3265,266,59,1,20,store,cancelled,2024-11-26 21:00:00,card
3266,282,51,1,5,mobile,cancelled,2024-07-10 06:00:00,card
3267,353,88,1,20,,completed,2024-06-12 10:00:00,card
3268,47,46,3,30,web,completed,2024-07-30 05:00:00,cash
3269,79,10,2,0,,refunded,2024-09-06 07:00:00,online
3270,11,7,4,0,store,cancelled,2024-03-31 08:00:00,cash
3271,331,12,1,10,mobile,cancelled,2024-04-02 15:00:00,cash
3272,12,53,5,0,web,completed,2024-12-17 02:00:00,online
3273,498,73,4,0,,completed,2024-06-04 00:00:00,card
3274,159,94,3,0,web,refunded,2024-08-19 06:00:00,cash
3275,461,15,4,10,mobile,refunded,2024-08-09 11:00:00,cash
3276,209,88,5,15,store,completed,2024-08-01 05:00:00,online
3277,153,56,5,15,mobile,completed,2024-12-09 02:00:00,card
3278,474,56,1,10,web,completed,2024-01-13 12:00:00,cash
3279,83,18,5,0,,completed,2024-08-10 07:00:00,card
3280,16,99,3,0,mobile,completed,2024-06-13 07:00:00,card
3281,18,41,3,0,mobile,completed,2024-12-27 23:00:00,cash
3282,219,50,4,15,store,completed,2024-07-07 04:00:00,cash
3283,268,72,1,5,store,completed,2024-07-23 10:00:00,online
3284,188,56,3,0,store,completed,2024-02-02 23:00:00,card
3285,7,96,3,0,web,completed,2024-03-08 03:00:00,online
3286,359,64,5,0,web,cancelled,2024-01-14 01:00:00,card
3287,26,35,5,30,mobile,refunded,2024-05-16 05:00:00,cash
3288,459,72,3,0,mobile,cancelled,2024-10-10 03:00:00,card
3289,9,38,2,0,store,completed,2024-03-07 22:00:00,card
3290,117,16,2,5,mobile,completed,2024-07-08 16:00:00,card
3291,380,35,5,10,mobile,completed,2024-04-14 14:00:00,cash
3292,72,92,2,0,web,completed,2024-06-30 10:00:00,cash
3293,292,59,2,10,web,completed,2024-02-19 04:00:00,
3294,157,65,4,30,store,refunded,2024-01-27 19:00:00,cash
3295,392,10,1,0,mobile,cancelled,2024-04-22 01:00:00,cash
3296,377,47,2,20,,cancelled,2024-06-12 03:00:00,cash
3297,118,19,3,0,store,completed,2024-11-23 14:00:00,card
3298,275,100,1,0,mobile,cancelled,2024-06-27 16:00:00,card
3299,270,10,4,0,web,completed,2024-04-29 19:00:00,cash
3300,145,90,4,10,web,completed,2024-03-31 23:00:00,cash
3301,385,91,5,0,web,cancelled,2024-06-03 19:00:00,card
3302,470,78,1,0,mobile,completed,2024-03-29 01:00:00,card
3303,154,51,5,15,web,refunded,2024-08-16 18:00:00,online
3304,465,18,2,0,mobile,completed,2024-01-20 02:00:00,card
3305,372,73,2,0,web,cancelled,2024-11-10 18:00:00,card
3306,119,100,5,0,web,cancelled,2024-03-17 10:00:00,online
3307,439,21,5,0,mobile,refunded,2024-05-11 13:00:00,
3308,27,13,3,0,web,completed,2024-03-29 16:00:00,card
3309,94,61,3,20,web,completed,2024-06-22 13:00:00,card
3310,246,72,5,0,mobile,completed,2024-07-31 18:00:00,online
3311,69,65,5,5,mobile,completed,2024-02-16 22:00:00,card
3312,88,53,4,10,mobile,refunded,2024-11-23 05:00:00,card
3313,437,60,2,10,web,completed,2024-09-24 21:00:00,card
3314,291,16,5,10,store,completed,2024-07-20 19:00:00,card
3315,96,95,1,0,web,completed,2024-04-09 14:00:00,
3316,83,79,5,0,web,completed,2024-07-02 13:00:00,card
3317,294,41,2,5,web,completed,2024-07-22 01:00:00,cash
3318,322,67,5,0,web,completed,2024-06-21 12:00:00,online
3319,436,82,1,0,web,refunded,2024-01-27 22:00:00,card
3320,276,5,1,0,web,completed,2024-06-09 09:00:00,
3321,286,15,4,30,,cancelled,2024-01-19 06:00:00,card
3322,245,1,4,5,web,completed,2024-06-08 17:00:00,card
3323,427,78,3,10,web,completed,2024-07-09 12:00:00,cash
3324,91,18,4,10,mobile,completed,2024-12-23 14:00:00,cash
3325,435,12,1,5,,cancelled,2024-08-20 16:00:00,online
3326,377,22,3,10,mobile,completed,2024-06-24 04:00:00,card
3327,328,91,2,0,mobile,completed,2024-04-16 12:00:00,cash
3328,235,12,5,0,web,cancelled,2024-03-19 17:00:00,cash
3329,447,86,2,15,web,completed,2024-12-10 20:00:00,online
3330,446,87,1,20,,completed,2024-01-19 00:00:00,cash
3331,98,57,5,5,store,completed,2024-04-22 19:00:00,card
3332,298,4,1,5,mobile,completed,2024-12-30 00:00:00,online
3333,390,82,3,5,store,completed,2024-05-16 19:00:00,card
3334,461,29,1,0,web,refunded,2024-11-28 03:00:00,card
3335,98,42,4,0,mobile,completed,2024-05-02 22:00:00,card
3336,288,81,3,15,web,completed,2024-11-29 11:00:00,online
3337,490,3,2,10,web,completed,2024-03-22 11:00:00,card
3338,492,84,5,0,mobile,completed,2024-01-08 11:00:00,
3339,164,90,4,20,web,cancelled,2024-08-12 21:00:00,cash
3340,217,38,3,5,store,completed,2024-01-07 14:00:00,card
3341,371,19,4,20,web,completed,2024-03-09 06:00:00,cash
3342,202,58,3,5,store,completed,2024-12-14 22:00:00,online
3343,79,84,4,20,mobile,cancelled,2024-05-21 21:00:00,card
3344,122,11,1,15,web,completed,2024-01-07 09:00:00,cash
3345,390,56,2,0,mobile,cancelled,2024-06-11 13:00:00,cash
3346,67,89,4,5,mobile,refunded,2024-03-11 14:00:00,card
3347,497,50,4,15,web,refunded,2024-03-09 22:00:00,cash
3348,176,29,2,0,mobile,refunded,2024-11-05 04:00:00,card
3349,498,88,5,0,web,completed,2024-12-11 00:00:00,card
3350,20,76,4,10,store,refunded,2024-10-03 03:00:00,card
3351,66,60,4,0,,completed,2024-08-31 18:00:00,card
3352,327,7,2,15,web,completed,2024-05-22 02:00:00,card
3353,261,62,1,0,mobile,cancelled,2024-09-19 07:00:00,cash
3354,312,51,3,0,store,cancelled,2024-06-26 02:00:00,online
3355,126,84,4,0,mobile,cancelled,2024-08-11 05:00:00,cash
3356,11,83,2,0,mobile,refunded,2024-04-19 20:00:00,online
3357,255,46,3,0,web,completed,2024-04-06 17:00:00,online
3358,277,75,5,0,web,completed,2024-03-05 23:00:00,card
3359,448,26,3,10,mobile,refunded,2024-08-31 22:00:00,card
3360,358,92,3,5,web,completed,2024-10-09 05:00:00,
3361,197,53,4,0,web,completed,2024-12-01 12:00:00,card
3362,370,35,4,0,web,cancelled,2024-07-06 09:00:00,online
3363,106,79,3,0,mobile,completed,2024-01-22 04:00:00,card
3364,300,56,5,5,store,completed,2024-01-04 05:00:00,card
3365,21,33,2,0,mobile,completed,2024-07-12 09:00:00,cash
3366,370,38,2,5,web,completed,2024-05-21 13:00:00,cash
3367,185,75,5,0,mobile,completed,2024-01-28 13:00:00,card
3368,393,57,1,15,web,completed,2024-10-11 04:00:00,online
3369,337,50,5,10,mobile,completed,2024-07-25 14:00:00,card
3370,213,86,4,0,mobile,completed,2024-10-04 17:00:00,online
3371,120,30,1,0,,completed,2024-01-13 00:00:00,card
3372,114,38,5,0,web,cancelled,2024-05-20 20:00:00,online
3373,350,72,2,5,web,cancelled,2024-07-16 15:00:00,
3374,166,59,1,15,,completed,2024-02-12 06:00:00,
3375,123,3,2,15,web,completed,2024-01-19 08:00:00,card
3376,273,62,2,15,store,completed,2024-08-14 11:00:00,cash
3377,151,82,4,0,mobile,completed,2024-09-10 17:00:00,online
3378,26,100,4,10,store,refunded,2024-11-14 06:00:00,card
3379,343,29,3,10,web,completed,2024-04-24 16:00:00,online
3380,69,43,5,0,web,completed,2024-03-01 19:00:00,card
3381,417,3,3,0,store,completed,2024-11-10 13:00:00,online
3382,129,16,2,10,web,completed,2024-04-15 02:00:00,card
3383,21,72,2,5,mobile,cancelled,2024-05-26 13:00:00,card
3384,142,60,2,15,mobile,cancelled,2024-09-13 19:00:00,card
3385,203,73,3,0,web,completed,2024-02-01 11:00:00,card
3386,248,85,4,5,mobile,completed,2024-10-19 05:00:00,
3387,180,71,2,15,web,completed,2024-05-23 23:00:00,online
3388,10,8,5,10,mobile,completed,2024-02-23 18:00:00,card
3389,431,48,4,0,web,cancelled,2024-03-13 05:00:00,card
3390,367,48,4,0,web,completed,2024-02-11 14:00:00,card
3391,307,40,5,10,mobile,refunded,2024-01-06 07:00:00,cash
3392,101,24,3,20,,completed,2024-11-06 06:00:00,online
3393,236,81,2,5,mobile,completed,2024-09-30 13:00:00,online
3394,110,58,2,0,web,completed,2024-09-10 21:00:00,online
3395,88,75,5,0,web,completed,2024-12-10 07:00:00,card
3396,355,80,4,0,,refunded,2024-05-18 16:00:00,online
3397,145,9,5,0,web,cancelled,2024-04-26 15:00:00,card
3398,354,81,3,0,mobile,completed,2024-08-10 15:00:00,online
3399,455,100,2,0,mobile,refunded,2024-04-21 14:00:00,online
3400,233,41,3,5,mobile,refunded,2024-01-21 14:00:00,cash
3401,234,81,4,0,store,completed,2024-10-14 16:00:00,cash
3402,324,49,1,5,web,cancelled,2024-08-07 01:00:00,
3403,301,19,3,0,mobile,completed,2024-04-14 11:00:00,card
3404,250,81,2,0,store,completed,2024-11-14 21:00:00,card
3405,309,44,4,0,mobile,completed,2024-10-27 00:00:00,card
3406,311,52,5,0,mobile,refunded,2024-07-13 05:00:00,card
3407,124,24,4,10,web,completed,2024-02-15 23:00:00,card
3408,124,51,5,0,store,completed,2024-10-26 11:00:00,online
3409,393,65,5,10,store,completed,2024-09-12 12:00:00,online
3410,178,16,2,10,mobile,cancelled,2024-06-20 20:00:00,card
3411,41,80,1,0,web,completed,2024-04-25 02:00:00,card
3412,212,26,2,10,web,completed,2024-07-06 07:00:00,card
3413,273,21,2,15,mobile,completed,2024-07-28 23:00:00,online
3414,322,32,3,0,web,completed,2024-01-06 01:00:00,cash
3415,216,48,5,10,web,refunded,2024-09-22 14:00:00,card
3416,316,53,3,10,web,completed,2024-04-24 10:00:00,card
3417,410,73,3,15,,completed,2024-03-15 12:00:00,card
3418,27,29,5,0,web,refunded,2024-07-22 10:00:00,online
3419,41,15,1,5,web,completed,2024-11-23 03:00:00,cash
3420,387,83,1,10,store,completed,2024-01-11 11:00:00,
3421,401,83,2,5,mobile,refunded,2024-10-10 05:00:00,
3422,345,92,1,5,web,completed,2024-01-03 05:00:00,online
3423,459,99,2,15,web,cancelled,2024-10-16 00:00:00,card
3424,429,8,2,5,store,completed,2024-02-17 02:00:00,card
3425,395,41,5,15,mobile,refunded,2024-09-14 23:00:00,cash
3426,343,25,1,0,mobile,completed,2024-01-18 18:00:00,card
3427,163,22,2,0,mobile,completed,2024-02-09 09:00:00,
3428,92,16,1,15,web,completed,2024-12-22 21:00:00,card
3429,19,54,2,10,store,completed,2024-10-25 18:00:00,
3430,332,16,4,0,web,completed,2024-11-19 23:00:00,card
3431,453,6,1,0,mobile,completed,2024-03-27 02:00:00,card
3432,107,47,1,20,mobile,completed,2024-12-07 21:00:00,card
3433,288,47,3,0,mobile,refunded,2024-06-14 00:00:00,card
3434,319,10,1,5,mobile,refunded,2024-08-08 13:00:00,card
3435,344,87,2,0,store,cancelled,2024-05-16 15:00:00,card
3436,329,90,2,0,mobile,completed,2024-07-07 08:00:00,card
3437,25,22,3,20,mobile,completed,2024-03-15 18:00:00,card
3438,292,91,1,5,mobile,refunded,2024-04-10 17:00:00,card
3439,84,14,5,15,mobile,completed,2024-02-17 09:00:00,cash
3440,241,2,2,5,store,completed,2024-05-03 06:00:00,card
3441,173,16,4,15,web,completed,2024-09-05 15:00:00,card
3442,179,74,4,0,web,completed,2024-08-21 04:00:00,card
3443,221,76,3,15,store,cancelled,2024-07-07 12:00:00,card
3444,10,81,5,5,web,cancelled,2024-09-15 09:00:00,
3445,253,88,1,10,mobile,refunded,2024-10-26 14:00:00,cash
3446,196,61,1,15,mobile,refunded,2024-02-07 13:00:00,cash
3447,189,47,1,0,web,cancelled,2024-02-03 01:00:00,card
3448,300,7,1,30,mobile,completed,2024-06-10 23:00:00,card
3449,432,36,4,0,mobile,cancelled,2024-07-07 14:00:00,online
3450,423,49,5,0,web,cancelled,2024-07-04 21:00:00,cash
3451,3,94,3,0,store,completed,2024-12-12 10:00:00,online
3452,6,11,1,0,web,refunded,2024-08-14 12:00:00,online
3453,258,47,4,5,web,completed,2024-03-01 12:00:00,online
3454,429,95,4,0,,completed,2024-08-06 19:00:00,card
3455,286,28,3,0,web,completed,2024-01-30 12:00:00,card
3456,69,13,3,0,mobile,cancelled,2024-12-07 15:00:00,cash
3457,474,91,2,10,mobile,completed,2024-06-25 17:00:00,online
3458,203,87,5,10,mobile,cancelled,2024-07-27 03:00:00,card
3459,462,9,5,10,mobile,completed,2024-02-09 22:00:00,card
3460,361,84,5,15,,completed,2024-03-13 20:00:00,
3461,299,65,4,10,web,completed,2024-07-19 11:00:00,card
3462,55,47,4,20,web,refunded,2024-05-27 17:00:00,card
3463,116,23,1,0,mobile,cancelled,2024-09-02 12:00:00,cash
3464,8,39,2,10,web,refunded,2024-12-14 23:00:00,card
3465,104,93,3,5,store,completed,2024-06-24 10:00:00,card
3466,303,54,5,15,store,refunded,2024-08-04 02:00:00,online
3467,173,43,2,10,store,completed,2024-10-23 20:00:00,card
3468,248,78,3,0,web,cancelled,2024-10-19 19:00:00,card
3469,264,93,2,10,store,completed,2024-01-03 06:00:00,cash
3470,309,66,1,15,web,completed,2024-06-14 21:00:00,cash
3471,366,68,4,0,web,refunded,2024-08-06 23:00:00,card
3472,359,35,4,0,mobile,completed,2024-12-29 23:00:00,card
3473,448,11,4,10,mobile,completed,2024-01-23 04:00:00,online
3474,62,81,1,15,mobile,cancelled,2024-10-14 02:00:00,online
3475,358,68,2,15,web,cancelled,2024-08-16 20:00:00,card
3476,348,81,5,0,web,refunded,2024-01-18 14:00:00,online
3477,168,88,5,10,web,cancelled,2024-11-27 03:00:00,cash
3478,344,47,4,0,web,refunded,2024-11-15 19:00:00,card
3479,317,22,5,10,web,completed,2024-12-13 01:00:00,card
3480,62,59,3,30,,refunded,2024-04-03 21:00:00,online
3481,424,19,4,15,store,refunded,2024-04-06 12:00:00,online
3482,264,96,1,0,mobile,completed,2024-01-22 01:00:00,online
3483,172,31,4,0,web,completed,2024-04-07 06:00:00,card
3484,317,2,2,0,web,refunded,2024-11-19 15:00:00,
3485,167,5,4,10,mobile,refunded,2024-01-10 14:00:00,card
3486,37,73,3,5,mobile,completed,2024-07-05 04:00:00,card
3487,434,82,3,0,mobile,cancelled,2024-06-26 21:00:00,card
3488,47,3,4,10,web,refunded,2024-07-19 02:00:00,card
3489,83,73,2,5,web,completed,2024-11-09 16:00:00,card
3490,69,89,4,15,web,completed,2024-06-06 01:00:00,cash
3491,457,47,5,0,web,completed,2024-09-10 19:00:00,card
3492,324,95,2,10,mobile,refunded,2024-01-16 01:00:00,online
3493,496,26,1,0,web,refunded,2024-10-11 12:00:00,cash
3494,431,99,4,0,mobile,cancelled,2024-06-17 02:00:00,cash
3495,399,83,3,0,store,completed,2024-11-11 08:00:00,card
3496,72,50,1,10,web,completed,2024-11-21 05:00:00,online
3497,114,52,1,15,store,cancelled,2024-12-06 20:00:00,card
3498,358,78,1,0,web,completed,2024-03-26 16:00:00,online
3499,211,66,3,15,mobile,completed,2024-10-11 22:00:00,online
3500,231,22,4,15,mobile,completed,2024-04-28 00:00:00,
3501,74,43,2,0,store,completed,2024-12-30 18:00:00,online
3502,213,9,3,0,store,completed,2024-06-08 20:00:00,card
3503,43,1,3,0,web,completed,2024-09-17 11:00:00,cash
3504,165,76,2,0,mobile,cancelled,2024-09-11 03:00:00,card
3505,414,9,4,0,web,completed,2024-02-13 14:00:00,card
3506,408,58,5,10,web,completed,2024-05-30 20:00:00,online
3507,5,98,1,0,store,completed,2024-04-16 05:00:00,card
3508,30,34,2,0,mobile,cancelled,2024-05-02 01:00:00,card
3509,167,22,3,0,web,completed,2024-04-03 06:00:00,card
3510,242,90,1,0,web,completed,2024-02-21 11:00:00,online
3511,83,65,5,0,web,refunded,2024-10-02 12:00:00,card
3512,231,38,4,5,mobile,completed,2024-10-15 09:00:00,card
3513,65,20,3,0,mobile,completed,2024-02-18 08:00:00,online
3514,136,71,5,0,mobile,completed,2024-10-13 06:00:00,online
3515,149,36,4,5,web,cancelled,2024-12-07 19:00:00,online
3516,277,12,3,15,web,completed,2024-11-14 09:00:00,card
3517,169,36,3,5,mobile,completed,2024-04-14 02:00:00,online
3518,196,94,1,20,store,completed,2024-04-19 19:00:00,card
3519,186,94,1,0,web,completed,2024-11-14 13:00:00,online
3520,447,75,3,0,web,completed,2024-05-16 09:00:00,card
3521,64,36,4,0,web,cancelled,2024-02-19 04:00:00,card
3522,471,16,1,10,web,completed,2024-12-23 17:00:00,card
3523,62,69,2,0,store,cancelled,2024-12-03 00:00:00,online
3524,303,26,2,30,,completed,2024-02-03 13:00:00,online
3525,205,54,4,5,mobile,completed,2024-03-20 03:00:00,card
3526,201,41,5,0,mobile,completed,2024-08-11 11:00:00,card
3527,66,2,4,0,mobile,completed,2024-10-25 15:00:00,card
3528,496,11,4,10,mobile,cancelled,2024-04-05 14:00:00,cash
3529,439,31,4,5,web,cancelled,2024-01-07 23:00:00,card
3530,193,45,5,0,web,completed,2024-11-10 21:00:00,online
3531,152,38,5,20,web,completed,2024-07-23 14:00:00,online
3532,68,85,4,5,web,completed,2024-03-09 13:00:00,card
3533,58,81,5,15,mobile,cancelled,2024-09-17 05:00:00,cash
3534,499,30,4,0,mobile,completed,2024-04-01 07:00:00,card
3535,212,3,5,5,mobile,completed,2024-08-05 17:00:00,cash
3536,238,4,5,10,web,refunded,2024-07-19 17:00:00,online
3537,310,39,3,0,web,completed,2024-01-23 12:00:00,card
3538,465,47,4,0,store,completed,2024-03-01 09:00:00,online
3539,104,97,3,5,mobile,completed,2024-05-01 15:00:00,card
3540,233,44,2,15,store,completed,2024-09-16 21:00:00,card
3541,404,32,1,0,store,completed,2024-09-29 09:00:00,online
3542,136,12,4,30,web,refunded,2024-08-27 20:00:00,card
3543,449,1,1,10,mobile,completed,2024-11-02 02:00:00,card
3544,64,95,3,20,web,completed,2024-01-26 10:00:00,online
3545,22,32,3,15,web,cancelled,2024-06-07 01:00:00,card
3546,56,55,5,20,mobile,completed,2024-06-27 15:00:00,
3547,480,36,1,0,store,completed,2024-03-16 01:00:00,cash
3548,75,47,4,15,store,completed,2024-03-24 05:00:00,online
3549,280,69,3,0,mobile,completed,2024-09-24 14:00:00,online
3550,266,58,4,0,mobile,completed,2024-01-05 20:00:00,online
3551,99,50,5,0,store,refunded,2024-07-07 08:00:00,online
3552,306,19,3,15,store,completed,2024-05-19 07:00:00,online
3553,81,39,4,5,web,completed,2024-06-06 09:00:00,online
3554,356,47,5,0,web,cancelled,2024-08-23 07:00:00,card
3555,415,43,4,0,web,completed,2024-11-09 17:00:00,card
3556,147,64,3,10,web,completed,2024-09-18 20:00:00,online
3557,360,54,3,0,web,refunded,2024-10-07 10:00:00,card
3558,122,100,2,20,web,cancelled,2024-05-11 17:00:00,cash
3559,174,12,3,15,mobile,completed,2024-12-30 14:00:00,cash
3560,287,97,3,0,mobile,completed,2024-06-02 11:00:00,
3561,478,6,2,5,web,cancelled,2024-07-31 19:00:00,cash
3562,8,11,2,20,store,completed,2024-05-11 17:00:00,online
3563,421,61,4,5,web,cancelled,2024-06-11 22:00:00,online
3564,328,9,5,0,web,completed,2024-10-10 00:00:00,card
3565,368,71,5,0,web,completed,2024-12-22 17:00:00,card
3566,159,70,2,5,web,completed,2024-10-03 23:00:00,card
3567,477,9,3,0,,completed,2024-03-09 04:00:00,cash
3568,474,37,5,10,mobile,cancelled,2024-11-23 18:00:00,cash
3569,415,78,3,0,web,completed,2024-11-29 02:00:00,cash
3570,84,75,2,0,web,cancelled,2024-09-02 19:00:00,online
3571,162,100,2,5,mobile,completed,2024-03-24 00:00:00,card
3572,453,96,2,15,web,completed,2024-05-08 04:00:00,online
3573,189,81,3,10,mobile,refunded,2024-08-13 16:00:00,cash
3574,367,83,2,10,web,refunded,2024-05-10 16:00:00,card
3575,46,88,5,0,store,completed,2024-04-13 18:00:00,cash
3576,269,84,1,10,mobile,refunded,2024-10-16 07:00:00,cash
3577,408,37,4,20,web,completed,2024-10-17 11:00:00,cash
3578,159,48,2,0,store,completed,2024-01-24 10:00:00,cash
3579,308,93,5,15,web,completed,2024-03-03 19:00:00,card
3580,69,68,1,10,mobile,cancelled,2024-03-16 00:00:00,online
3581,159,73,3,5,web,completed,2024-09-28 07:00:00,online
3582,473,3,5,0,mobile,completed,2024-07-23 10:00:00,cash
3583,265,69,1,0,,completed,2024-04-05 23:00:00,card
3584,179,86,3,30,web,completed,2024-12-02 03:00:00,online
3585,278,5,1,15,,completed,2024-01-13 22:00:00,cash
3586,414,36,3,15,store,completed,2024-04-25 11:00:00,card
3587,318,48,2,0,store,cancelled,2024-08-02 15:00:00,
3588,85,51,4,0,mobile,completed,2024-09-02 19:00:00,card
3589,243,18,4,0,web,completed,2024-08-12 22:00:00,card
3590,196,100,2,20,web,completed,2024-02-17 13:00:00,cash
3591,6,46,1,0,store,completed,2024-06-20 04:00:00,card
3592,268,14,3,10,web,completed,2024-01-19 18:00:00,cash
3593,243,34,5,10,web,completed,2024-06-12 18:00:00,card
3594,260,90,3,5,web,completed,2024-08-14 00:00:00,card
3595,68,16,2,0,web,completed,2024-07-15 02:00:00,online
3596,291,64,3,10,mobile,completed,2024-08-22 13:00:00,online
3597,213,38,1,0,mobile,cancelled,2024-09-18 12:00:00,online
3598,295,62,1,0,web,completed,2024-11-30 05:00:00,card
3599,190,42,2,0,web,cancelled,2024-02-15 09:00:00,card
3600,89,29,5,0,web,completed,2024-08-27 21:00:00,cash
3601,470,81,5,0,store,cancelled,2024-06-30 22:00:00,
3602,277,42,5,0,mobile,completed,2024-06-22 04:00:00,cash
3603,211,77,3,15,mobile,completed,2024-06-06 16:00:00,cash
3604,246,26,5,15,web,refunded,2024-02-10 16:00:00,cash
3605,60,12,4,0,,cancelled,2024-03-23 03:00:00,cash
3606,433,39,2,10,store,completed,2024-05-16 16:00:00,card
3607,158,21,5,15,mobile,completed,2024-09-27 22:00:00,
3608,68,23,5,0,mobile,refunded,2024-01-31 11:00:00,card
3609,26,97,4,0,store,completed,2024-10-25 19:00:00,card
3610,85,91,2,0,mobile,completed,2024-08-09 23:00:00,card
3611,152,85,4,0,mobile,completed,2024-03-08 01:00:00,card
3612,485,7,2,15,web,completed,2024-01-04 21:00:00,card
3613,166,47,4,5,web,completed,2024-11-07 06:00:00,online
3614,109,41,4,10,web,completed,2024-11-22 08:00:00,card
3615,9,97,1,5,mobile,completed,2024-10-03 04:00:00,card
3616,427,32,3,5,web,completed,2024-07-05 08:00:00,cash
3617,188,47,2,0,web,completed,2024-06-24 23:00:00,card
3618,210,68,2,0,store,cancelled,2024-01-21 05:00:00,card
3619,90,40,4,10,web,completed,2024-12-21 13:00:00,card
3620,362,50,4,0,web,completed,2024-01-25 12:00:00,card
3621,281,37,4,10,mobile,cancelled,2024-08-18 14:00:00,card
3622,117,66,4,5,,completed,2024-08-05 00:00:00,online
3623,55,25,2,0,,refunded,2024-03-07 13:00:00,card
3624,240,40,5,5,mobile,completed,2024-05-23 16:00:00,card
3625,222,100,1,5,web,cancelled,2024-12-05 15:00:00,card
3626,409,14,3,20,web,completed,2024-01-02 04:00:00,card
3627,111,14,1,10,mobile,cancelled,2024-07-19 04:00:00,card
3628,499,52,2,0,web,cancelled,2024-02-09 02:00:00,card
3629,434,36,1,30,mobile,completed,2024-05-13 04:00:00,card
3630,470,91,3,0,web,refunded,2024-12-17 19:00:00,card
3631,379,77,4,0,web,refunded,2024-10-19 04:00:00,online
3632,314,9,3,10,web,completed,2024-10-07 14:00:00,online
3633,242,72,1,5,mobile,completed,2024-04-17 13:00:00,card
3634,462,87,1,0,web,completed,2024-09-03 12:00:00,card
3635,192,51,4,20,mobile,completed,2024-02-21 15:00:00,
3636,221,42,4,5,web,refunded,2024-05-14 04:00:00,
3637,117,68,3,0,mobile,cancelled,2024-01-24 22:00:00,cash
3638,153,64,2,10,web,refunded,2024-08-28 08:00:00,card
3639,406,95,2,0,web,completed,2024-09-26 00:00:00,card
3640,13,12,3,0,store,refunded,2024-10-30 13:00:00,online
3641,483,95,2,10,store,completed,2024-04-16 00:00:00,card
3642,481,68,5,5,mobile,completed,2024-11-22 13:00:00,cash
3643,276,100,5,0,web,completed,2024-02-24 13:00:00,cash
3644,57,91,1,0,web,completed,2024-10-26 23:00:00,
3645,306,10,4,10,store,completed,2024-12-03 22:00:00,card
3646,159,81,2,5,web,refunded,2024-08-10 19:00:00,online
3647,422,42,4,15,web,cancelled,2024-03-17 19:00:00,card
3648,219,61,2,15,mobile,completed,2024-09-28 03:00:00,online
3649,15,15,5,0,web,completed,2024-04-12 17:00:00,card
3650,467,24,1,0,web,completed,2024-10-04 02:00:00,cash
3651,481,61,1,5,mobile,cancelled,2024-03-05 17:00:00,card
3652,464,28,3,0,web,refunded,2024-09-24 06:00:00,card
3653,56,93,2,15,store,cancelled,2024-07-31 12:00:00,online
3654,121,25,2,0,web,cancelled,2024-07-02 00:00:00,cash
3655,389,56,3,5,web,completed,2024-08-24 15:00:00,card
3656,167,76,3,5,web,completed,2024-06-19 12:00:00,online
3657,89,96,3,0,web,completed,2024-10-15 09:00:00,cash
3658,384,98,5,0,mobile,completed,2024-11-22 08:00:00,card
3659,397,45,5,0,mobile,completed,2024-04-11 05:00:00,card
3660,470,62,2,10,store,completed,2024-03-12 15:00:00,online
3661,149,67,2,30,mobile,completed,2024-07-21 20:00:00,card
3662,117,59,4,0,mobile,completed,2024-04-29 04:00:00,online
3663,465,6,3,15,mobile,completed,2024-01-14 03:00:00,card
3664,219,70,3,0,mobile,refunded,2024-08-10 18:00:00,cash
3665,188,54,4,0,mobile,cancelled,2024-05-26 09:00:00,card
3666,323,91,1,30,mobile,refunded,2024-02-06 23:00:00,card
3667,283,79,5,10,mobile,refunded,2024-07-28 10:00:00,card
3668,478,5,4,10,mobile,completed,2024-10-02 07:00:00,online
3669,203,11,1,20,mobile,completed,2024-12-18 13:00:00,
3670,38,73,2,10,web,cancelled,2024-02-11 12:00:00,
3671,402,97,2,10,web,completed,2024-02-09 23:00:00,card
3672,307,46,3,15,store,completed,2024-10-03 06:00:00,online
3673,399,63,3,0,web,completed,2024-04-09 23:00:00,card
3674,347,44,5,0,mobile,refunded,2024-05-14 10:00:00,cash
3675,381,24,5,0,web,completed,2024-04-30 17:00:00,cash
3676,334,65,4,0,web,cancelled,2024-02-06 10:00:00,
3677,345,70,3,10,mobile,refunded,2024-03-04 23:00:00,online
3678,72,87,5,10,web,completed,2024-11-01 13:00:00,cash
3679,145,50,1,0,mobile,refunded,2024-12-03 03:00:00,card
3680,232,68,4,0,web,completed,2024-10-21 19:00:00,cash
3681,379,100,2,15,store,completed,2024-11-27 00:00:00,online
3682,440,98,3,0,store,completed,2024-06-22 23:00:00,card
3683,341,31,2,0,web,completed,2024-11-15 20:00:00,card
3684,429,2,5,5,web,completed,2024-11-19 02:00:00,online
3685,163,33,3,15,mobile,completed,2024-06-12 01:00:00,card
3686,214,42,3,0,web,completed,2024-03-18 04:00:00,online
3687,126,29,1,5,mobile,completed,2024-03-16 17:00:00,online
3688,30,86,2,5,store,completed,2024-10-19 15:00:00,card
3689,11,5,5,0,mobile,completed,2024-02-20 12:00:00,card
3690,306,18,4,10,mobile,completed,2024-12-23 16:00:00,cash
3691,156,96,5,0,mobile,cancelled,2024-04-20 10:00:00,card
3692,101,65,1,0,web,completed,2024-04-27 22:00:00,card
3693,106,19,5,5,web,completed,2024-12-28 12:00:00,card
3694,120,26,3,5,web,completed,2024-11-13 18:00:00,cash
3695,499,37,2,0,mobile,completed,2024-03-13 22:00:00,card
3696,397,50,3,0,mobile,completed,2024-07-23 12:00:00,cash
3697,412,41,2,0,mobile,completed,2024-06-25 13:00:00,cash
3698,426,27,2,20,mobile,completed,2024-06-29 17:00:00,cash
3699,385,18,5,0,mobile,completed,2024-05-15 12:00:00,card
3700,250,57,5,15,mobile,completed,2024-03-28 15:00:00,online
3701,104,94,5,0,mobile,completed,2024-02-01 05:00:00,cash
3702,336,64,3,20,store,refunded,2024-08-24 04:00:00,cash
3703,115,20,4,0,mobile,completed,2024-01-08 16:00:00,card
3704,218,21,1,5,mobile,completed,2024-04-16 13:00:00,card
3705,415,50,1,10,mobile,completed,2024-01-27 13:00:00,online
3706,499,18,2,0,mobile,completed,2024-02-25 07:00:00,card
3707,191,1,2,0,web,cancelled,2024-08-09 16:00:00,card
3708,279,3,5,0,mobile,refunded,2024-05-12 06:00:00,cash
3709,135,15,3,30,web,completed,2024-01-31 16:00:00,card
3710,496,72,2,5,,completed,2024-02-08 08:00:00,online
3711,315,27,4,5,web,completed,2024-08-27 08:00:00,cash
3712,495,89,2,0,mobile,cancelled,2024-02-21 02:00:00,online
3713,29,19,3,10,mobile,completed,2024-08-02 00:00:00,card
3714,122,43,2,10,web,completed,2024-10-22 01:00:00,cash
3715,424,21,5,0,store,completed,2024-06-22 18:00:00,card
3716,119,4,2,15,web,completed,2024-05-28 10:00:00,card
3717,432,45,5,0,mobile,cancelled,2024-01-25 00:00:00,online
3718,82,39,5,0,store,completed,2024-04-08 14:00:00,cash
3719,139,36,2,10,web,refunded,2024-12-07 08:00:00,cash
3720,140,62,1,0,web,completed,2024-07-01 14:00:00,
3721,483,96,3,0,web,completed,2024-01-08 07:00:00,online
3722,444,73,1,5,web,completed,2024-03-14 03:00:00,online
3723,488,98,1,0,mobile,refunded,2024-06-26 20:00:00,card
3724,469,72,2,0,,cancelled,2024-02-08 05:00:00,card
3725,262,27,3,0,mobile,completed,2024-03-03 05:00:00,card
3726,265,93,4,15,mobile,cancelled,2024-05-13 07:00:00,online
3727,500,6,4,0,mobile,completed,2024-06-04 19:00:00,online
3728,284,1,5,10,mobile,completed,2024-07-28 18:00:00,card
3729,373,13,3,0,web,refunded,2024-08-30 02:00:00,card
3730,284,100,4,0,store,cancelled,2024-09-18 00:00:00,online
3731,401,90,4,0,web,completed,2024-03-10 20:00:00,card
3732,277,46,3,15,mobile,refunded,2024-03-25 04:00:00,card
3733,164,17,1,0,,completed,2024-03-20 08:00:00,cash
3734,339,26,5,5,mobile,completed,2024-11-27 06:00:00,
3735,192,19,5,5,,completed,2024-04-01 01:00:00,online
3736,77,1,1,10,web,completed,2024-02-01 10:00:00,card
3737,409,45,5,20,mobile,completed,2024-04-06 04:00:00,card
3738,125,91,3,0,web,cancelled,2024-10-16 01:00:00,
3739,23,80,5,15,mobile,completed,2024-09-13 22:00:00,online
3740,11,67,3,10,mobile,completed,2024-01-26 21:00:00,online
3741,43,49,3,20,web,completed,2024-08-16 05:00:00,cash
3742,470,48,4,0,web,completed,2024-05-19 04:00:00,card
3743,230,24,3,0,web,completed,2024-05-17 17:00:00,card
3744,18,75,3,0,mobile,refunded,2024-09-23 11:00:00,
3745,411,7,4,30,mobile,completed,2024-09-20 15:00:00,
3746,206,29,2,0,web,completed,2024-01-13 18:00:00,card
3747,60,5,5,0,web,completed,2024-01-21 19:00:00,card
3748,364,84,5,5,web,completed,2024-07-19 16:00:00,card
3749,390,72,5,10,store,cancelled,2024-11-27 12:00:00,cash
3750,174,6,2,0,mobile,completed,2024-09-14 19:00:00,card
3751,255,5,4,0,web,refunded,2024-06-03 06:00:00,cash
3752,209,62,4,0,mobile,cancelled,2024-05-16 17:00:00,cash
3753,473,3,2,0,mobile,refunded,2024-10-18 15:00:00,card
3754,14,4,3,30,web,cancelled,2024-07-29 07:00:00,card
3755,420,25,4,0,,completed,2024-10-16 12:00:00,card
3756,493,48,1,0,mobile,completed,2024-05-14 12:00:00,cash
3757,263,42,3,10,web,cancelled,2024-04-25 21:00:00,card
3758,183,95,5,0,mobile,completed,2024-04-07 20:00:00,card
3759,109,69,5,0,web,refunded,2024-08-21 08:00:00,online
3760,189,94,1,5,store,completed,2024-12-12 04:00:00,card
3761,145,13,5,0,mobile,refunded,2024-08-28 19:00:00,card
3762,354,67,1,0,web,completed,2024-10-18 00:00:00,cash
3763,34,22,2,20,mobile,completed,2024-07-18 07:00:00,cash
3764,191,11,1,0,web,refunded,2024-04-18 00:00:00,card
3765,499,10,4,0,mobile,refunded,2024-10-10 22:00:00,card
3766,230,15,3,0,web,completed,2024-05-11 05:00:00,online
3767,105,4,5,0,mobile,completed,2024-05-09 21:00:00,online
3768,65,51,1,5,mobile,completed,2024-06-12 09:00:00,cash
3769,85,60,2,0,web,completed,2024-04-09 00:00:00,cash
3770,344,25,4,15,web,completed,2024-07-04 17:00:00,online
3771,411,30,3,0,web,completed,2024-11-08 15:00:00,card
3772,375,61,5,0,store,completed,2024-05-18 12:00:00,card
3773,138,6,3,0,web,completed,2024-12-04 08:00:00,card
3774,288,96,3,10,mobile,completed,2024-09-21 23:00:00,
3775,3,91,2,5,mobile,cancelled,2024-10-16 03:00:00,
3776,311,77,3,0,mobile,completed,2024-03-07 00:00:00,online
3777,46,26,4,0,,refunded,2024-02-24 03:00:00,cash
3778,26,26,4,0,mobile,completed,2024-08-07 18:00:00,online
3779,205,77,5,20,store,completed,2024-11-07 09:00:00,card
3780,87,96,2,10,mobile,completed,2024-05-10 01:00:00,cash
3781,241,74,4,15,mobile,completed,2024-10-26 19:00:00,online
3782,136,81,3,5,mobile,completed,2024-02-28 13:00:00,cash
3783,146,14,5,0,mobile,completed,2024-06-07 19:00:00,card
3784,249,1,5,0,web,refunded,2024-09-19 17:00:00,cash
3785,114,30,4,30,mobile,completed,2024-05-22 00:00:00,card
3786,71,33,4,0,mobile,cancelled,2024-10-12 02:00:00,card
3787,438,86,5,20,store,refunded,2024-04-17 21:00:00,card
3788,321,4,2,0,mobile,refunded,2024-03-06 10:00:00,cash
3789,246,56,1,20,web,completed,2024-07-03 07:00:00,card
3790,209,45,3,0,web,completed,2024-11-25 00:00:00,card
3791,98,19,5,20,web,completed,2024-09-29 00:00:00,online
3792,266,73,1,0,mobile,completed,2024-11-11 22:00:00,card
3793,415,10,5,5,store,completed,2024-01-13 00:00:00,card
3794,298,39,4,15,web,cancelled,2024-10-29 10:00:00,card
3795,194,56,3,0,,refunded,2024-08-21 22:00:00,online
3796,169,100,4,0,mobile,completed,2024-11-22 06:00:00,online
3797,275,49,2,5,mobile,cancelled,2024-09-07 14:00:00,card
3798,6,41,3,5,web,refunded,2024-12-13 03:00:00,card
3799,78,59,2,15,web,completed,2024-06-26 16:00:00,card
3800,248,77,5,0,mobile,completed,2024-09-01 19:00:00,card
3801,415,52,5,10,mobile,completed,2024-07-17 21:00:00,card
3802,280,87,2,20,mobile,completed,2024-01-21 10:00:00,online
3803,492,100,4,0,web,cancelled,2024-10-17 13:00:00,cash
3804,488,42,5,10,web,refunded,2024-08-24 01:00:00,card
3805,277,9,5,0,web,completed,2024-04-24 17:00:00,card
3806,135,67,5,10,web,cancelled,2024-07-27 15:00:00,cash
3807,129,91,4,15,mobile,completed,2024-02-26 19:00:00,cash
3808,246,10,4,15,web,completed,2024-03-24 20:00:00,card
3809,113,69,4,0,web,completed,2024-09-21 17:00:00,card
3810,240,28,5,0,web,completed,2024-08-10 11:00:00,online
3811,252,12,2,0,store,completed,2024-02-21 20:00:00,card
3812,494,1,4,0,store,completed,2024-09-01 12:00:00,card
3813,410,51,2,0,web,completed,2024-05-30 10:00:00,card
3814,456,63,3,10,web,cancelled,2024-11-03 10:00:00,cash
3815,85,32,2,5,web,cancelled,2024-10-21 23:00:00,cash
3816,50,54,5,10,web,completed,2024-06-08 16:00:00,card
3817,55,77,5,5,web,completed,2024-05-30 18:00:00,card
3818,345,3,5,0,web,completed,2024-05-25 17:00:00,cash
3819,296,50,2,0,mobile,completed,2024-09-04 17:00:00,card
3820,413,16,3,15,web,completed,2024-11-09 05:00:00,cash
3821,69,66,1,0,,completed,2024-01-28 22:00:00,card
3822,196,89,2,0,store,completed,2024-09-28 08:00:00,card
3823,386,1,5,15,,refunded,2024-06-17 17:00:00,card
3824,353,81,5,10,store,completed,2024-08-27 14:00:00,cash
3825,491,77,5,5,mobile,cancelled,2024-03-13 08:00:00,card
3826,116,1,5,0,mobile,refunded,2024-05-16 23:00:00,online
3827,115,89,2,0,mobile,cancelled,2024-01-14 22:00:00,cash
3828,174,71,4,0,mobile,refunded,2024-08-03 08:00:00,cash
3829,116,100,3,0,web,completed,2024-12-05 21:00:00,online
3830,68,10,3,20,store,completed,2024-02-04 02:00:00,card
3831,482,15,2,10,mobile,completed,2024-12-08 00:00:00,card
3832,34,92,2,0,mobile,completed,2024-09-23 04:00:00,
3833,161,64,3,0,web,completed,2024-01-16 23:00:00,card
3834,360,58,5,0,web,refunded,2024-08-04 20:00:00,card
3835,479,90,4,0,web,completed,2024-02-26 11:00:00,card
3836,421,9,1,10,web,completed,2024-07-18 22:00:00,online
3837,414,66,1,0,mobile,refunded,2024-11-17 15:00:00,card
3838,224,64,1,20,mobile,completed,2024-01-03 04:00:00,card
3839,154,58,1,5,store,completed,2024-04-17 12:00:00,online
3840,459,1,1,0,web,completed,2024-04-18 03:00:00,card
3841,135,84,1,5,web,refunded,2024-10-20 07:00:00,online
3842,470,45,1,0,,cancelled,2024-08-14 10:00:00,online
3843,36,64,1,10,store,cancelled,2024-08-11 14:00:00,card
3844,74,68,3,20,store,completed,2024-10-01 08:00:00,card
3845,96,71,4,0,mobile,refunded,2024-09-17 16:00:00,online
3846,92,3,3,5,store,completed,2024-07-14 21:00:00,card
3847,115,53,2,5,mobile,completed,2024-01-29 12:00:00,
3848,232,83,2,5,web,completed,2024-03-04 03:00:00,card
3849,180,96,3,0,mobile,completed,2024-07-10 03:00:00,card
3850,168,21,5,10,mobile,completed,2024-10-20 23:00:00,
3851,183,9,4,20,store,completed,2024-05-18 11:00:00,
3852,132,84,2,5,web,refunded,2024-11-09 17:00:00,card
3853,120,95,3,0,store,completed,2024-07-09 10:00:00,online
3854,12,60,5,5,web,completed,2024-07-24 06:00:00,card
3855,318,33,2,0,mobile,completed,2024-05-25 11:00:00,card
3856,325,63,2,0,,cancelled,2024-06-05 16:00:00,online
3857,78,79,3,15,web,completed,2024-06-17 00:00:00,card
3858,251,69,5,0,store,completed,2024-08-28 06:00:00,card
3859,160,17,4,15,web,refunded,2024-07-28 17:00:00,card
3860,479,49,1,0,web,refunded,2024-06-14 00:00:00,online
3861,211,54,1,0,store,refunded,2024-05-19 22:00:00,card
3862,211,92,5,0,store,completed,2024-08-04 02:00:00,
3863,50,36,4,0,store,completed,2024-01-11 17:00:00,cash
3864,81,5,1,0,mobile,completed,2024-09-24 10:00:00,card
3865,83,29,2,15,web,refunded,2024-05-25 19:00:00,cash
3866,413,29,5,10,web,completed,2024-06-13 16:00:00,cash
3867,434,25,3,5,web,refunded,2024-09-23 00:00:00,online
3868,417,73,3,15,web,cancelled,2024-10-30 22:00:00,online
3869,137,100,3,10,web,completed,2024-03-24 23:00:00,card
3870,200,39,2,15,web,refunded,2024-06-14 01:00:00,card
3871,133,14,1,10,web,completed,2024-10-08 08:00:00,card
3872,50,69,2,30,mobile,completed,2024-10-06 00:00:00,cash
3873,213,54,4,15,store,completed,2024-03-26 15:00:00,online
3874,170,1,4,0,store,cancelled,2024-08-31 01:00:00,card
3875,207,94,4,10,store,cancelled,2024-12-28 11:00:00,card
3876,25,25,5,15,mobile,completed,2024-11-19 15:00:00,online
3877,436,73,4,10,web,refunded,2024-02-29 16:00:00,card
3878,139,24,4,30,,completed,2024-05-23 06:00:00,card
3879,124,81,3,0,web,refunded,2024-02-14 13:00:00,cash
3880,424,72,1,20,web,cancelled,2024-01-09 05:00:00,online
3881,324,90,3,0,,completed,2024-04-09 15:00:00,online
3882,344,45,3,15,store,completed,2024-05-25 11:00:00,online
3883,237,96,5,0,mobile,completed,2024-08-18 14:00:00,online
3884,451,88,1,20,web,completed,2024-04-11 22:00:00,online
3885,424,93,3,0,web,refunded,2024-04-06 08:00:00,cash
3886,103,19,3,20,web,refunded,2024-11-16 12:00:00,card
3887,319,25,4,15,store,refunded,2024-07-10 17:00:00,card
3888,100,12,3,0,mobile,completed,2024-05-07 02:00:00,card
3889,158,72,5,10,web,cancelled,2024-07-22 07:00:00,cash
3890,16,88,2,15,mobile,refunded,2024-01-30 12:00:00,cash
3891,29,23,4,0,web,completed,2024-03-01 12:00:00,card
3892,305,65,2,5,web,completed,2024-04-04 07:00:00,card
3893,465,96,1,15,mobile,refunded,2024-07-26 23:00:00,card
3894,224,31,5,0,web,completed,2024-01-12 10:00:00,cash
3895,387,71,3,0,web,completed,2024-08-26 09:00:00,online
3896,482,72,3,5,web,completed,2024-12-29 08:00:00,card
3897,376,78,2,5,mobile,completed,2024-01-22 05:00:00,card
3898,314,41,1,30,mobile,cancelled,2024-11-03 03:00:00,card
3899,237,52,5,5,web,cancelled,2024-02-22 09:00:00,online
3900,106,76,4,0,,completed,2024-10-03 11:00:00,online
3901,164,35,2,15,web,completed,2024-08-04 20:00:00,card
3902,225,96,2,20,mobile,completed,2024-08-17 16:00:00,card
3903,56,39,5,5,mobile,completed,2024-08-08 09:00:00,card
3904,377,62,3,0,mobile,completed,2024-03-16 22:00:00,card
3905,415,21,3,0,mobile,cancelled,2024-01-02 14:00:00,card
3906,158,66,5,0,store,cancelled,2024-06-25 13:00:00,card
3907,213,50,3,0,mobile,cancelled,2024-04-02 08:00:00,cash
3908,311,68,3,5,store,completed,2024-02-04 22:00:00,cash
3909,88,40,5,10,mobile,completed,2024-09-10 18:00:00,online
3910,94,90,3,0,web,refunded,2024-11-04 22:00:00,card
3911,490,99,5,5,mobile,cancelled,2024-12-23 21:00:00,card
3912,208,30,4,5,mobile,cancelled,2024-02-15 16:00:00,online
3913,148,72,2,0,mobile,completed,2024-01-18 03:00:00,online
3914,183,88,5,5,mobile,completed,2024-08-05 15:00:00,online
3915,446,7,4,10,web,cancelled,2024-03-27 15:00:00,
3916,75,40,2,15,store,completed,2024-06-01 00:00:00,
3917,228,68,4,10,web,completed,2024-01-09 01:00:00,online
3918,38,42,2,5,mobile,cancelled,2024-06-02 12:00:00,card
3919,11,55,3,15,web,completed,2024-11-14 22:00:00,online
3920,487,45,4,0,store,completed,2024-12-30 22:00:00,cash
3921,226,16,3,5,mobile,cancelled,2024-10-12 11:00:00,card
3922,231,7,1,10,web,completed,2024-09-14 11:00:00,online
3923,261,55,2,10,mobile,cancelled,2024-07-11 10:00:00,online
3924,430,22,5,5,mobile,completed,2024-01-23 07:00:00,
3925,116,56,5,0,mobile,completed,2024-08-29 04:00:00,cash
3926,56,52,4,0,web,cancelled,2024-12-28 13:00:00,online
3927,315,21,4,15,mobile,refunded,2024-08-20 12:00:00,card
3928,103,97,5,0,mobile,completed,2024-12-28 21:00:00,card
3929,438,61,1,15,web,completed,2024-11-29 06:00:00,online
3930,327,11,3,0,web,completed,2024-09-18 16:00:00,card
3931,293,33,3,0,web,cancelled,2024-11-10 02:00:00,online
3932,16,21,5,5,web,completed,2024-09-27 14:00:00,
3933,140,23,5,20,store,cancelled,2024-09-03 05:00:00,card
3934,84,67,4,15,mobile,completed,2024-09-19 23:00:00,
3935,144,71,3,10,mobile,completed,2024-04-04 18:00:00,card
3936,368,58,4,5,web,refunded,2024-06-01 06:00:00,online
3937,437,5,1,10,web,completed,2024-03-26 07:00:00,online
3938,407,95,1,5,mobile,refunded,2024-07-11 03:00:00,card
3939,75,79,1,20,store,refunded,2024-05-15 05:00:00,cash
3940,77,96,2,10,store,completed,2024-11-01 03:00:00,card
3941,61,30,4,0,mobile,refunded,2024-02-08 14:00:00,cash
3942,24,59,1,0,web,completed,2024-12-08 20:00:00,
3943,62,43,3,0,store,cancelled,2024-05-08 14:00:00,card
3944,85,18,1,5,mobile,cancelled,2024-01-28 01:00:00,card
3945,65,75,4,0,web,completed,2024-02-17 17:00:00,cash
3946,432,59,4,0,web,completed,2024-07-21 14:00:00,card
3947,127,87,2,5,web,completed,2024-03-19 07:00:00,cash
3948,483,27,3,0,store,completed,2024-11-29 16:00:00,online
3949,235,21,4,10,web,completed,2024-08-24 14:00:00,online
3950,341,29,2,0,web,completed,2024-04-15 00:00:00,card
3951,192,65,5,5,mobile,cancelled,2024-12-26 05:00:00,online
3952,136,47,5,5,store,cancelled,2024-02-07 18:00:00,online
3953,83,47,4,0,mobile,completed,2024-01-18 01:00:00,online
3954,145,25,5,0,mobile,completed,2024-03-25 06:00:00,cash
3955,117,63,5,5,mobile,completed,2024-08-28 18:00:00,card
3956,30,84,4,30,web,completed,2024-09-21 23:00:00,card
3957,299,65,5,0,mobile,completed,2024-11-12 15:00:00,online
3958,47,94,3,0,web,cancelled,2024-08-13 21:00:00,online
3959,446,19,3,0,mobile,completed,2024-07-31 13:00:00,cash
3960,321,70,5,10,,completed,2024-02-19 05:00:00,card
3961,419,12,4,0,store,refunded,2024-12-03 12:00:00,card
3962,271,31,3,10,web,completed,2024-12-04 14:00:00,card
3963,204,89,2,5,,completed,2024-01-09 10:00:00,online
3964,276,22,2,30,mobile,completed,2024-09-02 19:00:00,cash
3965,383,64,1,20,web,completed,2024-01-28 04:00:00,card
3966,255,14,3,0,web,completed,2024-08-15 01:00:00,card
3967,198,3,4,0,web,completed,2024-08-27 06:00:00,card
3968,86,56,3,0,mobile,refunded,2024-09-08 23:00:00,online
3969,201,76,1,0,mobile,completed,2024-04-03 09:00:00,card
3970,232,77,3,0,mobile,completed,2024-10-05 02:00:00,card
3971,29,88,3,15,mobile,refunded,2024-07-12 16:00:00,cash
3972,300,23,4,0,web,completed,2024-06-24 14:00:00,card
3973,217,4,4,0,web,completed,2024-08-11 10:00:00,card
3974,177,11,4,10,mobile,completed,2024-08-05 01:00:00,online
3975,416,43,4,10,web,cancelled,2024-11-15 08:00:00,card
3976,289,32,2,0,mobile,completed,2024-01-10 07:00:00,online
3977,120,19,4,0,mobile,cancelled,2024-01-25 18:00:00,card
3978,427,12,2,5,mobile,completed,2024-06-28 19:00:00,
3979,150,66,3,10,store,refunded,2024-10-27 02:00:00,cash
3980,211,6,3,10,,refunded,2024-10-04 02:00:00,card
3981,425,58,4,0,mobile,completed,2024-10-16 07:00:00,cash
3982,224,47,3,30,web,completed,2024-10-09 00:00:00,cash
3983,257,25,4,15,mobile,completed,2024-07-29 04:00:00,card
3984,3,30,4,10,mobile,cancelled,2024-11-08 09:00:00,card
3985,440,59,3,10,web,refunded,2024-03-03 08:00:00,card
3986,412,87,3,15,mobile,completed,2024-02-25 12:00:00,cash
3987,431,7,3,10,mobile,cancelled,2024-03-30 00:00:00,online
3988,219,70,5,10,mobile,completed,2024-02-06 10:00:00,card
3989,443,54,1,0,web,cancelled,2024-06-18 11:00:00,online
3990,64,94,5,15,mobile,cancelled,2024-07-06 18:00:00,card
3991,307,85,1,5,web,completed,2024-03-16 10:00:00,card
3992,103,27,5,0,mobile,cancelled,2024-03-31 02:00:00,online
3993,234,6,2,0,web,completed,2024-02-27 00:00:00,cash
3994,252,44,1,15,mobile,cancelled,2024-08-25 03:00:00,card
3995,421,70,1,15,web,completed,2024-06-03 19:00:00,card
3996,196,27,5,20,store,completed,2024-02-29 22:00:00,online
3997,238,68,2,0,web,refunded,2024-10-26 21:00:00,card
3998,63,41,4,5,web,refunded,2024-01-20 05:00:00,card
3999,432,37,1,10,mobile,completed,2024-08-11 17:00:00,card
4000,359,23,3,5,web,completed,2024-10-08 05:00:00,online
4001,138,39,4,15,mobile,completed,2024-09-13 03:00:00,cash
4002,135,36,4,0,store,completed,2024-05-30 10:00:00,card
4003,432,67,3,0,mobile,completed,2024-08-23 10:00:00,card
4004,33,71,3,5,web,cancelled,2024-02-21 03:00:00,card
4005,55,13,4,10,web,completed,2024-08-28 09:00:00,card
4006,176,25,5,30,mobile,completed,2024-07-16 22:00:00,online
4007,244,64,4,15,web,completed,2024-01-05 10:00:00,card
4008,157,16,2,0,mobile,completed,2024-05-09 21:00:00,online
4009,263,85,4,10,mobile,completed,2024-07-04 14:00:00,online
4010,181,99,1,0,mobile,completed,2024-05-25 21:00:00,online
4011,179,66,3,0,web,refunded,2024-07-20 15:00:00,cash
4012,325,81,3,5,,cancelled,2024-03-03 03:00:00,card
4013,122,47,5,10,web,completed,2024-08-24 10:00:00,card
4014,333,32,2,15,store,cancelled,2024-08-23 17:00:00,online
4015,472,80,2,0,web,completed,2024-11-13 18:00:00,online
4016,315,36,5,0,mobile,completed,2024-06-17 02:00:00,online
4017,423,57,5,0,web,completed,2024-01-06 17:00:00,card
4018,62,58,3,0,web,completed,2024-10-22 23:00:00,card
4019,344,17,2,0,web,completed,2024-11-22 07:00:00,card
4020,93,17,2,10,web,refunded,2024-04-21 20:00:00,card
4021,440,68,2,10,,refunded,2024-12-29 20:00:00,online
4022,220,40,4,5,,cancelled,2024-12-06 11:00:00,online
4023,477,49,1,5,mobile,completed,2024-05-29 12:00:00,online
4024,239,53,3,5,,refunded,2024-03-09 03:00:00,online
4025,7,5,5,0,web,completed,2024-06-10 05:00:00,cash
4026,203,66,1,30,mobile,completed,2024-01-22 23:00:00,cash
4027,175,66,3,15,mobile,refunded,2024-02-11 09:00:00,cash
4028,181,54,5,5,web,completed,2024-05-25 23:00:00,card
4029,471,19,4,5,web,completed,2024-11-29 12:00:00,cash
4030,422,6,1,10,web,completed,2024-02-06 06:00:00,online
4031,70,55,1,0,mobile,completed,2024-04-25 18:00:00,cash
4032,312,19,1,0,store,refunded,2024-04-19 15:00:00,card
4033,141,6,1,10,web,completed,2024-04-03 23:00:00,cash
4034,185,43,3,0,web,completed,2024-09-24 05:00:00,online
4035,281,70,1,20,web,completed,2024-04-05 07:00:00,card
4036,137,4,2,15,mobile,completed,2024-12-12 10:00:00,cash
4037,424,70,1,0,mobile,completed,2024-02-19 02:00:00,card
4038,174,35,3,0,web,cancelled,2024-11-25 04:00:00,online
4039,479,30,3,0,mobile,completed,2024-02-18 02:00:00,online
4040,481,63,1,0,web,completed,2024-06-17 03:00:00,cash
4041,362,23,3,10,web,cancelled,2024-09-26 16:00:00,cash
4042,322,91,5,0,store,cancelled,2024-06-01 03:00:00,card
4043,307,7,5,5,web,completed,2024-05-29 03:00:00,online
4044,206,64,4,10,mobile,completed,2024-01-15 22:00:00,
4045,174,71,5,0,mobile,completed,2024-05-17 07:00:00,cash
4046,157,96,1,10,web,cancelled,2024-02-03 11:00:00,online
4047,35,88,1,15,web,completed,2024-07-07 06:00:00,cash
4048,59,33,5,0,web,cancelled,2024-01-11 19:00:00,card
4049,227,1,4,10,mobile,completed,2024-12-08 08:00:00,card
4050,93,40,1,0,,completed,2024-01-18 19:00:00,online
4051,98,13,1,30,mobile,cancelled,2024-04-04 05:00:00,online
4052,222,15,4,0,mobile,cancelled,2024-08-21 11:00:00,card
4053,87,97,1,10,web,cancelled,2024-06-13 22:00:00,card
4054,250,87,3,0,web,completed,2024-12-04 05:00:00,
4055,203,60,5,0,web,completed,2024-10-11 11:00:00,online
4056,385,90,5,20,web,cancelled,2024-04-27 15:00:00,card
4057,171,28,1,0,web,completed,2024-10-20 23:00:00,online
4058,55,100,1,15,mobile,completed,2024-08-13 18:00:00,cash
4059,106,42,5,0,web,completed,2024-06-04 22:00:00,card
4060,156,55,5,0,web,completed,2024-01-23 09:00:00,card
4061,148,66,4,10,mobile,refunded,2024-08-22 03:00:00,online
4062,307,80,2,5,web,completed,2024-08-02 03:00:00,card
4063,330,98,5,0,store,cancelled,2024-07-10 00:00:00,online
4064,96,3,5,0,web,completed,2024-08-23 20:00:00,card
4065,14,3,3,0,mobile,completed,2024-02-18 02:00:00,
4066,253,39,5,0,mobile,completed,2024-10-29 06:00:00,card
4067,458,41,5,5,mobile,refunded,2024-05-08 14:00:00,card
4068,159,54,2,15,mobile,cancelled,2024-12-04 22:00:00,online
4069,12,10,1,0,web,completed,2024-06-27 02:00:00,cash
4070,271,66,5,15,mobile,completed,2024-02-21 22:00:00,card
4071,382,79,4,0,web,refunded,2024-01-13 13:00:00,cash
4072,199,44,5,0,mobile,completed,2024-11-02 17:00:00,card
4073,47,10,1,15,web,refunded,2024-02-02 09:00:00,cash
4074,373,7,1,0,web,completed,2024-07-15 11:00:00,online
4075,168,9,2,0,web,refunded,2024-06-03 14:00:00,card
4076,101,6,4,0,web,refunded,2024-09-22 15:00:00,online
4077,235,27,4,10,mobile,completed,2024-09-08 02:00:00,card
4078,416,99,4,20,mobile,completed,2024-01-19 04:00:00,online
4079,433,27,2,0,web,refunded,2024-03-10 09:00:00,card
4080,160,8,1,0,mobile,completed,2024-08-09 07:00:00,card
4081,347,15,2,5,store,completed,2024-02-01 15:00:00,card
4082,225,70,1,30,store,completed,2024-02-28 17:00:00,card
4083,363,71,2,15,store,completed,2024-07-26 19:00:00,card
4084,172,31,1,5,mobile,refunded,2024-07-05 20:00:00,cash
4085,218,56,3,0,mobile,completed,2024-07-03 08:00:00,card
4086,429,17,1,0,store,cancelled,2024-11-30 16:00:00,online
4087,24,61,3,0,web,completed,2024-03-22 21:00:00,card
4088,123,2,3,20,web,refunded,2024-01-30 10:00:00,card
4089,370,54,4,10,mobile,completed,2024-07-27 10:00:00,cash
4090,123,62,2,0,mobile,cancelled,2024-02-06 13:00:00,cash
4091,335,43,5,0,web,refunded,2024-08-02 01:00:00,online
4092,245,61,1,0,mobile,completed,2024-03-11 00:00:00,card
4093,124,10,4,0,web,completed,2024-07-22 03:00:00,cash
4094,266,67,5,0,web,completed,2024-01-02 12:00:00,card
4095,388,60,3,10,mobile,completed,2024-10-12 17:00:00,cash
4096,38,34,5,0,web,refunded,2024-11-15 16:00:00,card
4097,29,52,1,0,web,cancelled,2024-08-24 10:00:00,card
4098,409,99,3,15,store,refunded,2024-11-18 04:00:00,card
4099,58,91,5,0,,completed,2024-11-13 01:00:00,card
4100,318,18,3,15,mobile,completed,2024-04-02 02:00:00,cash
4101,160,29,2,10,web,completed,2024-03-13 19:00:00,online
4102,83,90,2,15,web,refunded,2024-06-05 09:00:00,card
4103,293,6,3,15,,refunded,2024-02-27 10:00:00,card
4104,127,86,3,10,mobile,completed,2024-04-01 06:00:00,cash
4105,315,63,2,0,store,completed,2024-04-23 08:00:00,cash
4106,460,72,2,0,mobile,completed,2024-07-26 09:00:00,cash
4107,130,70,3,0,mobile,completed,2024-11-11 18:00:00,card
4108,197,83,5,20,mobile,completed,2024-08-26 09:00:00,card
4109,281,26,5,5,web,completed,2024-06-15 12:00:00,card
4110,485,44,2,0,store,completed,2024-05-07 03:00:00,card
4111,221,29,3,0,web,cancelled,2024-05-21 08:00:00,card
4112,181,5,4,0,web,completed,2024-04-24 05:00:00,card
4113,37,62,5,10,,completed,2024-10-04 03:00:00,card
4114,221,30,2,0,web,refunded,2024-08-28 07:00:00,card
4115,121,62,5,0,mobile,completed,2024-07-19 09:00:00,card
4116,26,97,1,15,mobile,refunded,2024-10-26 03:00:00,cash
4117,95,84,1,5,web,refunded,2024-03-30 04:00:00,online
4118,363,2,1,0,web,completed,2024-11-02 16:00:00,online
4119,484,68,1,0,web,completed,2024-01-27 01:00:00,online
4120,422,93,4,5,store,completed,2024-01-02 20:00:00,cash
4121,402,49,3,0,mobile,refunded,2024-10-03 05:00:00,cash
4122,321,18,3,0,store,refunded,2024-07-10 04:00:00,cash
4123,354,37,3,10,web,cancelled,2024-04-18 09:00:00,card
4124,299,7,3,0,web,completed,2024-12-26 00:00:00,online
4125,472,77,5,5,,completed,2024-11-19 13:00:00,card
4126,311,18,4,5,mobile,completed,2024-01-26 07:00:00,online
4127,131,98,5,0,web,cancelled,2024-02-02 18:00:00,online
4128,38,36,3,0,web,cancelled,2024-12-11 01:00:00,online
4129,36,3,4,15,web,completed,2024-05-15 13:00:00,card
4130,420,63,1,0,mobile,refunded,2024-12-20 00:00:00,card
4131,376,95,1,0,mobile,completed,2024-06-05 16:00:00,card
4132,33,41,4,20,mobile,completed,2024-11-30 00:00:00,online
4133,135,3,4,0,mobile,cancelled,2024-04-29 02:00:00,online
4134,468,91,1,0,web,completed,2024-07-18 22:00:00,card
4135,49,58,2,0,web,completed,2024-02-23 06:00:00,card
4136,300,65,2,0,mobile,cancelled,2024-11-17 00:00:00,online
4137,225,37,3,0,web,completed,2024-07-26 16:00:00,card
4138,496,23,2,0,web,completed,2024-01-26 14:00:00,card
4139,51,45,1,20,web,completed,2024-09-06 05:00:00,card
4140,436,3,3,5,web,completed,2024-11-28 03:00:00,online
4141,242,92,4,20,mobile,completed,2024-08-12 17:00:00,online
4142,194,81,4,0,store,cancelled,2024-11-27 02:00:00,cash
4143,361,41,3,10,web,completed,2024-07-18 07:00:00,card
4144,425,76,3,15,web,completed,2024-11-18 00:00:00,online
4145,54,84,2,15,mobile,completed,2024-08-10 00:00:00,online
4146,151,90,2,5,web,completed,2024-08-14 03:00:00,card
4147,47,21,3,5,web,cancelled,2024-06-10 05:00:00,online
4148,54,6,3,0,mobile,completed,2024-03-30 10:00:00,card
4149,50,16,3,0,web,refunded,2024-03-31 19:00:00,card
4150,65,4,3,0,store,refunded,2024-03-21 15:00:00,online
4151,114,25,1,0,web,refunded,2024-12-29 22:00:00,online
4152,340,47,3,0,mobile,completed,2024-01-22 23:00:00,cash
4153,58,81,2,10,web,completed,2024-08-29 03:00:00,card
4154,120,53,1,0,web,completed,2024-10-26 06:00:00,cash
4155,225,11,3,0,store,cancelled,2024-03-03 11:00:00,cash
4156,356,11,1,30,mobile,refunded,2024-04-10 08:00:00,card
4157,407,22,5,15,web,refunded,2024-02-26 16:00:00,card
4158,98,25,1,0,web,refunded,2024-11-13 09:00:00,card
4159,94,27,1,5,web,completed,2024-09-26 18:00:00,online
4160,42,86,3,0,web,completed,2024-10-18 09:00:00,card
4161,276,63,4,0,store,completed,2024-04-28 11:00:00,
4162,121,22,3,0,store,completed,2024-01-13 13:00:00,card
4163,500,89,2,15,web,cancelled,2024-06-25 17:00:00,cash
4164,265,36,4,0,web,refunded,2024-10-16 22:00:00,online
4165,319,76,2,0,web,refunded,2024-08-26 18:00:00,cash
4166,169,20,4,0,,completed,2024-11-10 15:00:00,card
4167,365,10,4,0,store,refunded,2024-02-24 18:00:00,card
4168,458,5,1,10,mobile,completed,2024-04-27 19:00:00,card
4169,365,50,3,0,mobile,completed,2024-05-03 16:00:00,card
4170,419,80,3,5,mobile,completed,2024-01-26 04:00:00,
4171,393,86,3,10,store,cancelled,2024-05-03 19:00:00,
4172,222,92,4,0,mobile,completed,2024-10-09 14:00:00,card
4173,196,94,2,15,,completed,2024-06-15 21:00:00,card
4174,173,37,5,0,web,completed,2024-01-25 14:00:00,card
4175,470,7,4,10,store,completed,2024-11-09 01:00:00,card
4176,461,67,2,5,web,completed,2024-07-25 18:00:00,online
4177,336,89,5,0,web,cancelled,2024-01-14 09:00:00,cash
4178,137,79,2,20,web,cancelled,2024-07-27 02:00:00,
4179,6,95,3,0,web,completed,2024-10-27 21:00:00,
4180,261,88,5,0,mobile,completed,2024-12-06 19:00:00,card
4181,342,87,3,10,mobile,completed,2024-08-15 16:00:00,card
4182,143,90,1,0,web,completed,2024-05-02 20:00:00,card
4183,131,68,5,5,web,completed,2024-06-09 12:00:00,card
4184,413,36,5,0,web,completed,2024-04-21 10:00:00,
4185,284,100,1,5,mobile,completed,2024-07-30 04:00:00,card
4186,154,73,2,5,mobile,cancelled,2024-03-12 15:00:00,card
4187,138,18,5,0,mobile,cancelled,2024-12-03 01:00:00,cash
4188,32,31,1,0,store,cancelled,2024-06-08 08:00:00,card
4189,186,4,1,10,store,completed,2024-04-18 01:00:00,cash
4190,190,62,3,0,web,completed,2024-06-25 09:00:00,card
4191,102,75,1,20,web,refunded,2024-08-04 14:00:00,card
4192,14,85,5,0,web,refunded,2024-08-05 03:00:00,online
4193,435,55,3,0,mobile,cancelled,2024-12-27 07:00:00,online
4194,434,13,3,0,web,completed,2024-11-14 11:00:00,card
4195,369,33,2,15,store,cancelled,2024-05-31 21:00:00,card
4196,119,76,1,0,mobile,completed,2024-08-12 17:00:00,card
4197,382,11,5,0,web,refunded,2024-03-26 21:00:00,online
4198,117,80,1,0,store,completed,2024-03-29 06:00:00,online
4199,154,42,2,10,web,cancelled,2024-12-29 07:00:00,card
4200,3,9,5,0,web,completed,2024-04-13 04:00:00,online
4201,384,52,1,5,web,refunded,2024-05-28 23:00:00,cash
4202,168,45,4,5,mobile,completed,2024-01-24 23:00:00,online
4203,475,42,1,0,web,completed,2024-11-12 12:00:00,online
4204,315,65,3,5,store,cancelled,2024-05-19 06:00:00,card
4205,107,17,3,20,mobile,completed,2024-06-08 05:00:00,online
4206,333,16,4,10,mobile,completed,2024-06-25 04:00:00,card
4207,455,32,5,10,mobile,completed,2024-10-31 10:00:00,card
4208,353,84,2,0,web,completed,2024-11-29 18:00:00,cash
4209,207,87,1,20,store,completed,2024-03-14 13:00:00,online
4210,199,48,3,15,web,completed,2024-09-08 23:00:00,card
4211,160,36,5,10,web,refunded,2024-01-13 10:00:00,card
4212,322,64,1,0,mobile,cancelled,2024-06-27 08:00:00,card
4213,379,72,4,0,mobile,completed,2024-08-29 16:00:00,online
4214,43,78,3,0,mobile,refunded,2024-07-03 18:00:00,card
4215,300,35,4,15,mobile,refunded,2024-09-24 05:00:00,card
4216,452,22,2,0,store,cancelled,2024-02-26 03:00:00,online
4217,93,19,1,0,web,completed,2024-08-04 11:00:00,card
4218,96,39,2,15,web,completed,2024-11-03 18:00:00,card
4219,94,43,3,0,mobile,completed,2024-11-26 21:00:00,online
4220,98,42,3,10,web,refunded,2024-02-21 09:00:00,card
4221,239,11,3,5,web,completed,2024-10-31 20:00:00,online
4222,161,82,4,10,,completed,2024-09-27 17:00:00,cash
4223,384,27,3,0,web,completed,2024-02-04 07:00:00,online
4224,470,85,5,20,store,completed,2024-04-27 02:00:00,card
4225,455,75,1,0,store,completed,2024-11-15 07:00:00,card
4226,158,22,1,0,mobile,completed,2024-09-18 18:00:00,cash
4227,25,10,2,5,web,completed,2024-10-12 04:00:00,card
4228,467,24,5,0,store,completed,2024-10-02 01:00:00,card
4229,201,27,4,15,web,completed,2024-06-03 00:00:00,online
4230,341,64,2,0,mobile,completed,2024-09-15 01:00:00,
4231,378,50,5,10,mobile,cancelled,2024-06-07 07:00:00,card
4232,203,85,5,0,mobile,completed,2024-04-26 07:00:00,
4233,229,68,5,20,web,completed,2024-12-14 22:00:00,card
4234,59,4,3,5,store,completed,2024-01-27 01:00:00,cash
4235,77,95,5,5,web,completed,2024-08-09 03:00:00,
4236,261,32,1,0,mobile,completed,2024-02-21 23:00:00,card
4237,201,66,5,0,store,completed,2024-02-16 07:00:00,card
4238,18,5,2,5,mobile,completed,2024-04-15 06:00:00,online
4239,380,72,3,20,mobile,cancelled,2024-12-09 09:00:00,card
4240,191,89,5,0,mobile,completed,2024-07-23 18:00:00,card
4241,454,14,4,0,web,cancelled,2024-04-04 15:00:00,online
4242,309,50,5,0,web,completed,2024-08-23 10:00:00,online
4243,358,33,5,0,web,cancelled,2024-07-04 13:00:00,cash
4244,484,76,5,0,store,cancelled,2024-12-08 13:00:00,online
4245,157,40,4,10,mobile,completed,2024-01-20 04:00:00,card
4246,108,22,4,0,web,cancelled,2024-08-23 04:00:00,card
4247,41,69,1,20,web,completed,2024-04-20 03:00:00,card
4248,471,9,4,0,mobile,completed,2024-04-03 23:00:00,card
4249,402,71,2,5,mobile,refunded,2024-11-25 18:00:00,card
4250,112,1,2,10,web,completed,2024-03-23 14:00:00,cash
4251,275,5,5,0,mobile,completed,2024-11-19 15:00:00,card
4252,320,57,3,15,store,completed,2024-11-30 16:00:00,cash
4253,286,1,2,0,web,completed,2024-12-06 08:00:00,card
4254,100,10,3,0,web,completed,2024-04-14 07:00:00,
4255,289,2,2,10,mobile,completed,2024-08-14 21:00:00,online
4256,137,18,1,15,web,completed,2024-12-07 13:00:00,card
4257,13,34,5,0,web,cancelled,2024-11-28 19:00:00,cash
4258,13,13,4,10,web,cancelled,2024-07-21 12:00:00,card
4259,82,43,3,0,web,completed,2024-06-11 16:00:00,card
4260,328,30,3,0,mobile,refunded,2024-08-07 08:00:00,
4261,176,31,5,5,web,cancelled,2024-03-20 23:00:00,cash
4262,253,10,3,0,mobile,completed,2024-10-04 01:00:00,cash
4263,434,33,5,0,web,cancelled,2024-11-11 04:00:00,cash
4264,81,58,4,0,mobile,completed,2024-02-09 18:00:00,card
4265,269,91,2,0,web,refunded,2024-11-21 06:00:00,
4266,284,44,5,0,mobile,completed,2024-04-20 18:00:00,online
4267,95,36,1,0,web,refunded,2024-12-16 19:00:00,online
4268,382,59,5,0,store,refunded,2024-12-10 16:00:00,card
4269,7,1,4,30,web,completed,2024-12-07 11:00:00,cash
4270,293,63,3,0,mobile,cancelled,2024-08-20 23:00:00,card
4271,356,6,3,5,mobile,completed,2024-05-31 03:00:00,card
4272,420,54,4,30,web,cancelled,2024-06-12 00:00:00,card
4273,409,85,2,0,web,completed,2024-05-01 16:00:00,card
4274,455,4,3,10,,cancelled,2024-09-30 08:00:00,card
4275,143,56,2,0,web,completed,2024-02-29 02:00:00,card
4276,52,31,1,20,store,completed,2024-02-25 04:00:00,online
4277,411,80,1,0,web,completed,2024-12-25 05:00:00,cash
4278,11,80,2,20,web,completed,2024-07-17 12:00:00,cash
4279,28,41,1,5,store,refunded,2024-10-02 02:00:00,card
4280,100,47,2,5,web,completed,2024-05-23 18:00:00,card
4281,88,82,4,0,mobile,refunded,2024-04-30 11:00:00,online
4282,145,11,5,0,web,cancelled,2024-01-19 07:00:00,online
4283,414,82,5,0,mobile,cancelled,2024-03-11 19:00:00,online
4284,393,88,5,10,mobile,refunded,2024-05-06 23:00:00,card
4285,459,63,2,5,mobile,completed,2024-08-28 03:00:00,cash
4286,155,26,1,10,mobile,cancelled,2024-03-11 02:00:00,online
4287,76,93,2,0,mobile,completed,2024-12-22 07:00:00,
4288,340,52,1,5,store,completed,2024-07-15 11:00:00,card
4289,225,81,5,0,web,completed,2024-04-24 11:00:00,card
4290,3,10,4,0,web,completed,2024-02-24 18:00:00,online
4291,469,57,1,0,mobile,refunded,2024-06-11 18:00:00,online
4292,87,11,2,10,web,completed,2024-02-08 10:00:00,card
4293,482,38,1,5,web,completed,2024-04-20 23:00:00,card
4294,376,29,5,15,web,completed,2024-06-14 10:00:00,card
4295,283,66,1,0,web,refunded,2024-12-03 21:00:00,card
4296,497,58,1,0,web,completed,2024-08-15 01:00:00,online
4297,172,40,3,15,mobile,completed,2024-10-18 23:00:00,online
4298,78,85,1,0,web,refunded,2024-02-26 06:00:00,card
4299,418,13,3,5,,cancelled,2024-10-21 12:00:00,
4300,186,20,4,10,web,cancelled,2024-08-22 16:00:00,
4301,153,49,2,10,web,cancelled,2024-02-14 00:00:00,card
4302,230,79,3,0,mobile,completed,2024-05-31 13:00:00,card
4303,494,76,5,10,mobile,completed,2024-11-06 10:00:00,cash
4304,279,16,5,20,mobile,cancelled,2024-01-26 21:00:00,online
4305,104,47,5,0,,completed,2024-07-20 18:00:00,online
4306,280,93,4,10,web,completed,2024-12-26 12:00:00,online
4307,351,45,4,15,store,completed,2024-06-19 14:00:00,card
4308,287,39,1,15,mobile,completed,2024-06-26 18:00:00,card
4309,263,37,1,10,store,completed,2024-02-14 07:00:00,online
4310,423,34,5,0,mobile,completed,2024-09-18 18:00:00,cash
4311,3,58,4,10,mobile,completed,2024-03-07 10:00:00,
4312,154,38,2,0,mobile,completed,2024-11-24 07:00:00,online
4313,264,36,2,15,web,refunded,2024-12-07 11:00:00,online
4314,500,52,2,10,web,completed,2024-01-26 20:00:00,card
4315,155,12,2,0,web,completed,2024-05-18 17:00:00,card
4316,178,12,1,0,mobile,completed,2024-03-02 05:00:00,card
4317,209,13,5,5,mobile,completed,2024-08-17 16:00:00,card
4318,79,74,2,20,mobile,completed,2024-07-24 20:00:00,card
4319,164,33,5,10,mobile,refunded,2024-06-15 01:00:00,card
4320,230,18,1,0,web,refunded,2024-04-23 22:00:00,cash
4321,400,69,3,0,mobile,completed,2024-07-23 21:00:00,card
4322,52,53,3,5,store,completed,2024-12-24 09:00:00,card
4323,254,15,1,0,web,completed,2024-09-23 22:00:00,card
4324,345,73,1,15,web,cancelled,2024-06-15 02:00:00,cash
4325,239,6,1,5,,completed,2024-09-16 21:00:00,card
4326,412,13,2,10,web,completed,2024-06-15 10:00:00,card
4327,134,69,4,15,mobile,completed,2024-04-26 22:00:00,
4328,456,5,3,0,web,completed,2024-12-02 08:00:00,card
4329,21,21,4,0,web,completed,2024-04-27 22:00:00,card
4330,274,83,3,0,store,completed,2024-12-08 10:00:00,card
4331,4,32,4,5,web,completed,2024-11-30 07:00:00,card
4332,315,96,1,0,store,cancelled,2024-03-04 22:00:00,online
4333,278,51,1,30,web,completed,2024-06-13 15:00:00,card
4334,84,33,5,10,web,completed,2024-06-22 11:00:00,card
4335,356,28,5,5,web,completed,2024-06-02 08:00:00,online
4336,253,73,1,0,store,completed,2024-02-06 05:00:00,card
4337,196,34,4,0,web,completed,2024-07-18 11:00:00,cash
4338,277,64,1,0,mobile,cancelled,2024-07-05 14:00:00,card
4339,79,3,5,0,mobile,completed,2024-04-17 01:00:00,card
4340,355,18,3,5,web,refunded,2024-04-24 20:00:00,card
4341,275,46,4,15,web,refunded,2024-10-06 20:00:00,online
4342,406,15,5,5,web,cancelled,2024-06-25 03:00:00,card
4343,51,86,4,0,mobile,cancelled,2024-02-28 09:00:00,online
4344,387,80,2,20,web,cancelled,2024-09-29 19:00:00,
4345,249,92,3,15,mobile,completed,2024-04-25 10:00:00,card
4346,185,14,1,0,web,cancelled,2024-06-13 13:00:00,online
4347,425,61,4,0,web,completed,2024-08-10 23:00:00,card
4348,254,72,2,15,,completed,2024-04-26 10:00:00,card
4349,398,26,3,0,web,completed,2024-04-03 20:00:00,card
4350,481,20,3,20,store,cancelled,2024-01-12 08:00:00,online
4351,92,38,1,0,store,completed,2024-04-25 10:00:00,cash
4352,458,54,5,0,web,refunded,2024-06-19 12:00:00,online
4353,299,45,3,5,mobile,refunded,2024-11-01 13:00:00,online
4354,386,76,4,15,mobile,completed,2024-05-05 19:00:00,card
4355,270,96,5,0,mobile,refunded,2024-08-22 14:00:00,card
4356,56,79,2,15,web,refunded,2024-08-11 05:00:00,card
4357,151,27,2,5,mobile,completed,2024-10-24 21:00:00,
4358,150,94,3,5,web,completed,2024-07-19 21:00:00,card
4359,318,2,5,0,store,refunded,2024-04-11 12:00:00,card
4360,473,15,3,0,mobile,refunded,2024-08-13 15:00:00,card
4361,405,98,3,15,web,cancelled,2024-08-27 13:00:00,online
4362,402,16,5,30,store,completed,2024-08-19 09:00:00,card
4363,361,31,5,10,web,refunded,2024-03-23 10:00:00,online
4364,361,80,4,0,mobile,refunded,2024-07-07 23:00:00,card
4365,297,49,4,10,web,completed,2024-06-16 02:00:00,
4366,463,94,3,0,web,cancelled,2024-05-04 23:00:00,cash
4367,498,78,3,0,web,refunded,2024-04-11 03:00:00,online
4368,117,9,2,0,mobile,cancelled,2024-09-02 10:00:00,online
4369,63,96,2,0,web,refunded,2024-06-19 10:00:00,card
4370,11,82,4,0,mobile,completed,2024-10-22 14:00:00,card
4371,476,35,5,0,web,completed,2024-09-28 11:00:00,card
4372,357,71,2,10,,refunded,2024-02-08 04:00:00,cash
4373,84,17,4,0,web,completed,2024-05-14 17:00:00,cash
4374,194,27,2,0,mobile,completed,2024-12-10 07:00:00,online
4375,318,42,1,5,store,cancelled,2024-10-31 04:00:00,cash
4376,57,8,4,0,store,cancelled,2024-08-27 09:00:00,card
4377,435,68,3,30,mobile,completed,2024-12-19 11:00:00,card
4378,74,31,2,5,store,completed,2024-11-01 16:00:00,cash
4379,458,87,5,0,mobile,completed,2024-09-13 06:00:00,online
4380,156,78,2,5,store,cancelled,2024-01-12 23:00:00,card
4381,56,9,1,0,mobile,completed,2024-03-22 17:00:00,card
4382,260,11,4,5,mobile,completed,2024-09-05 12:00:00,card
4383,35,48,1,15,mobile,cancelled,2024-04-12 00:00:00,card
4384,182,12,4,0,mobile,completed,2024-10-07 03:00:00,card
4385,427,93,3,0,web,completed,2024-10-18 10:00:00,online
4386,337,24,5,15,web,cancelled,2024-10-25 09:00:00,card
4387,339,10,4,15,mobile,refunded,2024-11-05 10:00:00,online
4388,484,100,5,15,,cancelled,2024-03-07 19:00:00,card
4389,414,28,2,15,mobile,completed,2024-03-27 08:00:00,cash
4390,270,43,4,10,mobile,cancelled,2024-03-07 21:00:00,card
4391,132,24,2,0,mobile,cancelled,2024-04-17 15:00:00,online
4392,427,52,4,0,web,cancelled,2024-02-15 12:00:00,card
4393,425,62,3,15,web,completed,2024-05-24 13:00:00,card
4394,377,77,5,0,web,completed,2024-05-06 00:00:00,card
4395,273,47,2,5,mobile,cancelled,2024-03-17 01:00:00,
4396,253,59,5,0,store,cancelled,2024-12-26 04:00:00,card
4397,411,15,5,0,,refunded,2024-10-29 17:00:00,card
4398,376,2,3,0,store,refunded,2024-03-14 21:00:00,online
4399,382,46,5,30,web,completed,2024-07-17 07:00:00,cash
4400,477,53,4,20,web,refunded,2024-04-13 07:00:00,card
4401,474,51,2,20,mobile,refunded,2024-06-08 21:00:00,online
4402,264,36,4,0,store,refunded,2024-02-27 11:00:00,cash
4403,67,99,5,20,web,completed,2024-07-25 06:00:00,online
4404,264,88,4,30,web,completed,2024-01-18 02:00:00,online
4405,116,42,4,0,store,refunded,2024-10-18 15:00:00,card
4406,260,72,2,0,web,completed,2024-03-05 23:00:00,card
4407,356,35,4,0,web,cancelled,2024-06-01 08:00:00,online
4408,174,70,5,0,web,completed,2024-08-14 10:00:00,card
4409,482,67,1,0,mobile,refunded,2024-05-30 02:00:00,online
4410,390,91,1,0,web,completed,2024-06-07 14:00:00,online
4411,265,99,4,5,mobile,completed,2024-05-22 18:00:00,cash
4412,339,91,2,0,store,completed,2024-06-03 14:00:00,cash
4413,420,32,5,0,mobile,completed,2024-07-15 01:00:00,card
4414,152,94,5,10,mobile,refunded,2024-11-03 21:00:00,card
4415,7,82,4,0,web,completed,2024-04-06 20:00:00,card
4416,363,34,1,15,mobile,completed,2024-08-28 17:00:00,cash
4417,281,39,4,0,web,completed,2024-08-12 19:00:00,card
4418,28,9,2,0,web,refunded,2024-05-17 15:00:00,cash
4419,434,50,5,0,mobile,cancelled,2024-03-15 21:00:00,card
4420,321,23,3,10,web,completed,2024-04-25 08:00:00,cash
4421,479,58,4,20,store,cancelled,2024-02-19 21:00:00,card
4422,258,42,5,15,web,cancelled,2024-12-06 10:00:00,cash
4423,274,90,1,5,mobile,cancelled,2024-09-14 01:00:00,
4424,457,43,5,0,store,completed,2024-01-26 12:00:00,card
4425,97,92,1,0,mobile,completed,2024-02-11 19:00:00,online
4426,221,8,1,0,store,cancelled,2024-10-11 04:00:00,card
4427,202,29,2,0,web,refunded,2024-02-15 18:00:00,online
4428,372,5,4,5,web,cancelled,2024-11-14 11:00:00,card
4429,285,80,4,10,web,completed,2024-02-24 21:00:00,online
4430,138,83,3,5,web,refunded,2024-06-09 05:00:00,cash
4431,183,17,2,0,web,completed,2024-03-22 06:00:00,card
4432,376,59,3,0,web,refunded,2024-03-24 04:00:00,card
4433,332,48,2,10,web,completed,2024-10-26 08:00:00,cash
4434,482,60,3,5,mobile,refunded,2024-01-24 03:00:00,online
4435,6,97,1,10,,completed,2024-08-18 01:00:00,online
4436,114,25,4,10,mobile,completed,2024-12-25 06:00:00,card
4437,400,12,1,0,mobile,cancelled,2024-07-10 13:00:00,cash
4438,2,51,1,0,store,completed,2024-12-08 16:00:00,card
4439,127,9,5,0,web,cancelled,2024-09-15 15:00:00,online
4440,186,95,2,10,web,refunded,2024-11-20 23:00:00,online
4441,86,54,1,0,web,refunded,2024-10-10 16:00:00,online
4442,148,13,3,5,web,completed,2024-02-22 16:00:00,card
4443,58,96,2,0,mobile,cancelled,2024-12-21 22:00:00,card
4444,474,87,4,5,web,cancelled,2024-06-29 16:00:00,card
4445,50,97,1,0,web,completed,2024-07-22 13:00:00,card
4446,412,95,5,0,web,refunded,2024-06-11 14:00:00,cash
4447,87,89,4,5,web,refunded,2024-04-04 16:00:00,card
4448,221,66,5,0,web,completed,2024-07-27 08:00:00,card
4449,56,70,5,30,web,completed,2024-02-07 11:00:00,card
4450,439,48,2,15,web,completed,2024-07-26 05:00:00,cash
4451,347,35,5,5,store,completed,2024-12-24 22:00:00,online
4452,412,71,2,0,web,completed,2024-05-23 21:00:00,cash
4453,18,25,3,5,web,completed,2024-05-17 04:00:00,online
4454,492,22,5,0,web,refunded,2024-02-22 20:00:00,card
4455,106,70,3,20,mobile,completed,2024-11-02 13:00:00,online
4456,181,27,3,0,mobile,cancelled,2024-05-26 01:00:00,online
4457,251,89,1,20,mobile,completed,2024-10-15 13:00:00,online
4458,197,95,3,0,mobile,completed,2024-05-05 20:00:00,card
4459,335,32,5,0,web,refunded,2024-07-26 20:00:00,card
4460,65,53,2,0,web,completed,2024-10-29 19:00:00,cash
4461,281,46,2,0,web,completed,2024-03-24 18:00:00,card
4462,416,13,4,0,web,completed,2024-10-07 23:00:00,card
4463,184,92,3,0,mobile,completed,2024-01-25 01:00:00,card
4464,373,87,2,0,mobile,refunded,2024-11-12 07:00:00,cash
4465,4,78,3,10,web,completed,2024-12-07 06:00:00,online
4466,417,75,4,5,web,cancelled,2024-08-28 05:00:00,card
4467,242,49,3,5,mobile,cancelled,2024-06-09 06:00:00,cash
4468,445,31,4,15,store,cancelled,2024-09-30 17:00:00,card
4469,429,33,2,10,mobile,completed,2024-05-17 10:00:00,card
4470,192,37,5,10,mobile,completed,2024-07-26 00:00:00,card
4471,318,70,5,0,mobile,cancelled,2024-01-19 05:00:00,cash
4472,395,93,1,0,web,completed,2024-04-05 22:00:00,card
4473,475,94,1,15,mobile,completed,2024-08-22 01:00:00,card
4474,349,66,5,10,web,completed,2024-04-08 01:00:00,card
4475,231,75,4,0,mobile,refunded,2024-03-09 17:00:00,cash
4476,393,7,5,5,web,completed,2024-05-30 10:00:00,cash
4477,149,46,5,0,mobile,completed,2024-01-28 23:00:00,card
4478,363,23,2,0,store,cancelled,2024-05-13 04:00:00,card
4479,210,80,1,0,web,completed,2024-06-18 04:00:00,card
4480,411,43,3,20,web,refunded,2024-12-12 19:00:00,card
4481,238,92,1,15,web,cancelled,2024-08-16 05:00:00,card
4482,260,23,4,0,mobile,completed,2024-03-03 21:00:00,online
4483,120,26,3,0,web,completed,2024-07-04 14:00:00,online
4484,434,22,4,15,,completed,2024-03-02 02:00:00,card
4485,419,86,5,0,store,completed,2024-10-05 12:00:00,card
4486,254,59,4,10,web,refunded,2024-11-23 04:00:00,online
4487,355,84,4,0,web,cancelled,2024-12-28 05:00:00,card
4488,298,62,5,0,web,completed,2024-12-29 08:00:00,online
4489,240,97,3,0,web,cancelled,2024-08-26 11:00:00,card
4490,77,66,3,0,web,completed,2024-06-03 16:00:00,online
4491,437,86,3,15,web,completed,2024-02-18 16:00:00,card
4492,438,94,4,10,web,completed,2024-07-06 21:00:00,card
4493,41,68,4,10,web,completed,2024-05-01 16:00:00,card
4494,168,11,1,15,web,completed,2024-03-17 01:00:00,card
4495,294,98,3,0,web,completed,2024-02-01 02:00:00,card
4496,52,66,2,0,mobile,refunded,2024-05-12 11:00:00,card
4497,490,12,3,0,mobile,completed,2024-09-25 01:00:00,card
4498,486,26,2,0,web,completed,2024-04-01 08:00:00,card
4499,119,14,2,15,web,completed,2024-05-29 15:00:00,cash
4500,127,98,2,20,mobile,cancelled,2024-06-15 13:00:00,cash
4501,485,98,4,20,mobile,completed,2024-03-24 10:00:00,cash
4502,105,42,4,5,web,refunded,2024-10-08 21:00:00,cash
4503,76,4,2,0,mobile,completed,2024-03-14 10:00:00,online
4504,413,89,2,0,store,completed,2024-01-17 19:00:00,cash
4505,161,18,3,15,mobile,completed,2024-07-29 03:00:00,card
4506,91,37,4,15,store,cancelled,2024-07-28 02:00:00,online
4507,489,46,2,0,web,cancelled,2024-05-09 08:00:00,card
4508,101,82,5,0,mobile,refunded,2024-08-02 15:00:00,online
4509,271,34,1,0,mobile,completed,2024-07-06 16:00:00,card
4510,127,57,5,5,mobile,completed,2024-01-20 20:00:00,cash
4511,455,98,4,0,web,cancelled,2024-10-28 17:00:00,online
4512,426,90,1,10,mobile,cancelled,2024-11-18 09:00:00,online
4513,443,97,3,0,web,completed,2024-10-10 23:00:00,online
4514,160,64,4,0,web,completed,2024-06-10 22:00:00,card
4515,269,17,5,5,web,completed,2024-05-21 02:00:00,online
4516,337,94,2,0,store,cancelled,2024-11-09 08:00:00,online
4517,398,94,4,0,web,refunded,2024-05-10 09:00:00,online
4518,34,53,2,15,mobile,completed,2024-03-20 17:00:00,card
4519,60,6,1,0,store,completed,2024-04-19 00:00:00,online
4520,61,10,4,0,web,refunded,2024-01-17 14:00:00,cash
4521,4,45,5,15,web,completed,2024-01-09 16:00:00,card
4522,395,19,1,10,store,completed,2024-05-21 01:00:00,card
4523,251,5,5,0,mobile,refunded,2024-04-23 09:00:00,
4524,213,90,4,20,mobile,refunded,2024-02-15 16:00:00,online
4525,29,6,5,5,web,completed,2024-08-11 23:00:00,card
4526,5,37,4,5,web,cancelled,2024-08-15 11:00:00,card
4527,115,37,4,0,mobile,completed,2024-02-13 16:00:00,online
4528,63,56,1,10,web,cancelled,2024-09-30 03:00:00,card
4529,184,88,3,5,mobile,cancelled,2024-11-20 10:00:00,card
4530,75,38,1,0,mobile,refunded,2024-03-03 04:00:00,card
4531,355,23,1,0,mobile,completed,2024-09-01 04:00:00,card
4532,360,9,2,0,web,refunded,2024-05-13 11:00:00,card
4533,293,88,5,0,mobile,refunded,2024-02-08 05:00:00,cash
4534,499,29,4,0,web,refunded,2024-04-08 22:00:00,card
4535,83,51,2,5,mobile,completed,2024-06-28 15:00:00,card
4536,323,5,3,0,mobile,refunded,2024-11-08 10:00:00,card
4537,128,34,5,0,mobile,completed,2024-04-11 17:00:00,cash
4538,208,37,4,0,web,completed,2024-04-06 01:00:00,online
4539,423,94,4,0,web,cancelled,2024-02-10 01:00:00,card
4540,368,86,3,30,mobile,completed,2024-01-05 09:00:00,card
4541,362,64,2,0,mobile,completed,2024-01-08 02:00:00,card
4542,265,85,1,5,web,refunded,2024-12-22 23:00:00,card
4543,342,36,4,0,,refunded,2024-11-28 02:00:00,card
4544,420,68,5,0,web,cancelled,2024-10-15 18:00:00,cash
4545,491,61,3,0,web,completed,2024-03-27 04:00:00,card
4546,56,31,1,0,web,cancelled,2024-07-06 23:00:00,card
4547,129,90,4,0,store,cancelled,2024-05-24 21:00:00,cash
4548,404,48,5,0,,cancelled,2024-09-05 08:00:00,card
4549,86,33,4,0,mobile,refunded,2024-12-13 00:00:00,cash
4550,216,63,3,10,mobile,completed,2024-03-01 00:00:00,card
4551,107,19,5,10,web,completed,2024-05-03 14:00:00,cash
4552,397,53,2,0,web,cancelled,2024-07-21 03:00:00,online
4553,121,71,2,30,web,completed,2024-03-21 22:00:00,card
4554,336,91,2,30,web,completed,2024-06-18 02:00:00,cash
4555,67,100,4,10,store,refunded,2024-08-21 01:00:00,online
4556,395,65,2,5,,completed,2024-01-23 09:00:00,card
4557,271,25,4,5,web,refunded,2024-01-13 15:00:00,cash
4558,320,60,1,0,mobile,refunded,2024-07-19 16:00:00,card
4559,481,53,1,0,web,refunded,2024-04-14 01:00:00,card
4560,304,22,5,5,mobile,completed,2024-08-25 07:00:00,online
4561,45,33,4,0,web,completed,2024-09-19 06:00:00,card
4562,192,58,5,0,mobile,completed,2024-02-11 08:00:00,cash
4563,331,97,4,0,web,cancelled,2024-11-14 05:00:00,card
4564,119,81,1,0,mobile,completed,2024-04-05 12:00:00,cash
4565,196,26,3,20,web,cancelled,2024-10-03 02:00:00,card
4566,218,23,2,5,mobile,completed,2024-02-09 06:00:00,card
4567,497,16,4,0,web,cancelled,2024-08-04 13:00:00,cash
4568,441,25,5,5,mobile,refunded,2024-01-06 05:00:00,online
4569,319,45,5,0,mobile,completed,2024-09-06 05:00:00,card
4570,491,34,1,0,web,completed,2024-07-30 03:00:00,card
4571,60,56,4,5,web,completed,2024-09-29 13:00:00,cash
4572,239,63,5,0,mobile,refunded,2024-12-24 20:00:00,card
4573,92,84,5,0,mobile,completed,2024-04-20 04:00:00,card
4574,256,96,2,0,store,refunded,2024-03-17 01:00:00,card
4575,123,72,5,15,web,cancelled,2024-08-19 10:00:00,card
4576,113,1,3,0,web,refunded,2024-02-10 02:00:00,card
4577,202,21,4,0,web,completed,2024-10-12 14:00:00,cash
4578,217,4,5,20,web,completed,2024-05-17 05:00:00,card
4579,498,45,2,30,web,cancelled,2024-11-17 20:00:00,card
4580,403,52,3,0,web,completed,2024-10-10 21:00:00,online
4581,441,24,2,5,mobile,completed,2024-07-24 15:00:00,card
4582,169,58,5,0,web,completed,2024-03-08 18:00:00,card
4583,458,53,5,15,web,completed,2024-01-05 00:00:00,card
4584,143,17,4,20,web,completed,2024-06-26 03:00:00,card
4585,471,2,5,15,web,completed,2024-07-11 15:00:00,card
4586,430,1,5,15,mobile,completed,2024-01-06 14:00:00,online
4587,202,22,4,0,,completed,2024-08-08 07:00:00,cash
4588,51,42,5,0,web,cancelled,2024-10-18 12:00:00,card
4589,70,70,2,10,mobile,completed,2024-09-15 23:00:00,card
4590,375,35,5,10,mobile,completed,2024-02-11 21:00:00,card
4591,151,71,1,0,mobile,refunded,2024-12-10 03:00:00,card
4592,259,54,5,0,,completed,2024-01-22 13:00:00,card
4593,46,21,5,5,web,completed,2024-11-09 11:00:00,online
4594,75,52,1,5,store,completed,2024-02-02 08:00:00,card
4595,398,4,4,0,store,completed,2024-08-12 17:00:00,cash
4596,460,56,3,10,mobile,cancelled,2024-02-15 16:00:00,card
4597,203,83,5,5,web,refunded,2024-03-03 07:00:00,online
4598,432,70,2,5,web,completed,2024-03-29 10:00:00,card
4599,71,32,5,0,mobile,refunded,2024-01-21 01:00:00,cash
4600,205,40,1,5,web,completed,2024-03-03 20:00:00,card
4601,30,14,4,0,store,completed,2024-07-14 23:00:00,cash
4602,308,78,3,0,web,completed,2024-03-12 06:00:00,card
4603,359,11,2,10,mobile,completed,2024-11-30 08:00:00,card
4604,384,77,4,5,web,completed,2024-02-08 13:00:00,card
4605,135,12,2,0,web,completed,2024-05-11 19:00:00,online
4606,385,47,2,0,store,completed,2024-09-13 09:00:00,card
4607,291,91,5,0,web,completed,2024-08-15 01:00:00,online
4608,237,41,3,5,web,completed,2024-12-04 04:00:00,cash
4609,132,94,1,0,web,completed,2024-01-09 03:00:00,card
4610,229,80,2,0,web,completed,2024-08-31 20:00:00,online
4611,173,62,3,0,,completed,2024-09-25 01:00:00,online
4612,51,28,1,0,mobile,completed,2024-04-22 09:00:00,card
4613,93,86,1,15,web,completed,2024-03-07 11:00:00,cash
4614,6,10,1,10,mobile,cancelled,2024-01-29 15:00:00,card
4615,434,24,3,10,mobile,completed,2024-09-30 13:00:00,card
4616,353,37,2,0,web,refunded,2024-05-19 13:00:00,card
4617,484,76,4,0,mobile,completed,2024-03-27 04:00:00,online
4618,28,7,1,10,mobile,completed,2024-07-03 16:00:00,cash
4619,1,49,4,0,web,completed,2024-09-10 09:00:00,online
4620,465,57,4,5,mobile,completed,2024-11-01 10:00:00,card
4621,151,89,4,0,web,completed,2024-07-09 09:00:00,cash
4622,348,12,3,0,mobile,completed,2024-10-03 07:00:00,online
4623,483,100,3,0,web,refunded,2024-07-29 23:00:00,
4624,130,100,5,10,web,refunded,2024-05-29 15:00:00,cash
4625,1,24,4,5,mobile,completed,2024-01-14 09:00:00,online
4626,436,12,4,5,mobile,completed,2024-07-06 16:00:00,card
4627,91,72,4,0,store,cancelled,2024-05-15 03:00:00,online
4628,38,70,5,0,web,completed,2024-09-03 16:00:00,card
4629,102,89,3,0,store,cancelled,2024-07-18 23:00:00,card
4630,323,29,2,5,web,refunded,2024-12-15 17:00:00,online
4631,169,85,4,10,mobile,cancelled,2024-01-04 12:00:00,card
4632,196,100,3,0,web,completed,2024-08-04 12:00:00,cash
4633,153,48,5,0,mobile,completed,2024-02-11 09:00:00,card
4634,264,80,5,0,web,completed,2024-10-25 23:00:00,card
4635,85,14,3,0,web,completed,2024-10-13 12:00:00,
4636,243,46,5,10,web,completed,2024-08-02 04:00:00,card
4637,80,57,1,10,store,completed,2024-09-06 19:00:00,online
4638,163,42,5,0,mobile,completed,2024-05-31 20:00:00,card
4639,184,57,5,10,web,cancelled,2024-08-10 01:00:00,
4640,387,40,4,0,store,completed,2024-03-07 20:00:00,card
4641,356,90,2,15,store,completed,2024-01-23 15:00:00,card
4642,481,85,1,0,web,completed,2024-01-12 07:00:00,cash
4643,420,1,1,15,web,completed,2024-02-09 13:00:00,cash
4644,370,9,1,10,store,completed,2024-06-30 10:00:00,cash
4645,192,33,1,0,store,completed,2024-10-06 12:00:00,cash
4646,316,64,2,20,mobile,completed,2024-05-03 07:00:00,card
4647,388,20,2,0,web,refunded,2024-12-25 08:00:00,online
4648,131,89,2,0,web,refunded,2024-05-10 09:00:00,card
4649,375,82,2,5,web,completed,2024-08-23 20:00:00,online
4650,456,96,5,0,store,refunded,2024-05-04 20:00:00,card
4651,290,89,2,15,mobile,cancelled,2024-03-24 04:00:00,card
4652,183,84,4,10,mobile,refunded,2024-07-25 12:00:00,cash
4653,409,79,4,10,web,cancelled,2024-08-22 14:00:00,card
4654,493,25,4,0,web,refunded,2024-02-12 23:00:00,cash
4655,478,62,5,0,store,refunded,2024-06-05 21:00:00,online
4656,468,27,2,0,mobile,cancelled,2024-06-06 10:00:00,online
4657,108,1,3,0,store,completed,2024-05-23 08:00:00,cash
4658,443,33,5,10,store,refunded,2024-08-23 02:00:00,online
4659,394,11,1,0,web,refunded,2024-03-07 11:00:00,online
4660,221,30,5,0,web,completed,2024-02-20 10:00:00,card
4661,383,43,3,0,,cancelled,2024-12-12 06:00:00,online
4662,357,35,3,20,mobile,cancelled,2024-02-07 19:00:00,online
4663,39,69,1,0,store,completed,2024-01-21 14:00:00,online
4664,194,53,4,0,mobile,cancelled,2024-05-26 12:00:00,cash
4665,226,12,2,10,web,refunded,2024-09-03 23:00:00,card
4666,15,11,3,10,web,cancelled,2024-09-08 10:00:00,card
4667,427,40,2,15,mobile,completed,2024-12-18 17:00:00,card
4668,473,58,1,10,web,cancelled,2024-10-07 07:00:00,cash
4669,366,69,5,5,web,completed,2024-05-17 16:00:00,cash
4670,103,82,5,0,web,refunded,2024-01-28 21:00:00,online
4671,176,10,2,5,mobile,completed,2024-09-13 22:00:00,card
4672,356,72,1,15,store,cancelled,2024-03-22 00:00:00,card
4673,83,92,1,0,mobile,refunded,2024-04-22 11:00:00,online
4674,386,62,1,0,web,completed,2024-09-03 15:00:00,card
4675,299,19,4,5,store,cancelled,2024-02-20 10:00:00,card
4676,369,94,1,0,mobile,completed,2024-09-06 03:00:00,card
4677,165,67,4,0,mobile,completed,2024-07-24 07:00:00,cash
4678,376,59,3,5,store,completed,2024-10-03 07:00:00,cash
4679,184,62,1,10,mobile,cancelled,2024-02-15 12:00:00,cash
4680,275,42,3,0,web,refunded,2024-01-29 01:00:00,online
4681,119,32,1,0,mobile,refunded,2024-05-11 23:00:00,card
4682,83,86,4,0,mobile,refunded,2024-04-28 06:00:00,card
4683,143,85,5,0,,completed,2024-07-31 01:00:00,card
4684,274,27,3,5,mobile,refunded,2024-03-13 18:00:00,online
4685,393,98,3,0,mobile,refunded,2024-09-16 00:00:00,online
4686,201,55,1,5,web,completed,2024-07-15 02:00:00,card
4687,367,8,4,0,store,completed,2024-01-23 11:00:00,card
4688,11,96,1,0,web,refunded,2024-05-11 02:00:00,cash
4689,430,6,5,0,web,refunded,2024-10-20 20:00:00,card
4690,417,64,2,10,mobile,refunded,2024-06-25 21:00:00,card
4691,169,30,1,10,store,cancelled,2024-02-08 00:00:00,cash
4692,262,64,4,0,web,completed,2024-06-03 20:00:00,online
4693,324,28,4,0,mobile,refunded,2024-01-27 08:00:00,online
4694,185,47,2,5,store,cancelled,2024-02-03 00:00:00,card
4695,173,73,3,0,mobile,cancelled,2024-12-25 02:00:00,card
4696,12,66,3,0,web,completed,2024-05-15 13:00:00,online
4697,350,48,5,0,mobile,completed,2024-05-07 17:00:00,card
4698,73,57,5,0,mobile,completed,2024-05-18 13:00:00,cash
4699,424,47,2,0,web,cancelled,2024-07-28 09:00:00,cash
4700,124,95,2,0,mobile,completed,2024-06-16 08:00:00,card
4701,288,80,4,5,store,completed,2024-05-21 17:00:00,card
4702,476,51,3,15,mobile,refunded,2024-09-19 16:00:00,online
4703,73,17,2,10,store,completed,2024-05-26 13:00:00,card
4704,81,92,5,0,mobile,refunded,2024-12-07 21:00:00,card
4705,429,69,2,10,web,refunded,2024-05-04 18:00:00,card
4706,50,29,3,0,web,completed,2024-02-29 10:00:00,card
4707,71,85,5,5,mobile,completed,2024-08-22 02:00:00,card
4708,142,89,2,0,web,cancelled,2024-06-22 03:00:00,card
4709,228,64,3,20,mobile,completed,2024-04-20 21:00:00,cash
4710,370,42,2,0,mobile,refunded,2024-09-20 22:00:00,online
4711,460,48,5,0,mobile,completed,2024-09-23 04:00:00,
4712,497,93,5,0,store,completed,2024-06-06 13:00:00,cash
4713,240,22,1,30,web,completed,2024-10-27 23:00:00,card
4714,105,76,4,15,web,completed,2024-07-10 10:00:00,cash
4715,126,43,2,0,web,refunded,2024-03-15 10:00:00,cash
4716,83,67,4,0,web,completed,2024-01-23 05:00:00,card
4717,345,29,1,15,web,completed,2024-12-10 03:00:00,card
4718,455,85,5,0,web,cancelled,2024-09-14 09:00:00,card
4719,313,69,5,5,mobile,cancelled,2024-03-31 13:00:00,online
4720,70,92,1,0,web,completed,2024-05-01 19:00:00,card
4721,191,54,5,5,store,refunded,2024-09-30 09:00:00,card
4722,35,21,4,0,web,completed,2024-12-09 23:00:00,card
4723,434,37,5,10,mobile,completed,2024-09-29 00:00:00,card
4724,299,31,4,15,mobile,completed,2024-11-15 14:00:00,card
4725,214,2,5,5,mobile,refunded,2024-06-29 03:00:00,card
4726,110,8,1,10,web,completed,2024-03-13 20:00:00,card
4727,435,29,1,10,store,completed,2024-06-28 11:00:00,card
4728,412,86,2,15,web,completed,2024-07-07 21:00:00,card
4729,22,86,4,10,mobile,refunded,2024-12-23 14:00:00,card
4730,42,62,4,0,mobile,completed,2024-08-05 20:00:00,card
4731,300,42,5,0,web,completed,2024-11-25 07:00:00,cash
4732,411,12,1,15,mobile,completed,2024-06-02 16:00:00,online
4733,374,82,1,10,mobile,completed,2024-10-19 18:00:00,card
4734,262,45,5,15,mobile,completed,2024-03-12 20:00:00,online
4735,78,32,4,0,store,completed,2024-06-30 16:00:00,card
4736,115,33,3,20,mobile,completed,2024-07-31 07:00:00,online
4737,482,14,3,10,web,completed,2024-12-12 11:00:00,cash
4738,278,36,5,20,mobile,completed,2024-09-02 22:00:00,card
4739,277,41,2,5,web,completed,2024-07-09 21:00:00,online
4740,425,86,5,0,mobile,completed,2024-02-27 04:00:00,card
4741,311,53,5,0,web,completed,2024-04-01 06:00:00,online
4742,9,70,2,0,mobile,completed,2024-09-26 10:00:00,cash
4743,247,18,5,0,mobile,completed,2024-06-26 18:00:00,card
4744,260,58,3,0,mobile,cancelled,2024-05-21 04:00:00,card
4745,298,82,1,15,web,completed,2024-09-26 10:00:00,cash
4746,126,25,1,10,web,completed,2024-02-02 19:00:00,card
4747,404,92,4,0,mobile,completed,2024-05-13 05:00:00,card
4748,184,82,3,5,web,completed,2024-08-20 01:00:00,cash
4749,171,24,1,0,,completed,2024-12-28 18:00:00,cash
4750,184,83,3,10,mobile,completed,2024-01-12 05:00:00,card
4751,154,9,1,0,web,completed,2024-06-07 07:00:00,online
4752,341,21,4,30,web,completed,2024-08-14 08:00:00,cash
4753,266,53,1,5,web,completed,2024-03-10 12:00:00,card
4754,266,10,3,0,mobile,completed,2024-07-30 18:00:00,card
4755,142,10,1,0,store,completed,2024-05-20 18:00:00,card
4756,163,23,5,10,store,completed,2024-06-02 22:00:00,card
4757,437,47,1,0,web,completed,2024-04-24 01:00:00,card
4758,173,45,2,10,web,refunded,2024-12-06 13:00:00,cash
4759,8,53,4,0,store,completed,2024-09-29 07:00:00,card
4760,27,31,3,5,web,completed,2024-02-29 07:00:00,card
4761,170,95,1,5,web,completed,2024-02-11 14:00:00,card
4762,130,79,4,30,web,completed,2024-02-11 15:00:00,card
4763,177,19,1,0,web,completed,2024-12-30 21:00:00,card
4764,77,95,1,0,web,completed,2024-09-19 12:00:00,card
4765,190,41,3,5,web,cancelled,2024-05-28 11:00:00,card
4766,432,48,5,0,web,completed,2024-09-18 10:00:00,online
4767,93,7,1,0,web,cancelled,2024-11-29 23:00:00,card
4768,277,25,5,0,mobile,completed,2024-05-22 09:00:00,online
4769,486,88,5,0,mobile,completed,2024-11-01 08:00:00,online
4770,218,7,2,5,mobile,completed,2024-07-27 03:00:00,online
4771,221,34,2,5,web,refunded,2024-09-12 22:00:00,card
4772,248,8,5,5,mobile,cancelled,2024-09-26 14:00:00,online
4773,83,34,5,0,web,completed,2024-02-27 06:00:00,card
4774,492,52,2,20,web,completed,2024-05-10 04:00:00,cash
4775,27,45,1,5,mobile,completed,2024-02-12 05:00:00,card
4776,271,29,2,15,mobile,completed,2024-01-01 15:00:00,card
4777,121,64,3,0,mobile,cancelled,2024-04-28 16:00:00,card
4778,402,78,3,10,web,completed,2024-04-04 17:00:00,online
4779,469,89,4,10,web,completed,2024-08-01 06:00:00,card
4780,392,2,5,0,,completed,2024-09-26 00:00:00,card
4781,254,39,3,5,web,completed,2024-06-14 09:00:00,card
4782,179,85,2,5,web,cancelled,2024-03-14 10:00:00,online
4783,221,52,4,15,store,completed,2024-02-28 18:00:00,online
4784,390,54,5,0,web,completed,2024-07-27 14:00:00,online
4785,243,30,3,0,web,completed,2024-06-16 13:00:00,cash
4786,323,61,4,0,mobile,completed,2024-11-10 14:00:00,card
4787,175,77,4,0,mobile,completed,2024-02-03 11:00:00,online
4788,57,41,1,10,mobile,completed,2024-02-24 08:00:00,card
4789,413,50,1,0,mobile,cancelled,2024-03-29 01:00:00,online
4790,468,16,1,0,mobile,completed,2024-09-21 07:00:00,cash
4791,354,5,5,0,store,completed,2024-08-10 13:00:00,card
4792,284,8,4,20,store,refunded,2024-10-06 11:00:00,
4793,204,33,1,10,web,completed,2024-09-06 17:00:00,card
4794,181,84,3,0,,cancelled,2024-03-08 00:00:00,cash
4795,247,63,1,15,web,cancelled,2024-04-20 00:00:00,cash
4796,113,70,2,15,mobile,cancelled,2024-07-17 08:00:00,online
4797,246,99,4,5,,completed,2024-08-08 20:00:00,cash
4798,453,2,5,0,web,completed,2024-03-07 12:00:00,cash
4799,95,3,2,20,web,cancelled,2024-10-28 06:00:00,cash
4800,291,50,2,15,mobile,refunded,2024-07-23 08:00:00,card
4801,223,37,4,0,web,completed,2024-01-09 03:00:00,card
4802,304,52,2,0,web,completed,2024-07-04 07:00:00,card
4803,208,14,2,0,web,cancelled,2024-02-04 23:00:00,card
4804,435,78,3,5,web,completed,2024-01-06 07:00:00,cash
4805,53,25,5,0,mobile,completed,2024-08-04 19:00:00,card
4806,115,1,2,10,web,completed,2024-01-18 18:00:00,cash
4807,476,59,2,0,web,cancelled,2024-01-19 09:00:00,card
4808,416,76,4,20,mobile,refunded,2024-06-30 18:00:00,card
4809,497,27,3,0,,completed,2024-08-26 10:00:00,card
4810,286,97,3,0,web,completed,2024-11-26 02:00:00,card
4811,268,48,1,10,store,completed,2024-04-23 02:00:00,card
4812,457,17,2,5,mobile,completed,2024-12-22 03:00:00,card
4813,313,96,4,0,mobile,completed,2024-05-17 22:00:00,card
4814,411,28,2,5,mobile,completed,2024-08-16 13:00:00,online
4815,201,65,2,20,web,cancelled,2024-09-18 00:00:00,online
4816,231,89,2,0,,completed,2024-06-30 01:00:00,card
4817,318,88,3,10,store,completed,2024-01-29 12:00:00,card
4818,78,33,3,0,web,cancelled,2024-06-23 20:00:00,cash
4819,161,61,1,15,web,completed,2024-12-18 05:00:00,card
4820,120,32,3,15,web,cancelled,2024-06-24 16:00:00,cash
4821,48,62,4,0,store,completed,2024-02-14 12:00:00,
4822,461,85,1,0,store,completed,2024-02-03 03:00:00,card
4823,404,2,5,0,,cancelled,2024-07-13 15:00:00,
4824,330,77,5,0,web,cancelled,2024-07-30 03:00:00,online
4825,185,80,2,0,mobile,cancelled,2024-09-24 19:00:00,online
4826,388,12,5,0,mobile,completed,2024-01-03 17:00:00,online
4827,125,16,1,0,web,completed,2024-08-03 01:00:00,online
4828,285,90,5,5,,completed,2024-09-19 12:00:00,online
4829,214,66,3,0,mobile,completed,2024-02-01 01:00:00,
4830,396,71,1,0,store,completed,2024-04-03 21:00:00,card
4831,345,73,5,0,,cancelled,2024-05-11 21:00:00,cash
4832,484,49,1,5,mobile,completed,2024-04-19 04:00:00,card
4833,407,66,3,0,web,completed,2024-09-12 19:00:00,online
4834,299,13,2,15,store,completed,2024-05-31 02:00:00,online
4835,419,100,2,0,web,completed,2024-01-10 21:00:00,cash
4836,214,22,4,0,web,completed,2024-11-04 04:00:00,card
4837,39,52,4,0,,cancelled,2024-01-21 04:00:00,card
4838,125,6,1,10,mobile,refunded,2024-04-03 17:00:00,card
4839,134,69,1,0,store,completed,2024-07-25 10:00:00,
4840,127,1,2,0,web,completed,2024-02-02 03:00:00,cash
4841,299,20,4,0,web,completed,2024-03-16 01:00:00,card
4842,440,2,2,0,web,cancelled,2024-12-13 17:00:00,card
4843,172,74,1,0,web,completed,2024-03-04 16:00:00,online
4844,63,5,2,0,web,completed,2024-02-06 03:00:00,
4845,20,76,5,0,mobile,completed,2024-09-19 22:00:00,card
4846,273,48,1,0,mobile,completed,2024-08-22 18:00:00,online
4847,247,12,2,10,mobile,refunded,2024-01-24 20:00:00,online
4848,15,75,4,0,web,cancelled,2024-07-20 23:00:00,
4849,332,2,4,10,,completed,2024-11-27 21:00:00,card
4850,183,36,3,10,web,completed,2024-05-21 19:00:00,cash
4851,499,50,4,0,web,refunded,2024-04-25 13:00:00,card
4852,19,45,5,0,web,completed,2024-03-07 23:00:00,card
4853,400,27,1,0,mobile,completed,2024-09-15 14:00:00,card
4854,181,100,1,5,web,completed,2024-11-04 20:00:00,cash
4855,101,98,2,0,web,completed,2024-03-26 02:00:00,card
4856,394,81,2,30,store,refunded,2024-06-07 01:00:00,card
4857,199,67,3,10,store,cancelled,2024-05-15 23:00:00,card
4858,147,76,5,15,mobile,completed,2024-06-27 11:00:00,card
4859,180,75,3,0,mobile,completed,2024-08-06 16:00:00,online
4860,214,33,5,0,,completed,2024-02-06 12:00:00,
4861,169,70,3,5,mobile,refunded,2024-05-30 22:00:00,online
4862,180,31,1,0,mobile,cancelled,2024-11-17 05:00:00,online
4863,243,49,4,15,mobile,completed,2024-11-14 15:00:00,cash
4864,80,4,3,15,mobile,completed,2024-08-14 18:00:00,cash
4865,147,32,2,0,web,refunded,2024-05-09 22:00:00,cash
4866,448,8,1,15,store,completed,2024-02-21 06:00:00,online
4867,378,65,2,5,web,cancelled,2024-11-11 06:00:00,online
4868,180,53,5,0,store,refunded,2024-10-15 22:00:00,online
4869,356,22,1,0,web,completed,2024-04-16 17:00:00,card
4870,482,3,3,0,store,cancelled,2024-10-10 20:00:00,cash
4871,71,56,4,5,mobile,refunded,2024-09-16 00:00:00,cash
4872,69,9,2,20,store,refunded,2024-11-09 07:00:00,card
4873,439,24,1,20,mobile,completed,2024-02-08 22:00:00,card
4874,478,58,1,5,web,completed,2024-12-08 04:00:00,card
4875,95,75,2,15,web,cancelled,2024-08-18 16:00:00,card
4876,498,7,3,0,mobile,completed,2024-06-03 10:00:00,online
4877,346,96,1,20,web,completed,2024-10-29 11:00:00,cash
4878,488,66,1,0,web,completed,2024-02-26 23:00:00,online
4879,246,66,2,0,store,cancelled,2024-04-15 09:00:00,cash
4880,333,73,4,0,web,completed,2024-04-05 06:00:00,cash
4881,174,31,1,0,web,completed,2024-12-27 23:00:00,online
4882,357,24,4,20,mobile,cancelled,2024-08-12 12:00:00,cash
4883,430,19,2,5,mobile,completed,2024-06-22 08:00:00,cash
4884,224,94,2,0,store,completed,2024-11-24 23:00:00,
4885,175,54,4,15,mobile,refunded,2024-05-16 10:00:00,cash
4886,286,8,4,10,store,completed,2024-09-15 01:00:00,cash
4887,193,45,5,0,web,cancelled,2024-01-05 11:00:00,online
4888,384,82,4,5,mobile,completed,2024-06-17 03:00:00,card
4889,327,70,1,0,mobile,completed,2024-09-05 10:00:00,card
4890,291,28,3,0,web,refunded,2024-05-29 01:00:00,cash
4891,433,54,5,10,web,completed,2024-12-14 07:00:00,online
4892,125,97,3,0,web,refunded,2024-03-04 08:00:00,card
4893,395,5,4,20,mobile,completed,2024-02-24 11:00:00,online
4894,457,96,3,20,web,completed,2024-05-15 13:00:00,cash
4895,231,76,2,0,web,cancelled,2024-09-17 03:00:00,card
4896,170,52,5,10,web,completed,2024-12-16 04:00:00,cash
4897,437,48,2,0,web,refunded,2024-08-20 13:00:00,card
4898,275,70,2,5,mobile,cancelled,2024-05-15 22:00:00,card
4899,126,87,4,0,web,cancelled,2024-02-14 00:00:00,card
4900,239,47,4,0,mobile,completed,2024-01-14 01:00:00,card
4901,453,55,5,0,mobile,completed,2024-04-07 15:00:00,cash
4902,297,1,5,0,mobile,completed,2024-03-24 08:00:00,card
4903,481,72,4,10,store,refunded,2024-06-24 04:00:00,cash
4904,67,62,2,15,store,completed,2024-05-29 23:00:00,card
4905,189,69,5,10,mobile,completed,2024-02-12 22:00:00,card
4906,317,44,2,0,web,refunded,2024-05-05 11:00:00,online
4907,145,97,4,10,web,completed,2024-06-06 00:00:00,card
4908,138,18,3,0,mobile,completed,2024-01-03 07:00:00,online
4909,451,35,2,0,web,completed,2024-12-02 14:00:00,card
4910,457,77,4,0,web,cancelled,2024-08-11 00:00:00,card
4911,447,68,1,10,mobile,cancelled,2024-04-25 14:00:00,online
4912,168,85,4,0,store,completed,2024-10-30 14:00:00,card
4913,114,84,5,5,web,refunded,2024-06-07 03:00:00,cash
4914,175,88,2,0,mobile,completed,2024-03-23 09:00:00,
4915,255,11,2,5,mobile,refunded,2024-12-21 16:00:00,online
4916,498,59,5,0,mobile,completed,2024-02-04 09:00:00,
4917,357,2,3,5,web,cancelled,2024-09-05 18:00:00,card
4918,458,32,5,10,mobile,cancelled,2024-11-15 22:00:00,cash
4919,114,59,5,15,web,completed,2024-12-22 04:00:00,online
4920,307,60,3,0,store,cancelled,2024-12-21 17:00:00,card
4921,245,22,4,0,web,refunded,2024-08-16 17:00:00,cash
4922,455,86,1,10,web,completed,2024-12-27 22:00:00,card
4923,371,45,1,10,web,completed,2024-04-24 03:00:00,online
4924,373,7,4,20,web,cancelled,2024-10-28 14:00:00,online
4925,402,35,4,0,,completed,2024-04-21 20:00:00,card
4926,323,32,3,0,mobile,completed,2024-01-01 11:00:00,card
4927,341,64,5,5,web,completed,2024-03-09 08:00:00,online
4928,149,11,3,15,web,cancelled,2024-12-08 11:00:00,card
4929,187,93,3,5,mobile,completed,2024-06-17 02:00:00,card
4930,407,63,1,5,web,completed,2024-03-26 18:00:00,cash
4931,224,47,4,0,mobile,cancelled,2024-04-14 14:00:00,card
4932,366,2,2,15,mobile,completed,2024-10-23 14:00:00,online
4933,245,86,1,10,web,completed,2024-10-05 15:00:00,card
4934,301,89,2,0,web,completed,2024-04-12 03:00:00,online
4935,101,17,2,0,web,completed,2024-08-26 05:00:00,cash
4936,421,36,2,0,mobile,completed,2024-12-12 00:00:00,cash
4937,278,76,2,10,mobile,completed,2024-10-25 23:00:00,card
4938,371,78,1,10,mobile,completed,2024-02-25 09:00:00,card
4939,83,47,3,0,mobile,completed,2024-01-03 09:00:00,card
4940,65,21,2,15,store,refunded,2024-08-16 04:00:00,card
4941,65,23,4,20,store,completed,2024-09-04 22:00:00,
4942,115,40,3,0,store,completed,2024-08-20 21:00:00,card
4943,381,71,3,0,mobile,completed,2024-02-04 16:00:00,card
4944,312,2,4,0,mobile,cancelled,2024-01-26 06:00:00,
4945,160,37,1,20,mobile,completed,2024-06-20 01:00:00,online
4946,482,4,1,10,mobile,completed,2024-02-14 10:00:00,card
4947,257,65,5,15,mobile,completed,2024-01-04 21:00:00,online
4948,131,5,1,20,store,completed,2024-03-27 02:00:00,cash
4949,220,10,5,0,mobile,cancelled,2024-05-27 04:00:00,card
4950,118,80,3,15,web,cancelled,2024-07-05 17:00:00,card
4951,104,9,3,0,store,completed,2024-09-17 05:00:00,online
4952,187,5,3,0,web,cancelled,2024-07-26 02:00:00,online
4953,348,92,4,0,web,refunded,2024-06-25 14:00:00,online
4954,169,39,4,5,,cancelled,2024-02-05 19:00:00,card
4955,93,5,3,0,,cancelled,2024-02-12 17:00:00,cash
4956,26,71,2,5,web,completed,2024-06-07 00:00:00,card
4957,94,22,2,10,mobile,refunded,2024-07-08 04:00:00,
4958,91,64,4,20,web,completed,2024-04-18 16:00:00,card
4959,83,9,4,0,mobile,completed,2024-05-20 23:00:00,card
4960,157,8,4,0,mobile,completed,2024-05-25 01:00:00,cash
4961,115,25,5,0,web,completed,2024-11-23 17:00:00,card
4962,219,49,1,0,web,completed,2024-07-14 06:00:00,card
4963,455,6,1,0,store,completed,2024-10-27 17:00:00,online
4964,108,13,3,15,web,completed,2024-02-08 20:00:00,card
4965,248,77,2,0,store,completed,2024-11-22 16:00:00,cash
4966,14,13,1,10,web,completed,2024-03-06 07:00:00,online
4967,400,42,1,0,web,completed,2024-01-17 07:00:00,card
4968,95,67,2,15,store,completed,2024-08-17 14:00:00,card
4969,152,47,1,0,,completed,2024-11-30 21:00:00,online
4970,5,63,2,10,mobile,completed,2024-02-02 02:00:00,card
4971,208,68,3,5,web,completed,2024-08-15 01:00:00,card
4972,362,21,4,15,web,cancelled,2024-01-27 18:00:00,card
4973,171,41,5,0,,cancelled,2024-09-06 20:00:00,card
4974,123,89,5,10,web,completed,2024-10-20 09:00:00,card
4975,450,66,1,0,mobile,refunded,2024-01-08 03:00:00,card
4976,196,92,1,0,web,completed,2024-11-03 08:00:00,card
4977,183,94,5,0,mobile,completed,2024-06-28 06:00:00,online
4978,122,97,3,15,mobile,cancelled,2024-09-05 06:00:00,card
4979,195,41,4,0,store,completed,2024-12-28 16:00:00,online
4980,357,71,1,5,mobile,refunded,2024-11-06 05:00:00,
4981,471,16,5,0,web,completed,2024-06-08 03:00:00,card
4982,53,95,3,5,web,completed,2024-11-07 19:00:00,card
4983,436,7,3,0,store,cancelled,2024-03-28 16:00:00,online
4984,359,72,3,0,web,cancelled,2024-10-11 23:00:00,online
4985,393,11,4,5,web,completed,2024-12-17 19:00:00,card
4986,144,68,5,0,,completed,2024-03-08 09:00:00,cash
4987,468,15,3,0,mobile,completed,2024-11-01 22:00:00,card
4988,175,6,4,0,mobile,refunded,2024-01-26 08:00:00,online
4989,12,93,4,0,mobile,cancelled,2024-12-30 05:00:00,online
4990,485,77,1,5,store,completed,2024-09-22 21:00:00,card
4991,61,36,5,0,web,cancelled,2024-08-08 14:00:00,card
4992,301,12,3,10,mobile,completed,2024-02-28 18:00:00,cash
4993,161,78,4,10,mobile,completed,2024-11-09 02:00:00,card
4994,386,75,2,0,web,completed,2024-03-25 00:00:00,card
4995,157,85,2,10,mobile,completed,2024-09-21 06:00:00,online
4996,8,57,4,0,store,completed,2024-08-10 15:00:00,cash
4997,328,50,2,5,mobile,completed,2024-11-19 16:00:00,online
4998,496,41,5,30,web,completed,2024-09-27 00:00:00,online
4999,425,58,4,10,web,completed,2024-05-28 17:00:00,online
5000,41,52,3,0,web,completed,2024-09-07 21:00:00,card
1502,197,41,2,0,web,completed,2024-01-16 15:00:00,card
2587,228,90,1,0,store,completed,2024-06-19 15:00:00,cash
2654,361,10,4,15,mobile,refunded,2024-11-05 04:00:00,card
1056,73,81,3,0,web,completed,2024-12-17 14:00:00,card
706,180,74,2,0,mobile,completed,2024-08-24 09:00:00,cash
107,415,39,1,0,web,cancelled,2024-12-08 13:00:00,card
590,113,99,2,0,web,refunded,2024-02-23 00:00:00,cash
2469,393,67,5,20,web,completed,2024-07-23 07:00:00,card
2414,334,33,3,5,mobile,completed,2024-05-12 18:00:00,card
1601,123,69,5,20,,cancelled,2024-12-09 14:00:00,card
2465,104,48,5,5,web,refunded,2024-07-22 05:00:00,card
229,395,22,3,0,,cancelled,2024-03-22 16:00:00,card
916,89,6,1,20,web,cancelled,2024-09-13 10:00:00,online
795,391,59,5,0,mobile,completed,2024-10-26 04:00:00,online
3022,358,86,5,20,store,completed,2024-08-18 08:00:00,card
3544,64,95,3,20,web,completed,2024-01-26 10:00:00,online
1074,416,91,4,20,web,completed,2024-11-24 01:00:00,card
3352,327,7,2,15,web,completed,2024-05-22 02:00:00,card
1745,157,26,2,15,web,completed,2024-05-21 09:00:00,card
1085,100,32,5,20,mobile,completed,2024-04-11 20:00:00,cash
927,220,83,3,0,web,cancelled,2024-07-09 16:00:00,cash
3050,213,54,5,0,store,completed,2024-03-08 01:00:00,online
1118,312,66,1,15,web,completed,2024-04-12 11:00:00,card
643,63,14,1,0,web,completed,2024-08-01 23:00:00,card
4768,277,25,5,0,mobile,completed,2024-05-22 09:00:00,online
502,274,84,4,0,mobile,refunded,2024-04-07 22:00:00,online
4067,458,41,5,5,mobile,refunded,2024-05-08 14:00:00,card
334,350,64,4,0,web,completed,2024-02-11 12:00:00,card
4685,393,98,3,0,mobile,refunded,2024-09-16 00:00:00,online
487,380,97,3,10,web,cancelled,2024-01-26 23:00:00,card
1963,431,88,2,0,mobile,completed,2024-07-28 05:00:00,card
394,196,28,4,0,store,refunded,2024-08-11 05:00:00,card
4843,172,74,1,0,web,completed,2024-03-04 16:00:00,online
4867,378,65,2,5,web,cancelled,2024-11-11 06:00:00,online
1756,465,15,2,0,,completed,2024-02-12 11:00:00,online
2516,348,36,2,0,web,completed,2024-04-08 07:00:00,
3586,414,36,3,15,store,completed,2024-04-25 11:00:00,card
4316,178,12,1,0,mobile,completed,2024-03-02 05:00:00,card
4967,400,42,1,0,web,completed,2024-01-17 07:00:00,card
2100,132,53,2,10,mobile,cancelled,2024-11-20 11:00:00,online
3600,89,29,5,0,web,completed,2024-08-27 21:00:00,cash
4122,321,18,3,0,store,refunded,2024-07-10 04:00:00,cash
30,359,49,5,10,store,completed,2024-08-16 18:00:00,card
66,124,37,2,30,web,completed,2024-09-19 14:00:00,online
839,493,74,1,15,mobile,completed,2024-06-21 20:00:00,online
3907,213,50,3,0,mobile,cancelled,2024-04-02 08:00:00,cash
3774,288,96,3,10,mobile,completed,2024-09-21 23:00:00,
4636,243,46,5,10,web,completed,2024-08-02 04:00:00,card
3162,62,29,2,0,mobile,completed,2024-11-05 22:00:00,online
2660,295,84,4,10,,completed,2024-12-06 02:00:00,card
4616,353,37,2,0,web,refunded,2024-05-19 13:00:00,card
4629,102,89,3,0,store,cancelled,2024-07-18 23:00:00,card
2452,499,4,3,0,mobile,refunded,2024-12-13 20:00:00,cash
2847,417,34,1,0,web,completed,2024-02-10 07:00:00,card
1145,187,27,1,0,web,completed,2024-09-21 06:00:00,card
3079,148,100,2,20,mobile,cancelled,2024-08-12 12:00:00,cash
1104,330,51,5,0,store,completed,2024-08-09 05:00:00,online
169,308,94,5,0,web,completed,2024-06-03 07:00:00,online
1671,100,41,4,0,web,completed,2024-11-13 17:00:00,card
2571,334,47,1,30,store,completed,2024-06-20 20:00:00,card
2378,36,55,1,0,mobile,refunded,2024-01-08 23:00:00,card
4396,253,59,5,0,store,cancelled,2024-12-26 04:00:00,card
4258,13,13,4,10,web,cancelled,2024-07-21 12:00:00,card
3863,50,36,4,0,store,completed,2024-01-11 17:00:00,cash
24,103,63,2,0,web,completed,2024-11-07 18:00:00,online
2634,150,56,1,0,store,completed,2024-10-11 04:00:00,card
3341,371,19,4,20,web,completed,2024-03-09 06:00:00,cash
2216,219,13,3,0,mobile,completed,2024-11-12 15:00:00,card
3683,341,31,2,0,web,completed,2024-11-15 20:00:00,card
4725,214,2,5,5,mobile,refunded,2024-06-29 03:00:00,card
1908,179,58,3,0,web,completed,2024-04-03 18:00:00,online
85,394,27,3,0,web,cancelled,2024-01-21 01:00:00,card
228,412,86,1,5,store,refunded,2024-11-08 13:00:00,card
297,172,42,4,15,mobile,cancelled,2024-05-12 14:00:00,online
1002,331,26,4,10,mobile,completed,2024-03-18 20:00:00,card
2139,119,79,3,0,web,completed,2024-12-12 22:00:00,online
712,49,16,4,0,web,completed,2024-02-22 02:00:00,online
2802,230,26,2,5,,completed,2024-12-24 23:00:00,online
2528,437,5,5,10,web,completed,2024-10-20 15:00:00,card
3753,473,3,2,0,mobile,refunded,2024-10-18 15:00:00,card
3322,245,1,4,5,web,completed,2024-06-08 17:00:00,card
3182,72,4,5,0,mobile,refunded,2024-11-07 11:00:00,cash
4184,413,36,5,0,web,completed,2024-04-21 10:00:00,
1616,477,6,3,0,web,completed,2024-09-30 21:00:00,online
3025,412,90,3,15,web,cancelled,2024-07-11 20:00:00,cash
1414,67,68,5,0,mobile,refunded,2024-11-28 13:00:00,cash
764,256,3,4,10,,completed,2024-05-12 10:00:00,online
656,299,4,5,0,mobile,refunded,2024-11-30 07:00:00,card
4798,453,2,5,0,web,completed,2024-03-07 12:00:00,cash
3850,168,21,5,10,mobile,completed,2024-10-20 23:00:00,
4154,120,53,1,0,web,completed,2024-10-26 06:00:00,cash
469,108,61,4,5,web,completed,2024-09-09 01:00:00,card
158,241,61,5,10,web,completed,2024-04-07 02:00:00,card
1296,490,7,2,0,mobile,cancelled,2024-05-15 20:00:00,online
498,45,9,2,0,web,completed,2024-07-12 03:00:00,card
4741,311,53,5,0,web,completed,2024-04-01 06:00:00,online
2941,106,31,3,15,mobile,completed,2024-05-19 22:00:00,
3457,474,91,2,10,mobile,completed,2024-06-25 17:00:00,online
374,27,41,3,5,web,refunded,2024-03-07 12:00:00,card
80,446,11,2,10,mobile,cancelled,2024-12-27 21:00:00,
