event_id,user_id,event_type,event_date
1,426,login,2023-12-09
2,426,login,2023-12-04
3,426,support_ticket,2024-07-25
4,426,upgrade_view,2023-10-18
5,426,feature_use,2024-11-03
6,426,login,2023-12-08
7,426,feature_use,2024-08-19
8,426,upgrade_view,2023-12-25
9,426,support_ticket,2024-11-02
10,426,login,2023-05-13
11,426,support_ticket,2023-11-14
12,426,upgrade_view,2024-10-20
13,426,login,2023-05-11
14,426,support_ticket,2024-10-23
15,426,upgrade_view,2024-06-04
16,426,upgrade_view,2023-01-19
17,426,feature_use,2023-11-13
18,426,upgrade_view,2023-08-08
19,426,feature_use,2024-05-12
20,426,feature_use,2023-08-20
21,426,login,2023-06-08
22,426,login,2023-10-30
23,426,login,2024-06-03
24,426,upgrade_view,2024-11-08
25,426,feature_use,2024-09-24
26,99,feature_use,2024-01-21
27,99,feature_use,2023-06-16
28,99,feature_use,2024-12-10
29,99,login,2024-03-24
30,99,upgrade_view,2024-02-25
31,99,feature_use,2024-11-23
32,99,upgrade_view,2024-03-30
33,99,feature_use,2024-04-04
34,99,feature_use,2024-06-30
35,99,support_ticket,2023-11-13
36,99,upgrade_view,2023-07-18
37,99,support_ticket,2024-11-25
38,99,upgrade_view,2024-04-17
39,99,support_ticket,2024-01-27
40,99,feature_use,2023-06-15
41,99,feature_use,2024-09-11
42,99,login,2023-09-14
43,99,support_ticket,2024-10-18
44,99,login,2024-01-16
45,99,login,2024-12-29
46,99,login,2023-10-19
47,99,upgrade_view,2023-06-14
48,99,feature_use,2024-04-05
49,99,login,2024-03-23
50,337,upgrade_view,2024-04-06
51,337,support_ticket,2023-01-28
52,337,support_ticket,2023-02-24
53,337,upgrade_view,2024-05-29
54,337,support_ticket,2023-08-30
55,337,upgrade_view,2023-03-25
56,337,login,2023-08-18
57,337,login,2023-11-23
58,337,upgrade_view,2024-10-27
59,337,feature_use,2023-05-30
60,337,upgrade_view,2023-02-09
61,337,feature_use,2024-04-28
62,376,support_ticket,2024-12-23
63,376,login,2024-04-04
64,376,login,2023-03-23
65,376,feature_use,2023-09-20
66,376,support_ticket,2023-06-03
67,376,upgrade_view,2023-04-24
68,376,upgrade_view,2023-09-01
69,376,login,2023-05-05
70,376,support_ticket,2023-09-02
71,376,support_ticket,2024-10-16
72,376,login,2023-03-06
73,376,login,2024-05-26
74,376,feature_use,2024-10-09
75,376,upgrade_view,2023-05-28
76,376,login,2024-03-15
77,376,upgrade_view,2024-09-21
78,376,support_ticket,2023-09-04
79,376,login,2023-07-11
80,376,upgrade_view,2024-06-20
81,376,login,2023-03-11
82,376,support_ticket,2024-02-04
83,376,support_ticket,2023-02-14
84,376,upgrade_view,2024-01-18
85,376,upgrade_view,2023-01-17
86,376,upgrade_view,2023-03-11
87,376,login,2023-09-04
88,376,upgrade_view,2024-08-18
89,376,login,2023-05-17
90,376,upgrade_view,2023-12-27
91,498,support_ticket,2023-06-29
92,498,support_ticket,2024-12-13
93,498,feature_use,2024-10-08
94,498,login,2023-05-19
95,498,login,2024-04-13
96,498,feature_use,2023-10-28
97,498,feature_use,2023-02-14
98,498,upgrade_view,2023-02-12
99,498,support_ticket,2023-11-14
100,498,support_ticket,2024-07-10
101,498,login,2023-09-17
102,498,feature_use,2024-10-24
103,498,upgrade_view,2023-10-20
104,498,upgrade_view,2023-02-18
105,498,login,2023-10-07
106,498,support_ticket,2024-01-12
107,498,support_ticket,2024-02-14
108,498,upgrade_view,2024-01-31
109,498,support_ticket,2023-07-11
110,498,support_ticket,2024-12-09
111,498,upgrade_view,2024-01-12
112,498,support_ticket,2023-03-26
113,498,support_ticket,2023-03-22
114,498,feature_use,2024-09-08
115,498,upgrade_view,2024-07-12
116,95,login,2023-04-16
117,95,upgrade_view,2023-12-02
118,95,support_ticket,2023-11-10
119,95,support_ticket,2024-09-09
120,95,support_ticket,2023-06-20
121,95,support_ticket,2023-12-26
122,95,upgrade_view,2023-02-13
123,95,support_ticket,2024-09-21
124,95,login,2023-10-09
125,95,support_ticket,2023-03-18
126,95,feature_use,2024-01-08
127,95,feature_use,2023-02-01
128,95,support_ticket,2024-09-14
129,95,feature_use,2023-02-05
130,95,feature_use,2023-03-10
131,471,upgrade_view,2024-10-22
132,471,support_ticket,2024-01-06
133,471,login,2024-08-03
134,471,feature_use,2024-09-11
135,471,support_ticket,2024-11-26
136,471,upgrade_view,2024-01-15
137,471,login,2024-03-30
138,471,feature_use,2024-08-10
139,471,upgrade_view,2024-06-26
140,471,upgrade_view,2024-02-12
141,471,upgrade_view,2024-10-27
142,471,login,2023-09-13
143,471,feature_use,2023-01-27
144,471,support_ticket,2024-05-26
145,471,login,2024-07-29
146,471,upgrade_view,2023-09-26
147,471,support_ticket,2024-12-21
148,471,upgrade_view,2023-08-08
149,471,support_ticket,2024-12-11
150,471,login,2023-07-24
151,471,login,2023-05-19
152,471,feature_use,2024-04-07
153,471,support_ticket,2024-12-31
154,471,upgrade_view,2023-03-31
155,471,upgrade_view,2024-11-14
156,471,login,2024-12-27
157,471,upgrade_view,2024-07-17
158,471,feature_use,2023-11-04
159,471,feature_use,2024-12-29
160,356,feature_use,2024-01-06
161,356,feature_use,2023-05-05
162,356,feature_use,2023-05-23
163,356,login,2024-05-20
164,356,upgrade_view,2024-01-05
165,356,feature_use,2024-04-23
166,356,login,2024-09-18
167,356,upgrade_view,2023-03-09
168,356,support_ticket,2024-02-12
169,356,support_ticket,2024-06-22
170,356,login,2024-02-24
171,356,upgrade_view,2023-05-09
172,356,login,2024-10-19
173,356,support_ticket,2024-04-05
174,356,upgrade_view,2024-11-27
175,356,feature_use,2023-05-12
176,356,support_ticket,2023-05-13
177,356,login,2024-05-29
178,356,feature_use,2023-05-08
179,356,feature_use,2023-11-08
180,356,upgrade_view,2023-06-15
181,356,feature_use,2024-12-27
182,356,upgrade_view,2023-12-21
183,356,upgrade_view,2023-03-22
184,356,upgrade_view,2023-07-21
185,356,upgrade_view,2023-05-09
186,356,login,2024-09-21
187,356,feature_use,2024-05-29
188,356,feature_use,2024-08-29
189,356,upgrade_view,2023-06-25
190,372,login,2023-02-12
191,372,login,2023-03-25
192,372,upgrade_view,2024-10-18
193,372,feature_use,2024-10-28
194,372,support_ticket,2024-08-08
195,372,login,2024-09-24
196,372,upgrade_view,2024-05-24
197,372,upgrade_view,2024-10-19
198,372,feature_use,2024-05-09
199,372,support_ticket,2024-12-02
200,372,support_ticket,2023-11-01
201,372,login,2023-03-16
202,372,support_ticket,2023-06-11
203,372,support_ticket,2024-03-01
204,372,feature_use,2024-04-20
205,372,feature_use,2023-12-15
206,372,upgrade_view,2023-11-17
207,372,support_ticket,2023-12-20
208,372,upgrade_view,2023-05-14
209,372,login,2024-06-11
210,372,feature_use,2023-11-23
211,372,login,2024-04-22
212,372,support_ticket,2023-10-01
213,409,login,2023-05-25
214,409,upgrade_view,2023-02-21
215,409,support_ticket,2024-01-29
216,409,feature_use,2023-09-12
217,409,upgrade_view,2023-12-02
218,409,feature_use,2023-07-14
219,409,support_ticket,2024-05-25
220,409,upgrade_view,2024-05-25
221,409,login,2024-05-24
222,409,support_ticket,2023-04-03
223,409,support_ticket,2024-06-01
224,409,feature_use,2023-09-04
225,57,login,2023-12-28
226,57,upgrade_view,2023-02-21
227,57,support_ticket,2024-05-21
228,57,login,2023-10-20
229,57,support_ticket,2023-04-21
230,57,upgrade_view,2023-05-18
231,57,support_ticket,2024-01-10
232,57,login,2024-01-10
233,57,login,2024-02-15
234,57,feature_use,2024-08-06
235,57,upgrade_view,2024-01-07
236,57,support_ticket,2023-03-17
237,57,support_ticket,2024-05-31
238,57,upgrade_view,2024-07-17
239,57,login,2024-09-30
240,57,login,2023-05-12
241,57,upgrade_view,2024-02-08
242,57,upgrade_view,2023-12-14
243,57,feature_use,2023-05-28
244,57,support_ticket,2024-09-08
245,57,login,2024-05-27
246,57,login,2023-02-16
247,57,upgrade_view,2023-05-21
248,420,support_ticket,2024-04-30
249,420,feature_use,2023-06-02
250,420,upgrade_view,2023-12-02
251,420,support_ticket,2023-06-16
252,420,upgrade_view,2024-09-23
253,420,upgrade_view,2024-08-30
254,420,support_ticket,2024-06-03
255,420,upgrade_view,2024-12-26
256,420,login,2024-05-01
257,420,upgrade_view,2024-01-13
258,420,login,2024-11-20
259,420,upgrade_view,2024-03-02
260,420,login,2024-12-05
261,420,support_ticket,2024-09-03
262,420,feature_use,2023-09-29
263,420,support_ticket,2023-02-22
264,420,support_ticket,2023-06-24
265,420,feature_use,2023-06-01
266,420,login,2023-02-02
267,420,login,2023-07-15
268,420,upgrade_view,2024-03-27
269,420,feature_use,2024-03-04
270,420,feature_use,2024-02-27
271,420,support_ticket,2024-02-25
272,420,feature_use,2023-03-05
273,420,feature_use,2024-06-15
274,420,upgrade_view,2024-07-28
275,420,support_ticket,2024-11-09
276,420,support_ticket,2024-06-22
277,420,feature_use,2023-11-18
278,397,upgrade_view,2024-06-29
279,397,upgrade_view,2024-07-13
280,397,upgrade_view,2024-11-23
281,397,support_ticket,2024-09-16
282,397,feature_use,2023-07-16
283,397,upgrade_view,2023-10-13
284,397,upgrade_view,2023-08-19
285,397,feature_use,2023-10-23
286,397,support_ticket,2024-12-07
287,397,support_ticket,2023-11-21
288,397,upgrade_view,2023-12-24
289,397,login,2023-10-22
290,397,support_ticket,2024-08-10
291,397,upgrade_view,2024-02-09
292,397,upgrade_view,2023-05-30
293,397,upgrade_view,2023-02-13
294,397,upgrade_view,2023-03-22
295,397,upgrade_view,2024-03-28
296,397,feature_use,2024-05-05
297,155,upgrade_view,2024-07-05
298,155,upgrade_view,2024-07-29
299,155,login,2023-05-21
300,155,feature_use,2024-09-22
301,155,login,2023-09-06
302,155,feature_use,2024-11-16
303,155,feature_use,2024-10-15
304,155,login,2023-02-23
305,155,upgrade_view,2024-02-28
306,155,login,2024-04-28
307,155,feature_use,2024-11-28
308,464,feature_use,2024-07-17
309,464,support_ticket,2024-02-21
310,464,feature_use,2024-05-03
311,464,upgrade_view,2023-10-22
312,464,login,2023-10-20
313,413,feature_use,2023-04-02
314,413,login,2024-07-01
315,413,support_ticket,2023-06-29
316,413,login,2023-06-30
317,413,support_ticket,2024-02-11
318,413,upgrade_view,2023-07-10
319,413,login,2023-02-08
320,413,login,2023-11-02
321,413,upgrade_view,2023-12-10
322,413,support_ticket,2024-04-10
323,413,support_ticket,2023-05-18
324,413,feature_use,2023-10-07
325,413,upgrade_view,2023-04-26
326,413,support_ticket,2023-06-16
327,413,upgrade_view,2024-10-25
328,413,login,2023-07-10
329,413,upgrade_view,2023-12-12
330,413,feature_use,2024-08-04
331,413,support_ticket,2023-06-29
332,413,upgrade_view,2024-03-13
333,413,support_ticket,2023-03-30
334,413,login,2024-11-16
335,413,feature_use,2023-07-09
336,413,upgrade_view,2024-05-03
337,413,login,2023-09-12
338,413,support_ticket,2023-09-25
339,413,support_ticket,2023-08-30
340,413,upgrade_view,2023-10-01
341,413,login,2023-11-06
342,165,upgrade_view,2024-10-31
343,165,feature_use,2024-12-10
344,165,login,2023-03-05
345,165,upgrade_view,2024-04-21
346,165,support_ticket,2023-06-13
347,165,upgrade_view,2024-12-03
348,165,login,2024-12-07
349,165,upgrade_view,2024-10-16
350,165,feature_use,2024-01-12
351,165,feature_use,2023-08-13
352,165,feature_use,2024-05-04
353,165,upgrade_view,2024-04-10
354,165,support_ticket,2024-03-01
355,244,feature_use,2024-07-04
356,244,login,2023-09-11
357,244,support_ticket,2024-06-22
358,244,upgrade_view,2024-06-24
359,244,login,2023-03-21
360,244,feature_use,2023-03-05
361,244,feature_use,2024-08-09
362,244,upgrade_view,2023-06-18
363,244,support_ticket,2024-06-16
364,244,feature_use,2023-04-30
365,244,support_ticket,2024-08-20
366,244,support_ticket,2023-04-04
367,244,support_ticket,2023-02-26
368,244,support_ticket,2023-05-16
369,244,login,2024-04-12
370,244,support_ticket,2024-07-26
371,244,upgrade_view,2024-11-19
372,244,support_ticket,2023-01-23
373,244,login,2023-09-18
374,244,login,2023-08-12
375,244,support_ticket,2023-02-16
376,244,login,2023-12-19
377,244,login,2024-07-08
378,244,support_ticket,2023-03-12
379,244,upgrade_view,2023-02-02
380,244,feature_use,2024-02-23
381,244,support_ticket,2023-05-19
382,244,support_ticket,2024-01-19
383,244,support_ticket,2024-04-04
384,56,feature_use,2023-03-24
385,56,upgrade_view,2024-10-31
386,56,feature_use,2023-05-02
387,56,support_ticket,2024-07-04
388,56,feature_use,2024-06-25
389,56,login,2023-08-17
390,56,upgrade_view,2023-01-24
391,56,support_ticket,2024-04-19
392,56,support_ticket,2024-06-28
393,56,feature_use,2023-08-24
394,56,upgrade_view,2024-04-16
395,56,upgrade_view,2023-06-08
396,56,login,2023-07-13
397,56,support_ticket,2023-02-02
398,56,login,2024-09-21
399,56,feature_use,2023-09-04
400,56,login,2023-03-10
401,309,support_ticket,2023-02-04
402,309,login,2024-09-04
403,309,login,2023-09-08
404,309,support_ticket,2024-02-16
405,309,feature_use,2023-08-28
406,309,feature_use,2023-02-27
407,309,upgrade_view,2024-05-30
408,309,upgrade_view,2023-08-28
409,309,upgrade_view,2024-08-14
410,309,upgrade_view,2023-08-31
411,309,feature_use,2023-05-27
412,309,upgrade_view,2024-02-28
413,309,login,2023-10-09
414,309,feature_use,2024-07-24
415,309,support_ticket,2024-10-03
416,309,support_ticket,2024-07-23
417,309,upgrade_view,2023-02-18
418,309,support_ticket,2024-10-20
419,309,upgrade_view,2024-06-21
420,309,support_ticket,2024-12-14
421,309,feature_use,2024-02-23
422,309,support_ticket,2023-11-04
423,309,support_ticket,2023-07-08
424,309,feature_use,2023-09-04
425,250,feature_use,2024-12-25
426,250,login,2024-04-19
427,250,support_ticket,2024-07-29
428,250,feature_use,2024-03-02
429,250,feature_use,2024-02-02
430,250,feature_use,2023-09-19
431,250,login,2023-12-05
432,250,upgrade_view,2024-04-05
433,250,feature_use,2023-04-05
434,250,upgrade_view,2023-02-22
435,250,login,2024-01-22
436,250,feature_use,2023-03-16
437,250,feature_use,2024-08-24
438,250,feature_use,2024-05-05
439,180,login,2023-11-07
440,180,feature_use,2023-08-05
441,180,support_ticket,2023-05-01
442,180,feature_use,2023-09-06
443,180,feature_use,2024-02-11
444,180,upgrade_view,2024-07-19
445,180,support_ticket,2023-10-17
446,180,upgrade_view,2024-04-22
447,180,upgrade_view,2023-11-12
448,180,support_ticket,2024-01-04
449,180,login,2024-04-22
450,180,upgrade_view,2024-04-25
451,180,upgrade_view,2023-07-28
452,180,support_ticket,2023-11-17
453,180,feature_use,2023-02-16
454,278,login,2023-05-30
455,278,support_ticket,2023-09-25
456,278,feature_use,2023-10-30
457,278,upgrade_view,2023-07-20
458,278,support_ticket,2023-08-24
459,278,feature_use,2024-08-06
460,278,upgrade_view,2024-05-26
461,278,support_ticket,2023-09-21
462,278,support_ticket,2024-10-19
463,278,feature_use,2024-04-16
464,278,feature_use,2023-12-27
465,278,support_ticket,2023-05-24
466,278,login,2023-07-08
467,278,login,2024-06-20
468,278,login,2023-03-18
469,278,support_ticket,2023-01-07
470,278,feature_use,2023-05-21
471,278,feature_use,2023-03-11
472,278,feature_use,2023-01-10
473,278,support_ticket,2024-06-01
474,278,login,2024-01-18
475,278,support_ticket,2024-09-24
476,278,support_ticket,2024-11-06
477,278,login,2023-01-17
478,278,support_ticket,2024-06-28
479,278,login,2023-01-13
480,278,upgrade_view,2024-06-26
481,278,upgrade_view,2024-07-02
482,48,support_ticket,2024-05-29
483,48,login,2023-07-03
484,48,feature_use,2023-04-09
485,48,feature_use,2023-09-04
486,48,upgrade_view,2024-09-26
487,321,support_ticket,2023-10-01
488,321,upgrade_view,2023-03-22
489,321,support_ticket,2024-02-20
490,321,feature_use,2024-08-01
491,321,feature_use,2024-12-14
492,321,login,2023-11-04
493,321,login,2024-10-31
494,321,support_ticket,2023-04-06
495,321,support_ticket,2024-01-24
496,321,support_ticket,2024-07-19
497,321,login,2023-02-27
498,321,feature_use,2024-12-20
499,321,support_ticket,2023-03-26
500,321,upgrade_view,2024-03-20
501,321,login,2024-08-02
502,321,login,2024-06-24
503,477,support_ticket,2023-08-05
504,477,login,2023-10-05
505,477,upgrade_view,2023-03-18
506,477,login,2024-07-10
507,477,upgrade_view,2023-07-03
508,477,feature_use,2023-01-17
509,477,feature_use,2024-08-24
510,477,support_ticket,2024-12-30
511,477,upgrade_view,2023-03-20
512,477,feature_use,2023-06-16
513,477,support_ticket,2024-08-03
514,477,upgrade_view,2024-11-24
515,478,login,2023-05-24
516,478,upgrade_view,2024-05-27
517,478,login,2023-02-24
518,478,feature_use,2024-03-23
519,478,upgrade_view,2023-03-19
520,478,support_ticket,2024-09-11
521,478,login,2023-12-01
522,478,upgrade_view,2024-10-11
523,478,support_ticket,2024-04-06
524,478,upgrade_view,2023-08-22
525,478,support_ticket,2024-07-20
526,478,feature_use,2024-03-18
527,478,support_ticket,2024-11-27
528,478,upgrade_view,2023-03-29
529,478,login,2023-09-10
530,478,upgrade_view,2023-03-26
531,478,support_ticket,2023-06-07
532,128,feature_use,2024-10-11
533,128,upgrade_view,2024-02-03
534,128,login,2024-01-05
535,128,login,2023-04-04
536,128,support_ticket,2023-11-12
537,128,upgrade_view,2024-01-04
538,128,feature_use,2023-04-15
539,128,feature_use,2023-03-31
540,128,support_ticket,2024-03-17
541,128,support_ticket,2024-07-24
542,128,login,2023-04-16
543,128,upgrade_view,2023-04-02
544,128,login,2024-07-21
545,128,upgrade_view,2024-09-03
546,128,login,2024-01-30
547,128,support_ticket,2023-10-26
548,128,login,2024-02-02
549,128,feature_use,2024-07-26
550,128,feature_use,2024-08-08
551,128,support_ticket,2024-12-02
552,128,feature_use,2023-06-23
553,128,upgrade_view,2023-10-03
554,128,support_ticket,2023-10-02
555,128,login,2023-05-30
556,128,support_ticket,2023-06-21
557,128,support_ticket,2023-10-10
558,128,support_ticket,2023-11-03
559,94,upgrade_view,2023-03-20
560,94,feature_use,2023-09-15
561,94,support_ticket,2024-10-02
562,94,feature_use,2024-08-31
563,94,login,2024-04-13
564,94,upgrade_view,2023-05-19
565,94,support_ticket,2023-01-07
566,94,support_ticket,2023-12-07
567,94,support_ticket,2023-12-04
568,94,support_ticket,2023-12-09
569,94,feature_use,2024-10-28
570,94,upgrade_view,2023-11-04
571,94,feature_use,2024-09-09
572,94,upgrade_view,2024-05-05
573,94,support_ticket,2023-07-01
574,94,upgrade_view,2023-11-23
575,94,support_ticket,2024-12-12
576,94,feature_use,2024-08-12
577,94,support_ticket,2023-11-30
578,94,support_ticket,2023-10-15
579,94,login,2024-01-09
580,94,feature_use,2024-07-31
581,94,feature_use,2024-08-29
582,94,login,2024-11-29
583,94,feature_use,2024-04-17
584,94,upgrade_view,2024-03-24
585,94,login,2024-12-10
586,94,support_ticket,2024-02-23
587,94,upgrade_view,2023-05-23
588,94,upgrade_view,2023-09-05
589,22,support_ticket,2023-06-07
590,22,login,2024-01-22
591,22,support_ticket,2024-04-04
592,22,support_ticket,2024-08-19
593,22,support_ticket,2024-07-01
594,22,login,2024-07-10
595,22,login,2024-01-04
596,22,feature_use,2023-04-22
597,22,upgrade_view,2024-11-04
598,22,login,2023-06-20
599,22,support_ticket,2024-07-30
600,22,support_ticket,2023-12-06
601,22,login,2023-04-19
602,22,upgrade_view,2023-04-11
603,22,feature_use,2023-08-16
604,22,upgrade_view,2024-04-01
605,22,support_ticket,2024-02-05
606,22,feature_use,2024-11-26
607,22,login,2023-12-20
608,22,login,2024-05-09
609,22,support_ticket,2023-10-30
610,22,login,2023-03-29
611,22,upgrade_view,2023-05-26
612,22,upgrade_view,2023-11-16
613,22,feature_use,2024-04-11
614,22,support_ticket,2024-06-17
615,379,login,2024-05-02
616,379,support_ticket,2024-03-24
617,379,login,2023-11-23
618,379,login,2023-11-04
619,379,login,2024-12-28
620,379,upgrade_view,2023-01-24
621,379,login,2024-10-25
622,379,feature_use,2024-11-24
623,379,feature_use,2023-09-07
624,379,feature_use,2024-07-19
625,379,support_ticket,2023-12-05
626,379,feature_use,2024-04-18
627,379,feature_use,2024-02-19
628,379,support_ticket,2023-07-10
629,379,login,2024-02-10
630,379,feature_use,2024-09-20
631,270,support_ticket,2024-08-29
632,270,login,2024-02-03
633,270,feature_use,2024-12-22
634,270,upgrade_view,2023-07-30
635,270,login,2024-12-21
636,270,login,2024-08-14
637,270,feature_use,2024-07-03
638,270,upgrade_view,2024-01-10
639,270,support_ticket,2023-07-21
640,270,upgrade_view,2023-04-27
641,270,support_ticket,2024-11-17
642,270,upgrade_view,2024-06-24
643,270,support_ticket,2024-09-03
644,270,support_ticket,2024-09-17
645,270,login,2024-08-24
646,270,upgrade_view,2023-12-23
647,270,feature_use,2024-04-13
648,270,upgrade_view,2024-11-20
649,270,login,2024-09-21
650,443,upgrade_view,2023-05-18
651,443,feature_use,2023-05-01
652,443,login,2023-11-09
653,443,upgrade_view,2023-07-07
654,443,feature_use,2024-12-11
655,443,support_ticket,2024-06-07
656,443,feature_use,2024-03-04
657,443,support_ticket,2024-08-11
658,443,feature_use,2024-03-09
659,443,feature_use,2024-05-13
660,443,feature_use,2024-07-22
661,443,upgrade_view,2024-05-16
662,443,feature_use,2023-05-24
663,443,support_ticket,2023-11-19
664,443,login,2024-09-26
665,443,login,2024-01-03
666,443,feature_use,2024-05-11
667,443,support_ticket,2023-07-19
668,443,support_ticket,2024-07-29
669,443,support_ticket,2024-02-23
670,443,support_ticket,2024-03-01
671,443,feature_use,2024-05-15
672,443,login,2023-03-26
673,443,upgrade_view,2023-08-14
674,443,upgrade_view,2023-02-03
675,443,upgrade_view,2023-08-19
676,29,support_ticket,2024-04-13
677,29,login,2024-07-16
678,29,login,2024-08-09
679,29,upgrade_view,2023-10-02
680,29,login,2024-07-09
681,29,feature_use,2024-03-27
682,29,login,2024-03-11
683,29,feature_use,2024-10-31
684,29,login,2023-11-01
685,29,upgrade_view,2024-04-05
686,17,support_ticket,2023-03-31
687,17,feature_use,2023-05-01
688,17,upgrade_view,2023-08-03
689,17,support_ticket,2024-12-28
690,17,feature_use,2023-06-19
691,17,feature_use,2023-07-31
692,17,upgrade_view,2023-03-02
693,17,upgrade_view,2024-06-29
694,17,feature_use,2024-09-03
695,17,upgrade_view,2023-11-28
696,17,upgrade_view,2023-10-24
697,17,login,2024-06-10
698,17,support_ticket,2023-05-19
699,17,upgrade_view,2023-03-02
700,17,feature_use,2024-11-02
701,17,feature_use,2024-12-19
702,37,upgrade_view,2023-05-30
703,37,support_ticket,2023-09-11
704,37,feature_use,2024-05-16
705,37,upgrade_view,2024-08-14
706,37,support_ticket,2024-10-04
707,37,support_ticket,2024-01-20
708,37,login,2023-03-19
709,37,upgrade_view,2024-02-17
710,37,upgrade_view,2024-12-12
711,37,support_ticket,2024-04-10
712,37,login,2023-12-02
713,37,support_ticket,2023-04-06
714,4,upgrade_view,2024-11-11
715,4,support_ticket,2023-03-06
716,4,support_ticket,2023-08-12
717,4,support_ticket,2023-08-05
718,4,upgrade_view,2023-10-02
719,4,upgrade_view,2023-10-18
720,4,feature_use,2024-07-14
721,4,support_ticket,2024-08-02
722,4,login,2023-12-18
723,4,login,2023-02-17
724,4,support_ticket,2024-10-03
725,4,login,2023-01-17
726,4,support_ticket,2023-06-11
727,4,login,2024-04-12
728,4,feature_use,2024-03-14
729,4,feature_use,2024-12-06
730,4,upgrade_view,2024-10-27
731,4,upgrade_view,2023-06-12
732,4,upgrade_view,2023-04-06
733,4,login,2023-09-14
734,4,feature_use,2024-01-16
735,4,support_ticket,2023-02-23
736,4,upgrade_view,2024-10-02
737,4,feature_use,2024-12-17
738,4,login,2024-03-15
739,96,login,2023-04-08
740,96,support_ticket,2023-08-07
741,96,feature_use,2023-03-21
742,96,feature_use,2024-08-30
743,96,support_ticket,2024-06-15
744,96,login,2023-01-10
745,96,upgrade_view,2024-12-13
746,96,support_ticket,2023-05-04
747,96,feature_use,2024-12-11
748,96,login,2024-05-04
749,96,support_ticket,2023-08-23
750,96,login,2023-04-02
751,96,upgrade_view,2023-04-16
752,96,upgrade_view,2024-01-12
753,96,support_ticket,2023-05-21
754,96,feature_use,2023-05-17
755,96,login,2023-03-12
756,96,feature_use,2024-09-16
757,96,upgrade_view,2024-03-26
758,96,feature_use,2023-08-07
759,96,support_ticket,2024-02-26
760,96,login,2023-08-11
761,96,feature_use,2023-04-13
762,96,support_ticket,2023-05-07
763,96,support_ticket,2023-12-26
764,96,feature_use,2023-11-19
765,96,upgrade_view,2023-09-11
766,40,feature_use,2023-03-28
767,40,upgrade_view,2024-07-20
768,40,login,2024-12-08
769,40,upgrade_view,2024-11-05
770,40,feature_use,2023-07-30
771,40,upgrade_view,2024-02-06
772,40,login,2024-10-23
773,40,support_ticket,2023-09-03
774,40,login,2024-01-31
775,40,support_ticket,2023-09-04
776,40,login,2024-10-15
777,40,login,2024-06-24
778,40,upgrade_view,2024-01-05
779,40,support_ticket,2023-05-16
780,40,support_ticket,2024-08-05
781,40,feature_use,2024-01-10
782,40,login,2024-04-27
783,40,login,2023-01-18
784,40,upgrade_view,2023-01-15
785,40,login,2023-08-09
786,40,support_ticket,2023-03-03
787,40,upgrade_view,2024-06-02
788,40,support_ticket,2024-10-05
789,40,support_ticket,2024-03-09
790,40,feature_use,2023-03-26
791,412,upgrade_view,2023-03-27
792,412,feature_use,2023-03-22
793,412,upgrade_view,2023-06-09
794,412,login,2024-02-05
795,412,support_ticket,2023-11-14
796,412,login,2023-09-02
797,412,login,2023-09-08
798,412,login,2024-03-20
799,412,login,2024-04-09
800,412,feature_use,2023-11-13
801,412,login,2023-05-03
802,412,feature_use,2024-12-25
803,412,login,2024-12-19
804,183,upgrade_view,2024-05-23
805,183,upgrade_view,2024-06-19
806,183,upgrade_view,2023-06-20
807,183,upgrade_view,2023-05-10
808,183,login,2023-05-01
809,183,support_ticket,2023-12-10
810,183,login,2023-10-06
811,183,login,2023-09-27
812,183,support_ticket,2024-05-23
813,183,upgrade_view,2024-06-07
814,28,feature_use,2024-05-26
815,28,feature_use,2024-01-12
816,28,login,2023-09-19
817,28,login,2024-08-10
818,28,login,2023-08-22
819,28,login,2023-02-15
820,229,support_ticket,2023-02-17
821,229,support_ticket,2024-01-08
822,229,feature_use,2023-06-03
823,229,support_ticket,2023-02-06
824,229,upgrade_view,2023-08-18
825,229,support_ticket,2023-09-12
826,229,upgrade_view,2023-11-24
827,229,upgrade_view,2023-03-21
828,229,login,2023-05-03
829,229,feature_use,2023-07-03
830,229,login,2024-06-12
831,229,login,2024-02-15
832,83,upgrade_view,2023-10-17
833,83,login,2023-12-02
834,83,support_ticket,2024-07-20
835,83,upgrade_view,2023-01-09
836,83,upgrade_view,2023-07-25
837,83,upgrade_view,2024-07-31
838,83,feature_use,2024-09-29
839,83,upgrade_view,2024-04-20
840,83,support_ticket,2024-08-28
841,83,feature_use,2023-07-20
842,83,login,2023-06-04
843,83,login,2024-02-24
844,83,upgrade_view,2023-08-27
845,83,login,2024-10-13
846,83,login,2023-12-10
847,83,support_ticket,2024-11-04
848,83,login,2023-11-11
849,83,feature_use,2023-07-30
850,83,support_ticket,2024-03-05
851,122,upgrade_view,2023-05-26
852,122,login,2023-04-06
853,122,support_ticket,2023-08-26
854,122,upgrade_view,2024-12-18
855,122,login,2024-04-14
856,122,login,2024-08-17
857,190,support_ticket,2023-05-17
858,190,login,2023-03-18
859,190,feature_use,2024-03-21
860,190,upgrade_view,2023-08-31
861,190,upgrade_view,2023-09-25
862,190,upgrade_view,2024-02-07
863,190,support_ticket,2023-11-22
864,190,feature_use,2023-10-06
865,190,feature_use,2023-03-18
866,190,login,2023-05-20
867,190,login,2023-06-09
868,190,support_ticket,2023-06-18
869,190,upgrade_view,2024-04-22
870,190,login,2024-02-21
871,190,upgrade_view,2024-07-02
872,190,support_ticket,2023-08-01
873,190,support_ticket,2023-11-12
874,190,login,2023-09-29
875,190,feature_use,2023-04-03
876,190,upgrade_view,2024-12-03
877,190,login,2024-12-22
878,194,feature_use,2023-12-02
879,194,feature_use,2023-04-04
880,194,support_ticket,2023-12-31
881,194,login,2024-06-09
882,194,upgrade_view,2024-11-24
883,194,feature_use,2023-09-24
884,194,support_ticket,2023-02-01
885,194,feature_use,2024-04-08
886,194,support_ticket,2023-04-07
887,194,feature_use,2023-04-15
888,194,login,2023-05-05
889,266,feature_use,2023-08-16
890,266,support_ticket,2023-07-22
891,266,login,2024-01-17
892,266,upgrade_view,2024-08-19
893,266,login,2023-03-18
894,266,feature_use,2023-03-08
895,288,feature_use,2024-03-30
896,288,upgrade_view,2023-04-05
897,288,login,2023-05-06
898,288,login,2024-04-17
899,288,support_ticket,2023-06-22
900,288,support_ticket,2024-02-09
901,288,support_ticket,2023-01-31
902,288,support_ticket,2024-11-30
903,288,upgrade_view,2023-06-26
904,288,feature_use,2023-08-08
905,288,upgrade_view,2023-10-09
906,288,feature_use,2024-04-01
907,288,feature_use,2023-02-05
908,288,upgrade_view,2024-10-24
909,288,support_ticket,2024-05-25
910,288,support_ticket,2024-07-17
911,288,login,2023-03-04
912,288,support_ticket,2023-10-14
913,288,support_ticket,2023-05-21
914,288,feature_use,2023-07-24
915,288,login,2024-10-07
916,288,upgrade_view,2024-01-27
917,288,support_ticket,2024-05-06
918,288,upgrade_view,2023-12-19
919,288,upgrade_view,2024-02-02
920,112,upgrade_view,2023-01-27
921,112,feature_use,2024-09-03
922,112,upgrade_view,2023-01-31
923,112,support_ticket,2023-03-01
924,112,upgrade_view,2024-06-26
925,112,feature_use,2024-08-21
926,112,login,2023-06-13
927,112,feature_use,2023-09-11
928,112,login,2023-09-30
929,112,support_ticket,2023-08-13
930,61,feature_use,2023-06-27
931,61,upgrade_view,2023-08-31
932,61,upgrade_view,2024-12-15
933,61,login,2024-08-28
934,61,upgrade_view,2024-12-21
935,61,feature_use,2024-08-04
936,61,feature_use,2024-07-30
937,61,upgrade_view,2024-05-19
938,61,support_ticket,2023-06-29
939,61,login,2023-02-08
940,61,feature_use,2023-02-27
941,61,feature_use,2024-09-08
942,61,support_ticket,2023-01-21
943,61,upgrade_view,2023-01-01
944,61,feature_use,2024-09-20
945,61,upgrade_view,2023-05-14
946,480,upgrade_view,2023-07-01
947,480,login,2023-03-02
948,480,feature_use,2023-06-01
949,480,upgrade_view,2023-04-24
950,480,upgrade_view,2023-03-16
951,480,support_ticket,2024-12-22
952,480,login,2024-08-23
953,480,upgrade_view,2023-12-11
954,480,feature_use,2023-11-27
955,480,support_ticket,2023-06-11
956,480,support_ticket,2024-10-16
957,480,upgrade_view,2024-10-26
958,480,upgrade_view,2023-06-28
959,480,feature_use,2023-08-17
960,480,upgrade_view,2024-01-23
961,480,upgrade_view,2024-12-06
962,480,feature_use,2023-05-11
963,480,support_ticket,2023-01-02
964,480,login,2024-08-04
965,480,upgrade_view,2023-07-06
966,480,feature_use,2024-09-18
967,480,login,2024-10-16
968,480,feature_use,2024-05-23
969,480,login,2023-12-06
970,480,upgrade_view,2023-09-01
971,480,feature_use,2023-11-24
972,480,login,2024-10-13
973,252,upgrade_view,2024-11-17
974,252,login,2024-04-02
975,252,feature_use,2023-09-29
976,252,login,2023-09-13
977,252,upgrade_view,2023-12-25
978,252,login,2023-04-21
979,252,support_ticket,2023-02-19
980,252,support_ticket,2024-03-24
981,252,support_ticket,2023-06-20
982,252,support_ticket,2024-05-19
983,252,support_ticket,2023-12-26
984,252,support_ticket,2023-04-14
985,252,feature_use,2024-08-14
986,252,support_ticket,2023-06-16
987,252,login,2023-03-17
988,252,login,2023-10-29
989,252,upgrade_view,2023-11-23
990,252,login,2023-04-18
991,252,feature_use,2023-12-17
992,252,feature_use,2024-01-20
993,252,login,2023-03-18
994,252,support_ticket,2023-12-13
995,252,login,2024-12-22
996,252,feature_use,2024-03-17
997,252,support_ticket,2024-09-13
998,252,login,2023-06-10
999,252,upgrade_view,2023-04-14
1000,368,support_ticket,2023-07-14
1001,368,upgrade_view,2024-12-14
1002,368,upgrade_view,2024-11-07
1003,368,feature_use,2023-11-01
1004,368,login,2023-04-09
1005,368,support_ticket,2024-02-07
1006,368,login,2023-06-07
1007,368,login,2024-01-05
1008,368,login,2024-03-13
1009,368,support_ticket,2023-10-29
1010,368,login,2023-07-24
1011,81,feature_use,2023-07-31
1012,81,upgrade_view,2024-10-15
1013,81,support_ticket,2023-03-25
1014,81,upgrade_view,2023-04-29
1015,81,support_ticket,2024-02-12
1016,377,upgrade_view,2024-11-07
1017,377,support_ticket,2023-04-04
1018,377,upgrade_view,2023-07-09
1019,377,upgrade_view,2024-01-26
1020,377,support_ticket,2023-07-11
1021,377,upgrade_view,2023-02-15
1022,377,support_ticket,2024-03-26
1023,377,feature_use,2023-09-27
1024,377,login,2023-10-03
1025,377,login,2023-06-04
1026,377,upgrade_view,2023-03-29
1027,377,support_ticket,2024-07-08
1028,377,feature_use,2024-08-26
1029,377,login,2024-07-20
1030,377,support_ticket,2024-02-01
1031,377,support_ticket,2024-07-02
1032,377,feature_use,2024-08-09
1033,377,upgrade_view,2024-05-02
1034,377,support_ticket,2023-03-22
1035,377,feature_use,2023-02-05
1036,34,feature_use,2024-04-04
1037,34,feature_use,2023-06-21
1038,34,feature_use,2023-07-17
1039,34,support_ticket,2023-02-13
1040,34,support_ticket,2023-03-22
1041,34,feature_use,2023-07-26
1042,34,upgrade_view,2024-09-01
1043,34,login,2023-11-24
1044,62,support_ticket,2024-02-02
1045,62,upgrade_view,2024-07-19
1046,62,support_ticket,2023-10-10
1047,62,support_ticket,2023-01-13
1048,62,support_ticket,2023-04-26
1049,62,feature_use,2023-06-03
1050,62,login,2024-08-03
1051,319,login,2024-07-30
1052,319,upgrade_view,2023-10-20
1053,319,upgrade_view,2024-02-25
1054,319,support_ticket,2024-01-28
1055,319,support_ticket,2024-08-08
1056,319,feature_use,2023-02-08
1057,319,support_ticket,2023-10-10
1058,319,support_ticket,2023-05-28
1059,360,upgrade_view,2024-02-10
1060,360,feature_use,2024-12-08
1061,360,support_ticket,2023-02-20
1062,360,upgrade_view,2023-10-03
1063,360,upgrade_view,2023-01-21
1064,360,upgrade_view,2023-11-07
1065,113,login,2024-05-18
1066,113,feature_use,2023-08-22
1067,113,support_ticket,2023-11-04
1068,113,upgrade_view,2023-11-25
1069,113,login,2024-03-02
1070,113,support_ticket,2023-07-12
1071,113,support_ticket,2023-08-05
1072,113,upgrade_view,2024-05-11
1073,113,feature_use,2023-02-27
1074,113,upgrade_view,2023-03-09
1075,113,support_ticket,2024-12-27
1076,113,login,2023-05-19
1077,113,feature_use,2023-06-27
1078,378,feature_use,2023-03-01
1079,378,support_ticket,2023-02-03
1080,378,upgrade_view,2023-02-21
1081,378,feature_use,2024-12-22
1082,378,upgrade_view,2023-10-08
1083,378,support_ticket,2024-04-20
1084,378,login,2024-10-12
1085,378,login,2024-11-28
1086,378,upgrade_view,2023-09-05
1087,378,support_ticket,2024-05-15
1088,378,support_ticket,2023-07-01
1089,261,upgrade_view,2024-07-18
1090,261,feature_use,2023-12-19
1091,261,login,2023-09-22
1092,261,login,2023-10-19
1093,261,login,2024-01-31
1094,261,feature_use,2023-06-16
1095,261,feature_use,2023-08-15
1096,261,feature_use,2024-11-24
1097,261,support_ticket,2023-10-03
1098,261,login,2024-06-09
1099,261,login,2024-11-29
1100,261,feature_use,2024-04-30
1101,261,feature_use,2024-10-24
1102,261,login,2024-09-07
1103,261,upgrade_view,2023-08-18
1104,261,upgrade_view,2024-09-14
1105,261,upgrade_view,2024-12-30
1106,261,support_ticket,2024-03-09
1107,261,support_ticket,2023-12-24
1108,261,feature_use,2023-09-16
1109,261,upgrade_view,2024-04-22
1110,261,support_ticket,2024-11-24
1111,261,login,2024-08-21
1112,191,upgrade_view,2024-06-07
1113,191,upgrade_view,2024-07-28
1114,191,login,2023-11-02
1115,191,login,2024-05-08
1116,191,upgrade_view,2023-12-11
1117,338,upgrade_view,2023-11-29
1118,338,upgrade_view,2023-09-25
1119,338,feature_use,2023-07-12
1120,338,feature_use,2024-06-13
1121,338,support_ticket,2023-02-28
1122,338,upgrade_view,2024-11-07
1123,338,feature_use,2024-11-28
1124,338,support_ticket,2023-01-27
1125,338,upgrade_view,2023-10-30
1126,338,support_ticket,2024-03-04
1127,338,login,2024-02-02
1128,338,feature_use,2024-08-20
1129,338,feature_use,2023-12-18
1130,338,support_ticket,2024-12-03
1131,338,upgrade_view,2024-11-18
1132,338,upgrade_view,2024-06-03
1133,338,feature_use,2023-06-24
1134,338,login,2023-10-28
1135,338,feature_use,2024-04-27
1136,338,feature_use,2023-09-22
1137,338,upgrade_view,2024-11-27
1138,338,login,2024-11-01
1139,338,upgrade_view,2023-08-16
1140,338,upgrade_view,2023-08-17
1141,338,upgrade_view,2024-03-06
1142,342,upgrade_view,2023-09-24
1143,342,login,2024-04-19
1144,342,login,2024-04-26
1145,342,login,2024-10-11
1146,342,feature_use,2024-04-28
1147,342,login,2024-05-27
1148,342,support_ticket,2024-11-28
1149,342,upgrade_view,2024-06-26
1150,342,login,2024-02-28
1151,342,feature_use,2023-06-04
1152,342,upgrade_view,2023-07-25
1153,342,support_ticket,2024-02-24
1154,342,upgrade_view,2023-05-27
1155,342,login,2023-07-04
1156,342,upgrade_view,2024-05-14
1157,342,feature_use,2024-10-08
1158,468,login,2024-10-11
1159,468,support_ticket,2023-01-05
1160,468,feature_use,2023-10-08
1161,468,feature_use,2023-06-22
1162,468,login,2024-05-16
1163,468,support_ticket,2023-05-13
1164,468,support_ticket,2024-10-10
1165,468,support_ticket,2024-02-18
1166,468,support_ticket,2024-05-03
1167,468,login,2023-01-05
1168,468,feature_use,2024-06-30
1169,468,login,2024-01-18
1170,468,feature_use,2023-11-26
1171,468,login,2023-01-19
1172,468,feature_use,2024-10-03
1173,87,upgrade_view,2024-12-11
1174,87,feature_use,2023-11-16
1175,87,support_ticket,2023-04-16
1176,87,upgrade_view,2024-05-30
1177,87,login,2023-06-21
1178,87,upgrade_view,2023-02-16
1179,87,support_ticket,2023-10-25
1180,87,upgrade_view,2024-06-16
1181,87,feature_use,2024-03-20
1182,87,support_ticket,2023-12-17
1183,87,feature_use,2024-01-03
1184,87,support_ticket,2023-06-18
1185,402,feature_use,2023-08-22
1186,402,feature_use,2023-05-15
1187,402,feature_use,2023-01-23
1188,402,upgrade_view,2023-05-07
1189,402,login,2024-12-29
1190,488,upgrade_view,2024-10-17
1191,488,login,2024-07-01
1192,488,login,2024-08-31
1193,488,login,2024-11-08
1194,488,login,2024-10-31
1195,488,login,2023-02-19
1196,488,support_ticket,2024-03-02
1197,488,login,2024-01-25
1198,488,upgrade_view,2024-07-14
1199,488,feature_use,2024-04-30
1200,488,login,2023-07-30
1201,488,support_ticket,2023-11-05
1202,488,login,2024-11-08
1203,488,upgrade_view,2024-11-09
1204,488,feature_use,2024-09-29
1205,488,login,2024-03-04
1206,488,login,2024-06-07
1207,18,login,2023-04-27
1208,18,feature_use,2024-05-24
1209,18,feature_use,2024-09-15
1210,18,feature_use,2023-09-27
1211,18,support_ticket,2024-01-02
1212,18,feature_use,2023-10-30
1213,18,support_ticket,2023-02-10
1214,18,support_ticket,2023-08-01
1215,18,feature_use,2023-12-05
1216,18,login,2023-01-03
1217,18,login,2024-11-18
1218,18,support_ticket,2023-04-24
1219,18,login,2023-06-02
1220,18,login,2024-06-07
1221,103,upgrade_view,2023-04-14
1222,103,feature_use,2024-10-21
1223,103,upgrade_view,2024-04-12
1224,103,support_ticket,2023-09-28
1225,103,login,2023-02-21
1226,103,login,2023-06-28
1227,103,upgrade_view,2023-10-25
1228,103,upgrade_view,2024-11-24
1229,103,login,2024-03-12
1230,103,login,2023-04-08
1231,103,feature_use,2023-01-10
1232,103,feature_use,2024-11-10
1233,103,upgrade_view,2023-12-03
1234,103,upgrade_view,2024-03-24
1235,103,upgrade_view,2023-04-06
1236,103,feature_use,2023-12-17
1237,103,support_ticket,2023-04-27
1238,103,support_ticket,2024-02-14
1239,103,support_ticket,2023-10-06
1240,103,support_ticket,2024-12-07
1241,103,feature_use,2024-03-07
1242,103,feature_use,2023-04-26
1243,103,login,2024-12-13
1244,103,login,2023-06-13
1245,103,support_ticket,2024-03-02
1246,103,support_ticket,2024-08-05
1247,103,support_ticket,2023-07-05
1248,103,login,2024-01-03
1249,177,support_ticket,2023-05-14
1250,177,login,2024-05-14
1251,177,support_ticket,2024-02-26
1252,177,login,2023-02-17
1253,177,upgrade_view,2023-09-25
1254,177,feature_use,2023-01-13
1255,177,upgrade_view,2024-11-16
1256,177,login,2024-06-15
1257,177,feature_use,2024-03-19
1258,177,upgrade_view,2024-05-08
1259,177,support_ticket,2024-11-10
1260,177,login,2023-06-02
1261,177,feature_use,2023-01-12
1262,177,support_ticket,2024-06-01
1263,177,feature_use,2024-05-22
1264,177,support_ticket,2023-03-18
1265,177,feature_use,2023-11-25
1266,177,upgrade_view,2023-12-05
1267,177,feature_use,2023-02-21
1268,177,support_ticket,2024-07-17
1269,177,feature_use,2024-02-17
1270,177,support_ticket,2023-03-22
1271,177,support_ticket,2024-03-30
1272,177,support_ticket,2023-04-01
1273,177,upgrade_view,2024-04-02
1274,177,support_ticket,2023-05-02
1275,166,login,2024-10-31
1276,166,support_ticket,2023-04-16
1277,166,login,2024-02-27
1278,166,login,2024-07-24
1279,166,upgrade_view,2023-04-04
1280,166,feature_use,2024-06-04
1281,166,support_ticket,2024-11-01
1282,166,upgrade_view,2023-12-16
1283,166,feature_use,2023-02-25
1284,166,upgrade_view,2024-04-10
1285,166,support_ticket,2024-07-27
1286,166,upgrade_view,2024-11-03
1287,166,login,2024-04-08
1288,166,feature_use,2023-04-10
1289,166,upgrade_view,2023-01-03
1290,166,upgrade_view,2023-12-30
1291,166,upgrade_view,2024-07-14
1292,166,login,2024-12-19
1293,166,feature_use,2023-02-16
1294,166,feature_use,2024-05-19
1295,166,login,2024-02-24
1296,166,feature_use,2023-09-18
1297,166,login,2023-07-12
1298,166,feature_use,2024-02-07
1299,166,feature_use,2024-04-13
1300,166,login,2023-12-13
1301,166,login,2024-02-29
1302,166,login,2024-10-10
1303,148,support_ticket,2024-04-06
1304,148,feature_use,2024-11-05
1305,148,login,2024-05-25
1306,148,login,2024-06-27
1307,148,support_ticket,2024-07-20
1308,148,support_ticket,2024-08-22
1309,148,feature_use,2024-06-04
1310,148,feature_use,2024-12-09
1311,148,login,2023-05-12
1312,148,upgrade_view,2024-02-01
1313,148,support_ticket,2024-05-31
1314,148,feature_use,2024-03-04
1315,148,support_ticket,2023-10-08
1316,148,upgrade_view,2023-12-18
1317,148,feature_use,2024-04-08
1318,148,support_ticket,2023-05-22
1319,148,upgrade_view,2024-09-08
1320,148,upgrade_view,2024-12-19
1321,148,feature_use,2024-12-29
1322,148,feature_use,2023-07-25
1323,148,upgrade_view,2024-10-01
1324,148,upgrade_view,2024-12-04
1325,148,feature_use,2024-11-19
1326,148,feature_use,2024-12-28
1327,148,upgrade_view,2024-05-30
1328,148,login,2024-12-28
1329,148,support_ticket,2023-12-27
1330,148,support_ticket,2024-08-19
1331,148,upgrade_view,2024-11-21
1332,465,login,2023-01-14
1333,465,support_ticket,2023-01-26
1334,465,login,2023-05-29
1335,465,login,2024-11-17
1336,465,upgrade_view,2023-07-24
1337,465,upgrade_view,2023-06-14
1338,465,upgrade_view,2024-11-30
1339,465,login,2023-05-30
1340,465,upgrade_view,2024-12-08
1341,465,login,2023-07-28
1342,465,support_ticket,2024-01-03
1343,465,feature_use,2023-04-15
1344,465,support_ticket,2024-10-24
1345,465,upgrade_view,2023-09-01
1346,465,login,2024-12-10
1347,465,support_ticket,2024-01-26
1348,465,upgrade_view,2024-03-02
1349,465,login,2024-07-19
1350,348,feature_use,2023-09-15
1351,348,support_ticket,2024-09-27
1352,348,upgrade_view,2023-08-19
1353,348,feature_use,2024-08-25
1354,348,upgrade_view,2023-07-18
1355,450,login,2023-07-01
1356,450,feature_use,2023-07-11
1357,450,login,2024-06-10
1358,450,login,2024-01-22
1359,450,upgrade_view,2024-03-14
1360,450,upgrade_view,2024-07-23
1361,450,feature_use,2023-05-14
1362,450,upgrade_view,2024-08-21
1363,450,upgrade_view,2023-01-06
1364,450,feature_use,2024-04-22
1365,450,feature_use,2023-02-10
1366,450,login,2023-11-27
1367,450,upgrade_view,2024-10-02
1368,450,upgrade_view,2024-05-17
1369,450,upgrade_view,2023-03-16
1370,450,feature_use,2024-06-22
1371,450,login,2023-07-08
1372,450,feature_use,2024-06-01
1373,450,support_ticket,2024-03-01
1374,187,feature_use,2023-12-24
1375,187,upgrade_view,2023-08-07
1376,187,upgrade_view,2023-12-06
1377,187,feature_use,2023-10-28
1378,187,support_ticket,2024-09-25
1379,187,login,2024-07-28
1380,187,upgrade_view,2023-04-28
1381,79,feature_use,2023-09-04
1382,79,upgrade_view,2023-02-10
1383,79,login,2024-01-26
1384,79,upgrade_view,2024-01-31
1385,79,upgrade_view,2024-07-07
1386,79,upgrade_view,2023-01-26
1387,79,support_ticket,2024-06-10
1388,79,login,2024-05-13
1389,79,feature_use,2023-10-31
1390,79,login,2023-11-25
1391,79,feature_use,2023-04-09
1392,79,login,2024-07-04
1393,79,login,2024-10-03
1394,79,feature_use,2023-08-04
1395,79,support_ticket,2024-12-02
1396,79,feature_use,2023-04-17
1397,79,support_ticket,2024-07-04
1398,79,login,2024-10-24
1399,79,feature_use,2024-12-03
1400,134,upgrade_view,2024-04-15
1401,134,login,2023-02-08
1402,134,login,2023-03-17
1403,134,upgrade_view,2023-07-02
1404,134,login,2024-07-25
1405,227,upgrade_view,2023-08-22
1406,227,support_ticket,2024-02-22
1407,227,support_ticket,2024-04-06
1408,227,upgrade_view,2024-03-19
1409,227,support_ticket,2023-01-18
1410,227,login,2024-11-20
1411,227,login,2024-07-01
1412,227,login,2024-10-18
1413,227,login,2024-08-22
1414,227,login,2024-12-18
1415,227,login,2024-01-02
1416,227,upgrade_view,2023-10-24
1417,227,login,2024-09-13
1418,227,support_ticket,2023-10-16
1419,227,support_ticket,2024-01-26
1420,227,login,2024-11-07
1421,227,feature_use,2024-04-30
1422,227,feature_use,2024-06-30
1423,227,support_ticket,2023-05-20
1424,227,upgrade_view,2024-07-12
1425,227,feature_use,2024-10-11
1426,227,upgrade_view,2023-11-02
1427,227,feature_use,2023-01-12
1428,111,login,2023-02-12
1429,111,support_ticket,2024-08-09
1430,111,login,2024-07-04
1431,111,feature_use,2023-11-09
1432,111,feature_use,2023-12-19
1433,111,feature_use,2024-02-27
1434,111,feature_use,2023-06-14
1435,111,upgrade_view,2023-08-15
1436,182,feature_use,2023-04-28
1437,182,login,2024-11-18
1438,182,support_ticket,2024-07-16
1439,182,login,2024-10-22
1440,182,login,2023-10-25
1441,182,login,2023-09-14
1442,182,support_ticket,2023-07-22
1443,182,upgrade_view,2023-12-05
1444,182,feature_use,2023-05-12
1445,182,upgrade_view,2023-04-13
1446,182,login,2024-09-26
1447,209,support_ticket,2023-11-22
1448,209,upgrade_view,2024-04-06
1449,209,upgrade_view,2024-09-23
1450,209,feature_use,2024-12-11
1451,209,upgrade_view,2024-08-02
1452,209,support_ticket,2023-11-20
1453,209,login,2023-06-22
1454,209,feature_use,2023-11-17
1455,209,support_ticket,2023-08-15
1456,209,upgrade_view,2023-10-11
1457,209,upgrade_view,2023-05-18
1458,247,support_ticket,2024-04-18
1459,247,upgrade_view,2024-01-03
1460,247,login,2024-05-13
1461,247,login,2023-06-29
1462,247,feature_use,2023-10-15
1463,247,feature_use,2024-07-05
1464,247,login,2023-09-27
1465,247,login,2023-03-19
1466,247,login,2024-06-03
1467,247,support_ticket,2024-08-18
1468,247,feature_use,2024-08-27
1469,247,upgrade_view,2023-02-07
1470,247,support_ticket,2024-07-10
1471,247,feature_use,2024-10-31
1472,247,support_ticket,2024-01-10
1473,247,upgrade_view,2023-08-17
1474,247,support_ticket,2023-05-18
1475,247,login,2024-05-28
1476,247,upgrade_view,2024-02-11
1477,247,login,2024-05-29
1478,260,feature_use,2023-09-02
1479,260,feature_use,2024-06-10
1480,260,feature_use,2024-04-01
1481,260,feature_use,2023-07-03
1482,260,upgrade_view,2024-05-10
1483,260,feature_use,2023-02-11
1484,260,feature_use,2024-05-14
1485,260,upgrade_view,2023-03-06
1486,260,feature_use,2024-01-14
1487,260,feature_use,2023-02-13
1488,260,upgrade_view,2024-06-14
1489,260,support_ticket,2024-02-02
1490,260,login,2024-04-10
1491,260,upgrade_view,2023-02-10
1492,260,upgrade_view,2023-04-16
1493,260,feature_use,2023-09-27
1494,260,support_ticket,2024-01-21
1495,260,login,2024-01-10
1496,260,upgrade_view,2024-06-13
1497,260,feature_use,2024-01-21
1498,260,support_ticket,2024-06-12
1499,260,upgrade_view,2023-12-28
1500,260,support_ticket,2024-05-13
1501,260,login,2024-09-10
1502,260,feature_use,2024-05-28
1503,260,feature_use,2024-03-26
1504,41,upgrade_view,2023-03-20
1505,41,feature_use,2023-08-05
1506,41,feature_use,2023-07-11
1507,41,login,2024-01-06
1508,41,feature_use,2024-11-07
1509,41,upgrade_view,2024-02-29
1510,41,support_ticket,2023-04-27
1511,41,support_ticket,2024-11-22
1512,41,feature_use,2024-05-05
1513,41,feature_use,2024-08-27
1514,41,support_ticket,2024-10-24
1515,41,feature_use,2023-01-23
1516,262,feature_use,2023-05-11
1517,262,login,2023-05-18
1518,262,feature_use,2024-08-09
1519,262,feature_use,2023-02-27
1520,262,feature_use,2023-09-22
1521,262,support_ticket,2024-06-13
1522,347,login,2024-07-31
1523,347,upgrade_view,2024-11-08
1524,347,feature_use,2023-03-29
1525,347,support_ticket,2024-04-04
1526,347,feature_use,2024-05-08
1527,347,support_ticket,2023-08-13
1528,347,feature_use,2024-09-07
1529,347,feature_use,2024-08-19
1530,347,upgrade_view,2024-09-30
1531,347,upgrade_view,2023-06-21
1532,347,login,2024-04-09
1533,347,support_ticket,2023-08-24
1534,347,feature_use,2024-01-30
1535,347,login,2023-04-22
1536,347,support_ticket,2023-07-27
1537,347,login,2023-06-03
1538,347,support_ticket,2023-07-01
1539,347,login,2024-09-21
1540,347,login,2024-06-28
1541,347,support_ticket,2023-04-06
1542,347,feature_use,2024-11-06
1543,347,login,2024-09-09
1544,347,support_ticket,2024-11-25
1545,347,support_ticket,2024-06-18
1546,318,support_ticket,2023-02-14
1547,318,support_ticket,2023-08-23
1548,318,upgrade_view,2024-01-26
1549,318,login,2024-08-26
1550,318,feature_use,2024-03-11
1551,318,support_ticket,2023-09-18
1552,318,login,2023-08-27
1553,318,support_ticket,2023-10-18
1554,318,feature_use,2023-09-21
1555,318,login,2023-01-06
1556,318,login,2024-08-14
1557,318,login,2024-06-16
1558,318,feature_use,2024-01-20
1559,318,upgrade_view,2024-12-05
1560,318,upgrade_view,2024-02-23
1561,318,feature_use,2023-04-20
1562,335,upgrade_view,2024-10-29
1563,335,support_ticket,2023-09-25
1564,335,upgrade_view,2024-08-01
1565,335,upgrade_view,2024-09-18
1566,335,support_ticket,2024-11-27
1567,335,support_ticket,2023-07-28
1568,335,support_ticket,2024-07-19
1569,335,upgrade_view,2023-07-03
1570,335,support_ticket,2024-07-26
1571,335,upgrade_view,2023-09-17
1572,335,upgrade_view,2024-08-14
1573,335,support_ticket,2024-12-23
1574,335,login,2023-05-22
1575,335,support_ticket,2023-08-24
1576,335,feature_use,2024-12-17
1577,335,feature_use,2023-04-13
1578,335,support_ticket,2024-06-04
1579,335,login,2023-12-13
1580,246,login,2024-02-03
1581,246,feature_use,2023-04-04
1582,246,support_ticket,2024-04-27
1583,246,login,2023-04-01
1584,246,feature_use,2023-09-27
1585,246,login,2024-01-15
1586,246,login,2024-09-15
1587,246,support_ticket,2024-01-29
1588,246,upgrade_view,2024-09-20
1589,246,login,2024-12-29
1590,257,support_ticket,2023-06-29
1591,257,login,2024-03-25
1592,257,upgrade_view,2023-07-26
1593,257,login,2023-07-19
1594,257,feature_use,2024-09-05
1595,257,feature_use,2024-09-21
1596,257,login,2024-11-21
1597,257,feature_use,2024-01-04
1598,257,login,2024-11-01
1599,257,login,2023-06-11
1600,257,support_ticket,2023-10-10
1601,257,support_ticket,2023-12-28
1602,257,feature_use,2024-02-20
1603,257,login,2024-06-14
1604,257,login,2024-12-21
1605,257,upgrade_view,2023-04-03
1606,257,upgrade_view,2024-07-26
1607,257,upgrade_view,2023-12-22
1608,257,feature_use,2023-08-20
1609,257,support_ticket,2024-04-10
1610,257,login,2024-08-11
1611,257,feature_use,2023-09-25
1612,257,login,2024-02-21
1613,257,login,2024-07-26
1614,257,upgrade_view,2024-05-30
1615,257,login,2023-12-15
1616,257,upgrade_view,2024-06-09
1617,257,upgrade_view,2024-07-04
1618,257,support_ticket,2024-12-11
1619,256,support_ticket,2024-07-30
1620,256,upgrade_view,2023-09-07
1621,256,support_ticket,2024-04-14
1622,256,login,2024-08-23
1623,256,login,2024-05-08
1624,256,login,2023-09-22
1625,256,feature_use,2024-01-27
1626,256,feature_use,2024-11-24
1627,256,support_ticket,2023-11-20
1628,256,login,2023-12-28
1629,256,upgrade_view,2024-12-18
1630,256,upgrade_view,2023-09-12
1631,256,support_ticket,2023-04-06
1632,256,upgrade_view,2024-11-20
1633,256,feature_use,2023-03-19
1634,256,upgrade_view,2024-05-02
1635,256,feature_use,2023-12-29
1636,33,feature_use,2023-10-03
1637,33,feature_use,2024-11-30
1638,33,feature_use,2024-05-25
1639,33,feature_use,2023-08-29
1640,33,feature_use,2023-09-29
1641,33,feature_use,2023-08-23
1642,33,upgrade_view,2023-09-13
1643,33,login,2023-06-09
1644,33,login,2023-05-03
1645,33,support_ticket,2024-11-23
1646,33,login,2024-09-20
1647,33,login,2024-07-08
1648,33,upgrade_view,2024-05-08
1649,33,upgrade_view,2024-09-27
1650,33,upgrade_view,2024-05-19
1651,33,feature_use,2024-05-17
1652,33,upgrade_view,2024-06-07
1653,33,feature_use,2024-02-12
1654,33,feature_use,2024-08-13
1655,33,support_ticket,2023-02-25
1656,33,login,2024-05-04
1657,33,upgrade_view,2024-05-29
1658,33,feature_use,2024-02-08
1659,54,support_ticket,2023-05-04
1660,54,login,2023-11-20
1661,54,feature_use,2023-01-13
1662,54,login,2024-01-24
1663,54,upgrade_view,2023-11-30
1664,54,upgrade_view,2024-09-19
1665,54,upgrade_view,2023-07-11
1666,54,upgrade_view,2023-08-31
1667,54,upgrade_view,2024-04-27
1668,54,feature_use,2024-01-10
1669,54,support_ticket,2024-05-25
1670,54,support_ticket,2023-08-04
1671,54,upgrade_view,2024-12-18
1672,54,support_ticket,2024-01-09
1673,54,support_ticket,2023-10-14
1674,54,feature_use,2023-07-04
1675,54,feature_use,2024-08-12
1676,54,upgrade_view,2023-04-13
1677,54,support_ticket,2023-08-30
1678,273,feature_use,2023-07-20
1679,273,support_ticket,2023-06-03
1680,273,feature_use,2023-01-10
1681,273,support_ticket,2024-03-07
1682,273,upgrade_view,2023-05-18
1683,273,upgrade_view,2024-05-13
1684,273,login,2023-09-14
1685,273,login,2024-02-12
1686,273,feature_use,2024-12-08
1687,273,feature_use,2023-03-03
1688,273,support_ticket,2023-09-18
1689,273,login,2024-10-06
1690,273,upgrade_view,2024-04-05
1691,273,upgrade_view,2023-09-24
1692,273,upgrade_view,2024-01-04
1693,273,login,2023-12-19
1694,273,login,2024-02-26
1695,437,feature_use,2024-11-26
1696,437,feature_use,2024-08-13
1697,437,upgrade_view,2023-10-19
1698,437,support_ticket,2023-11-29
1699,437,login,2024-04-02
1700,437,upgrade_view,2024-01-26
1701,437,feature_use,2024-04-19
1702,437,upgrade_view,2023-06-21
1703,437,support_ticket,2024-03-07
1704,437,login,2023-03-15
1705,437,upgrade_view,2023-06-15
1706,437,upgrade_view,2023-08-22
1707,437,upgrade_view,2023-11-21
1708,437,upgrade_view,2024-12-28
1709,437,support_ticket,2024-09-11
1710,437,support_ticket,2023-10-05
1711,25,support_ticket,2024-01-07
1712,25,feature_use,2024-02-28
1713,25,login,2023-07-08
1714,25,feature_use,2023-05-09
1715,25,upgrade_view,2024-11-08
1716,25,login,2024-12-18
1717,25,feature_use,2023-08-04
1718,25,login,2024-02-11
1719,25,login,2023-04-08
1720,25,login,2024-04-29
1721,25,support_ticket,2023-01-27
1722,25,login,2024-06-20
1723,25,upgrade_view,2023-04-17
1724,25,feature_use,2024-09-24
1725,25,support_ticket,2023-03-28
1726,25,feature_use,2023-11-13
1727,25,upgrade_view,2023-09-11
1728,25,feature_use,2024-03-29
1729,25,feature_use,2023-05-15
1730,25,login,2023-01-30
1731,25,upgrade_view,2024-11-10
1732,25,support_ticket,2023-11-30
1733,25,upgrade_view,2024-04-23
1734,25,support_ticket,2024-07-15
1735,25,feature_use,2023-05-19
1736,25,support_ticket,2024-08-28
1737,25,support_ticket,2024-10-08
1738,25,upgrade_view,2024-06-20
1739,25,support_ticket,2023-12-22
1740,286,login,2023-08-21
1741,286,upgrade_view,2024-03-28
1742,286,support_ticket,2024-01-10
1743,286,feature_use,2023-09-24
1744,286,login,2023-11-07
1745,286,feature_use,2023-01-01
1746,286,upgrade_view,2023-12-19
1747,286,login,2024-04-25
1748,286,support_ticket,2024-12-05
1749,286,upgrade_view,2024-05-03
1750,286,support_ticket,2023-01-10
1751,286,feature_use,2023-10-27
1752,286,upgrade_view,2023-01-08
1753,286,support_ticket,2023-07-13
1754,286,support_ticket,2024-07-28
1755,286,feature_use,2024-02-09
1756,286,support_ticket,2023-06-17
1757,286,feature_use,2024-01-23
1758,286,login,2023-09-27
1759,286,feature_use,2024-03-08
1760,286,upgrade_view,2024-06-13
1761,286,upgrade_view,2023-10-19
1762,454,login,2023-07-12
1763,454,feature_use,2023-07-06
1764,454,login,2023-10-24
1765,454,support_ticket,2024-10-14
1766,454,support_ticket,2024-09-24
1767,454,support_ticket,2023-10-06
1768,454,upgrade_view,2023-07-12
1769,454,feature_use,2023-01-20
1770,454,login,2023-02-20
1771,454,login,2023-07-10
1772,454,upgrade_view,2023-10-16
1773,454,support_ticket,2023-05-09
1774,454,feature_use,2023-01-09
1775,454,feature_use,2023-04-03
1776,454,support_ticket,2023-01-16
1777,454,upgrade_view,2023-08-11
1778,454,upgrade_view,2024-03-06
1779,454,upgrade_view,2024-05-25
1780,486,login,2024-12-14
1781,486,login,2023-12-05
1782,486,login,2023-05-30
1783,486,support_ticket,2023-09-30
1784,486,support_ticket,2023-03-15
1785,486,feature_use,2023-07-05
1786,486,support_ticket,2023-09-14
1787,486,login,2023-01-13
1788,486,support_ticket,2023-09-12
1789,486,feature_use,2024-03-29
1790,486,feature_use,2023-02-04
1791,486,login,2024-04-16
1792,486,feature_use,2024-06-17
1793,486,support_ticket,2024-04-29
1794,486,upgrade_view,2024-11-28
1795,486,feature_use,2023-11-27
1796,486,login,2024-10-06
1797,486,login,2024-07-16
1798,486,support_ticket,2023-09-17
1799,120,feature_use,2023-11-02
1800,120,login,2024-01-05
1801,120,feature_use,2024-11-13
1802,120,feature_use,2023-04-26
1803,120,support_ticket,2024-10-10
1804,120,login,2023-11-29
1805,120,upgrade_view,2023-06-21
1806,120,login,2024-08-21
1807,120,feature_use,2024-02-10
1808,120,login,2023-01-10
1809,120,support_ticket,2024-08-18
1810,120,feature_use,2024-12-05
1811,120,login,2024-01-16
1812,120,feature_use,2023-09-12
1813,120,login,2024-05-26
1814,120,upgrade_view,2024-12-03
1815,120,login,2024-10-02
1816,120,upgrade_view,2023-03-03
1817,120,feature_use,2024-10-22
1818,120,login,2024-12-19
1819,120,support_ticket,2023-05-09
1820,120,upgrade_view,2023-08-27
1821,120,upgrade_view,2024-07-25
1822,120,feature_use,2024-03-25
1823,120,support_ticket,2023-01-22
1824,127,upgrade_view,2023-05-18
1825,127,support_ticket,2023-02-10
1826,127,support_ticket,2024-12-24
1827,127,upgrade_view,2024-07-26
1828,127,support_ticket,2024-07-09
1829,127,feature_use,2023-07-14
1830,127,upgrade_view,2024-07-10
1831,127,support_ticket,2023-11-28
1832,127,feature_use,2023-10-09
1833,127,feature_use,2023-03-12
1834,127,upgrade_view,2024-04-05
1835,127,upgrade_view,2023-09-27
1836,127,login,2024-04-09
1837,127,support_ticket,2024-10-15
1838,127,login,2023-07-09
1839,127,upgrade_view,2024-09-26
1840,406,feature_use,2024-09-27
1841,406,login,2023-11-25
1842,406,support_ticket,2024-11-05
1843,406,support_ticket,2023-07-14
1844,406,feature_use,2024-07-18
1845,406,upgrade_view,2024-09-19
1846,406,support_ticket,2023-11-27
1847,406,upgrade_view,2024-10-18
1848,406,login,2023-04-24
1849,406,login,2024-06-19
1850,406,feature_use,2023-02-14
1851,406,login,2023-07-02
1852,406,login,2023-07-26
1853,406,feature_use,2024-05-12
1854,406,login,2023-04-12
1855,406,support_ticket,2024-08-07
1856,406,support_ticket,2024-11-04
1857,406,upgrade_view,2024-06-22
1858,406,upgrade_view,2023-02-20
1859,406,login,2023-08-15
1860,406,feature_use,2023-01-14
1861,406,support_ticket,2024-11-02
1862,406,support_ticket,2023-03-23
1863,406,login,2024-10-16
1864,406,support_ticket,2024-01-05
1865,406,login,2024-01-13
1866,406,upgrade_view,2024-09-23
1867,406,login,2024-06-25
1868,406,upgrade_view,2023-03-14
1869,139,login,2023-08-10
1870,139,feature_use,2023-04-14
1871,139,support_ticket,2024-06-28
1872,139,feature_use,2023-07-14
1873,139,feature_use,2024-06-22
1874,139,feature_use,2024-08-06
1875,139,support_ticket,2024-07-25
1876,91,upgrade_view,2023-04-19
1877,91,support_ticket,2024-11-21
1878,91,support_ticket,2024-12-20
1879,91,feature_use,2023-04-17
1880,91,support_ticket,2023-07-04
1881,91,upgrade_view,2024-05-31
1882,91,feature_use,2024-11-04
1883,91,support_ticket,2024-06-30
1884,91,upgrade_view,2023-12-27
1885,91,upgrade_view,2024-07-17
1886,91,support_ticket,2024-01-16
1887,91,support_ticket,2024-10-10
1888,91,feature_use,2023-11-28
1889,91,feature_use,2024-07-30
1890,91,upgrade_view,2024-01-20
1891,91,support_ticket,2024-01-04
1892,91,support_ticket,2024-04-03
1893,91,login,2023-01-01
1894,91,login,2023-10-19
1895,91,feature_use,2024-06-14
1896,91,login,2023-11-06
1897,91,feature_use,2023-11-04
1898,91,upgrade_view,2023-08-08
1899,91,upgrade_view,2023-01-23
1900,91,feature_use,2024-07-20
1901,91,login,2023-04-07
1902,91,upgrade_view,2024-04-16
1903,91,feature_use,2023-06-09
1904,168,feature_use,2024-01-11
1905,168,upgrade_view,2023-08-27
1906,168,login,2023-11-04
1907,168,support_ticket,2024-08-07
1908,168,feature_use,2024-08-05
1909,168,upgrade_view,2023-03-21
1910,168,feature_use,2024-05-09
1911,168,login,2024-05-14
1912,168,upgrade_view,2024-09-01
1913,168,support_ticket,2023-02-08
1914,168,login,2023-03-22
1915,168,upgrade_view,2023-12-09
1916,168,support_ticket,2024-03-20
1917,195,login,2023-08-21
1918,195,support_ticket,2024-10-11
1919,195,upgrade_view,2023-02-25
1920,195,login,2024-06-20
1921,195,feature_use,2023-11-23
1922,195,feature_use,2023-12-01
1923,195,login,2023-06-06
1924,195,support_ticket,2024-11-20
1925,382,login,2024-09-01
1926,382,support_ticket,2023-08-16
1927,382,support_ticket,2023-10-24
1928,382,feature_use,2023-06-01
1929,382,login,2023-12-11
1930,382,login,2024-05-02
1931,382,support_ticket,2024-07-15
1932,382,login,2023-09-26
1933,382,support_ticket,2024-02-13
1934,382,feature_use,2024-12-15
1935,382,support_ticket,2023-05-19
1936,382,feature_use,2024-07-26
1937,382,support_ticket,2024-05-14
1938,382,feature_use,2024-10-29
1939,382,feature_use,2024-07-28
1940,382,login,2023-09-06
1941,382,support_ticket,2023-09-30
1942,382,login,2023-11-28
1943,382,support_ticket,2023-04-26
1944,15,upgrade_view,2024-01-10
1945,15,upgrade_view,2023-07-15
1946,15,login,2023-12-19
1947,15,feature_use,2023-11-09
1948,15,support_ticket,2023-12-25
1949,15,feature_use,2024-09-30
1950,15,login,2024-03-27
1951,15,feature_use,2023-08-28
1952,15,upgrade_view,2024-12-02
1953,15,login,2023-06-09
1954,15,login,2023-04-26
1955,15,feature_use,2023-09-06
1956,15,login,2023-10-22
1957,15,login,2023-12-18
1958,15,support_ticket,2023-11-09
1959,15,login,2024-04-27
1960,15,feature_use,2023-12-06
1961,15,feature_use,2024-07-04
1962,469,upgrade_view,2024-07-13
1963,469,support_ticket,2024-07-15
1964,469,feature_use,2024-09-29
1965,469,login,2024-12-12
1966,469,login,2024-01-21
1967,469,feature_use,2023-09-19
1968,469,upgrade_view,2023-03-03
1969,469,upgrade_view,2023-07-25
1970,469,support_ticket,2023-02-24
1971,469,login,2024-11-01
1972,469,support_ticket,2023-03-10
1973,14,upgrade_view,2023-10-05
1974,14,login,2023-04-21
1975,14,support_ticket,2023-10-27
1976,14,support_ticket,2023-08-25
1977,14,login,2024-06-04
1978,14,support_ticket,2023-11-20
1979,14,login,2024-09-03
1980,14,feature_use,2023-07-10
1981,14,support_ticket,2024-05-27
1982,14,login,2024-07-28
1983,14,feature_use,2023-02-10
1984,14,upgrade_view,2024-06-26
1985,14,support_ticket,2023-12-08
1986,14,feature_use,2024-02-07
1987,14,upgrade_view,2023-01-19
1988,14,upgrade_view,2024-12-01
1989,14,upgrade_view,2023-12-30
1990,14,upgrade_view,2023-08-30
1991,14,upgrade_view,2023-03-05
1992,14,login,2024-02-01
1993,14,upgrade_view,2024-07-22
1994,14,feature_use,2023-08-19
1995,14,support_ticket,2023-12-16
1996,14,feature_use,2024-11-03
1997,14,support_ticket,2023-03-31
1998,14,feature_use,2024-06-17
1999,323,feature_use,2023-09-04
2000,323,upgrade_view,2024-03-12
2001,323,upgrade_view,2024-09-11
2002,323,feature_use,2024-04-04
2003,323,feature_use,2023-07-31
2004,323,feature_use,2024-08-17
2005,323,upgrade_view,2023-05-22
2006,323,feature_use,2024-12-06
2007,323,feature_use,2024-03-16
2008,323,feature_use,2024-11-02
2009,323,login,2023-11-22
2010,323,login,2024-07-24
2011,323,upgrade_view,2023-07-08
2012,323,login,2023-05-30
2013,323,support_ticket,2023-11-23
2014,323,upgrade_view,2024-02-26
2015,323,upgrade_view,2024-03-29
2016,323,feature_use,2023-06-05
2017,363,feature_use,2023-05-15
2018,363,upgrade_view,2023-01-27
2019,363,feature_use,2024-09-12
2020,363,feature_use,2024-09-02
2021,363,login,2023-08-25
2022,363,login,2024-01-03
2023,363,support_ticket,2024-12-05
2024,363,support_ticket,2023-05-18
2025,80,upgrade_view,2024-10-27
2026,80,support_ticket,2023-07-08
2027,80,support_ticket,2024-05-18
2028,80,feature_use,2023-05-21
2029,80,feature_use,2023-07-17
2030,80,support_ticket,2023-02-03
2031,80,upgrade_view,2023-01-16
2032,80,feature_use,2024-02-27
2033,80,feature_use,2024-11-18
2034,80,login,2023-07-29
2035,80,support_ticket,2023-07-01
2036,80,support_ticket,2024-09-23
2037,80,upgrade_view,2024-12-05
2038,80,feature_use,2024-04-13
2039,80,support_ticket,2024-03-13
2040,80,support_ticket,2023-02-12
2041,80,support_ticket,2023-11-17
2042,80,login,2024-09-18
2043,80,login,2024-06-17
2044,80,support_ticket,2024-04-07
2045,80,feature_use,2023-02-13
2046,80,support_ticket,2024-06-15
2047,80,support_ticket,2023-02-10
2048,80,login,2024-06-12
2049,80,upgrade_view,2023-07-14
2050,80,support_ticket,2024-03-26
2051,80,upgrade_view,2023-11-08
2052,137,support_ticket,2023-06-20
2053,137,login,2023-10-29
2054,137,feature_use,2024-12-07
2055,137,support_ticket,2024-04-19
2056,137,login,2023-04-03
2057,137,feature_use,2023-07-04
2058,137,support_ticket,2024-02-07
2059,137,support_ticket,2023-11-28
2060,137,feature_use,2023-01-26
2061,137,feature_use,2024-04-09
2062,137,login,2024-04-10
2063,137,upgrade_view,2023-09-14
2064,137,feature_use,2024-12-09
2065,137,login,2023-05-07
2066,137,support_ticket,2023-04-27
2067,137,upgrade_view,2024-10-11
2068,137,support_ticket,2023-03-29
2069,137,feature_use,2024-06-07
2070,137,support_ticket,2024-01-23
2071,135,upgrade_view,2023-06-24
2072,135,feature_use,2024-08-02
2073,135,feature_use,2023-06-16
2074,135,login,2023-07-03
2075,135,upgrade_view,2024-03-05
2076,135,support_ticket,2023-11-13
2077,249,feature_use,2024-10-03
2078,249,feature_use,2023-05-01
2079,249,login,2023-07-27
2080,249,upgrade_view,2024-09-29
2081,249,support_ticket,2023-01-13
2082,249,support_ticket,2024-05-24
2083,249,login,2024-07-10
2084,249,support_ticket,2024-09-14
2085,249,feature_use,2023-09-01
2086,249,support_ticket,2024-08-25
2087,249,support_ticket,2024-04-09
2088,249,login,2024-03-28
2089,249,login,2024-09-07
2090,249,upgrade_view,2023-09-08
2091,490,feature_use,2024-10-05
2092,490,feature_use,2023-02-20
2093,490,login,2023-06-01
2094,490,upgrade_view,2024-10-30
2095,490,feature_use,2023-02-07
2096,490,upgrade_view,2023-02-03
2097,490,login,2023-12-06
2098,490,login,2023-02-20
2099,490,feature_use,2024-03-02
2100,490,upgrade_view,2023-06-15
2101,490,feature_use,2024-09-17
2102,490,upgrade_view,2024-04-11
2103,490,login,2023-02-06
2104,490,upgrade_view,2023-11-03
2105,490,support_ticket,2024-01-13
2106,490,support_ticket,2023-03-11
2107,490,login,2024-07-17
2108,490,support_ticket,2023-10-27
2109,490,login,2023-05-18
2110,490,upgrade_view,2024-12-12
2111,490,support_ticket,2023-12-04
2112,490,feature_use,2024-06-21
2113,490,feature_use,2024-12-13
2114,490,login,2024-09-18
2115,174,login,2024-08-08
2116,174,upgrade_view,2024-05-10
2117,174,upgrade_view,2024-03-13
2118,174,upgrade_view,2023-09-23
2119,174,support_ticket,2023-05-13
2120,174,support_ticket,2024-06-16
2121,174,feature_use,2024-05-19
2122,174,feature_use,2024-09-16
2123,88,feature_use,2023-10-25
2124,88,login,2023-01-02
2125,88,support_ticket,2023-01-25
2126,88,login,2024-10-02
2127,88,support_ticket,2023-08-01
2128,88,login,2024-02-28
2129,88,upgrade_view,2023-12-08
2130,88,feature_use,2024-07-27
2131,88,feature_use,2023-01-12
2132,88,upgrade_view,2024-12-07
2133,88,login,2023-09-18
2134,88,upgrade_view,2023-11-12
2135,88,upgrade_view,2024-06-02
2136,88,login,2023-01-07
2137,88,upgrade_view,2024-12-03
2138,88,support_ticket,2023-12-16
2139,88,login,2024-08-05
2140,88,feature_use,2023-06-29
2141,88,upgrade_view,2023-12-05
2142,88,support_ticket,2024-11-19
2143,88,login,2024-04-30
2144,88,feature_use,2024-10-23
2145,88,feature_use,2024-05-08
2146,88,support_ticket,2024-10-04
2147,88,upgrade_view,2024-07-03
2148,88,support_ticket,2024-04-18
2149,88,upgrade_view,2023-02-27
2150,452,upgrade_view,2024-11-25
2151,452,login,2024-07-22
2152,452,upgrade_view,2023-08-02
2153,452,login,2023-12-29
2154,452,upgrade_view,2023-06-02
2155,452,upgrade_view,2023-02-01
2156,452,feature_use,2024-01-20
2157,452,support_ticket,2024-08-07
2158,452,login,2023-07-11
2159,452,upgrade_view,2023-11-12
2160,452,login,2024-12-27
2161,452,support_ticket,2023-10-06
2162,452,support_ticket,2023-03-30
2163,452,upgrade_view,2023-09-01
2164,452,upgrade_view,2024-04-07
2165,452,upgrade_view,2023-08-10
2166,452,login,2023-06-29
2167,452,login,2024-01-19
2168,452,login,2023-07-26
2169,452,login,2024-03-30
2170,452,feature_use,2024-05-09
2171,452,upgrade_view,2023-07-14
2172,452,upgrade_view,2024-05-10
2173,186,feature_use,2023-12-02
2174,186,feature_use,2023-04-11
2175,186,login,2023-07-30
2176,186,support_ticket,2024-04-15
2177,186,login,2024-12-31
2178,186,upgrade_view,2023-01-05
2179,186,login,2023-02-15
2180,186,support_ticket,2023-12-08
2181,186,login,2023-02-17
2182,186,upgrade_view,2024-06-17
2183,186,upgrade_view,2023-01-24
2184,186,feature_use,2024-10-16
2185,186,feature_use,2023-11-25
2186,186,upgrade_view,2023-07-17
2187,186,upgrade_view,2023-10-11
2188,186,login,2024-03-27
2189,186,feature_use,2023-10-07
2190,186,upgrade_view,2023-06-11
2191,186,login,2023-04-28
2192,186,login,2024-09-29
2193,186,upgrade_view,2023-07-31
2194,186,upgrade_view,2024-07-16
2195,186,feature_use,2023-10-05
2196,186,upgrade_view,2024-12-22
2197,186,feature_use,2024-08-10
2198,186,login,2023-06-25
2199,186,upgrade_view,2023-11-15
2200,186,support_ticket,2024-07-07
2201,186,feature_use,2023-02-21
2202,45,login,2024-04-27
2203,45,support_ticket,2023-04-19
2204,45,login,2023-02-25
2205,45,support_ticket,2024-03-12
2206,45,support_ticket,2023-07-03
2207,451,upgrade_view,2023-12-31
2208,451,feature_use,2023-12-07
2209,451,login,2024-12-31
2210,451,feature_use,2024-04-21
2211,451,support_ticket,2023-04-06
2212,451,support_ticket,2023-04-10
2213,451,support_ticket,2023-11-14
2214,451,feature_use,2024-04-26
2215,451,feature_use,2023-08-18
2216,451,upgrade_view,2024-09-23
2217,451,support_ticket,2024-01-08
2218,451,upgrade_view,2023-07-07
2219,451,support_ticket,2023-11-29
2220,451,login,2024-05-14
2221,451,support_ticket,2023-03-08
2222,451,upgrade_view,2023-04-26
2223,451,support_ticket,2024-05-05
2224,451,upgrade_view,2023-06-24
2225,451,feature_use,2023-12-23
2226,451,login,2024-06-04
2227,451,login,2024-02-20
2228,451,login,2023-11-30
2229,451,support_ticket,2023-11-06
2230,451,support_ticket,2024-02-15
2231,240,feature_use,2024-09-27
2232,240,feature_use,2024-07-15
2233,240,support_ticket,2024-05-08
2234,240,upgrade_view,2023-03-09
2235,240,support_ticket,2023-08-02
2236,240,upgrade_view,2024-03-21
2237,240,feature_use,2024-07-11
2238,240,login,2023-06-27
2239,240,support_ticket,2024-12-29
2240,240,support_ticket,2023-04-28
2241,240,login,2023-11-30
2242,240,feature_use,2024-03-31
2243,366,login,2024-02-20
2244,366,login,2024-09-04
2245,366,support_ticket,2024-12-02
2246,366,support_ticket,2023-12-02
2247,366,login,2024-10-22
2248,366,feature_use,2023-04-03
2249,366,login,2023-05-23
2250,366,feature_use,2023-05-31
2251,366,upgrade_view,2024-04-08
2252,366,support_ticket,2024-02-04
2253,366,feature_use,2023-07-20
2254,366,upgrade_view,2024-11-28
2255,366,upgrade_view,2023-11-03
2256,366,upgrade_view,2024-03-21
2257,280,login,2024-08-19
2258,280,support_ticket,2024-09-18
2259,280,upgrade_view,2023-05-11
2260,280,upgrade_view,2023-03-05
2261,280,login,2024-07-16
2262,280,upgrade_view,2023-01-01
2263,280,upgrade_view,2023-04-23
2264,211,support_ticket,2023-08-29
2265,211,support_ticket,2024-12-20
2266,211,upgrade_view,2024-10-02
2267,211,support_ticket,2024-12-29
2268,211,support_ticket,2024-02-20
2269,101,feature_use,2024-07-12
2270,101,feature_use,2024-11-09
2271,101,feature_use,2024-05-01
2272,101,support_ticket,2023-07-12
2273,101,support_ticket,2024-01-04
2274,101,upgrade_view,2023-06-07
2275,101,feature_use,2024-11-17
2276,101,login,2023-05-18
2277,101,login,2023-03-15
2278,101,support_ticket,2023-05-28
2279,101,support_ticket,2024-11-04
2280,101,login,2023-05-20
2281,101,support_ticket,2023-05-21
2282,101,support_ticket,2024-04-11
2283,101,feature_use,2024-09-30
2284,101,support_ticket,2024-04-10
2285,101,support_ticket,2024-07-19
2286,101,upgrade_view,2024-01-29
2287,497,support_ticket,2023-07-10
2288,497,login,2024-09-11
2289,497,support_ticket,2024-08-14
2290,497,upgrade_view,2023-08-31
2291,497,upgrade_view,2024-02-25
2292,497,login,2023-02-04
2293,497,support_ticket,2024-08-04
2294,497,upgrade_view,2024-12-22
2295,497,support_ticket,2023-04-26
2296,497,login,2024-12-08
2297,497,upgrade_view,2023-05-26
2298,497,login,2024-04-21
2299,403,login,2024-09-16
2300,403,support_ticket,2023-09-09
2301,403,login,2024-10-07
2302,403,upgrade_view,2024-12-01
2303,403,login,2024-09-19
2304,403,login,2023-12-18
2305,403,support_ticket,2024-04-25
2306,403,support_ticket,2024-06-08
2307,403,upgrade_view,2024-08-10
2308,403,upgrade_view,2024-03-07
2309,403,upgrade_view,2023-10-29
2310,403,login,2023-06-21
2311,403,upgrade_view,2024-12-12
2312,403,upgrade_view,2024-07-31
2313,403,support_ticket,2023-03-04
2314,403,feature_use,2024-08-15
2315,403,login,2024-08-09
2316,403,upgrade_view,2024-11-03
2317,403,login,2024-10-01
2318,403,support_ticket,2023-10-21
2319,403,feature_use,2023-03-26
2320,6,upgrade_view,2023-03-20
2321,6,feature_use,2023-09-16
2322,6,upgrade_view,2024-09-22
2323,6,upgrade_view,2023-10-09
2324,6,login,2023-01-15
2325,6,feature_use,2024-09-10
2326,6,feature_use,2024-08-28
2327,6,support_ticket,2024-11-05
2328,6,feature_use,2024-01-14
2329,6,feature_use,2023-09-25
2330,6,feature_use,2024-05-11
2331,6,login,2024-06-24
2332,6,login,2023-12-18
2333,6,feature_use,2023-05-29
2334,6,support_ticket,2024-05-22
2335,6,feature_use,2024-01-28
2336,6,support_ticket,2024-11-07
2337,6,feature_use,2024-10-14
2338,6,upgrade_view,2023-08-04
2339,6,upgrade_view,2023-02-25
2340,6,login,2023-04-29
2341,171,support_ticket,2024-04-20
2342,171,upgrade_view,2024-05-02
2343,171,feature_use,2024-05-02
2344,171,support_ticket,2024-01-24
2345,171,upgrade_view,2024-04-30
2346,171,support_ticket,2023-05-29
2347,171,upgrade_view,2023-01-13
2348,171,support_ticket,2024-04-04
2349,171,upgrade_view,2024-11-25
2350,171,login,2024-06-26
2351,197,upgrade_view,2024-06-28
2352,197,upgrade_view,2024-03-18
2353,197,upgrade_view,2023-12-10
2354,197,login,2023-10-01
2355,197,support_ticket,2023-09-19
2356,197,feature_use,2024-04-17
2357,197,feature_use,2024-11-19
2358,197,upgrade_view,2024-06-16
2359,75,feature_use,2024-12-07
2360,75,login,2023-11-17
2361,75,login,2024-11-19
2362,75,login,2023-03-11
2363,75,login,2024-02-26
2364,75,login,2024-06-21
2365,75,support_ticket,2024-12-02
2366,75,feature_use,2023-12-26
2367,75,upgrade_view,2023-10-18
2368,75,login,2023-07-17
2369,75,login,2023-01-25
2370,75,feature_use,2023-02-28
2371,75,login,2024-09-05
2372,75,login,2024-12-26
2373,75,feature_use,2023-03-30
2374,75,feature_use,2024-01-20
2375,75,feature_use,2023-04-24
2376,75,upgrade_view,2023-09-17
2377,75,login,2024-04-23
2378,75,support_ticket,2024-10-16
2379,75,support_ticket,2023-10-11
2380,75,upgrade_view,2024-12-09
2381,75,feature_use,2023-09-21
2382,75,upgrade_view,2023-03-17
2383,75,support_ticket,2023-03-05
2384,75,upgrade_view,2024-02-02
2385,205,upgrade_view,2023-09-22
2386,205,support_ticket,2023-07-02
2387,205,support_ticket,2023-03-13
2388,205,support_ticket,2023-07-25
2389,205,support_ticket,2023-07-02
2390,205,feature_use,2023-04-22
2391,453,feature_use,2024-03-17
2392,453,login,2024-09-20
2393,453,upgrade_view,2024-03-28
2394,453,login,2023-04-16
2395,453,login,2023-03-16
2396,453,upgrade_view,2024-08-08
2397,453,login,2024-04-01
2398,453,feature_use,2024-05-24
2399,453,login,2024-10-30
2400,453,support_ticket,2023-02-08
2401,453,feature_use,2023-09-30
2402,453,upgrade_view,2024-12-17
2403,453,login,2024-02-05
2404,453,support_ticket,2024-06-11
2405,453,support_ticket,2024-05-04
2406,453,login,2024-02-18
2407,453,feature_use,2024-07-07
2408,453,support_ticket,2023-01-04
2409,453,support_ticket,2024-12-06
2410,453,upgrade_view,2023-05-05
2411,453,upgrade_view,2023-12-08
2412,453,login,2024-02-15
2413,105,login,2024-10-24
2414,105,upgrade_view,2024-01-10
2415,105,support_ticket,2023-03-24
2416,105,feature_use,2023-10-24
2417,105,login,2023-06-30
2418,105,feature_use,2024-01-29
2419,105,support_ticket,2023-11-03
2420,105,upgrade_view,2023-04-20
2421,105,login,2024-05-13
2422,105,support_ticket,2024-10-09
2423,105,feature_use,2023-07-14
2424,105,feature_use,2023-02-06
2425,105,feature_use,2023-01-26
2426,105,support_ticket,2024-05-15
2427,105,upgrade_view,2023-03-06
2428,105,support_ticket,2024-05-26
2429,105,login,2023-01-17
2430,105,login,2023-12-14
2431,105,login,2023-12-12
2432,105,login,2024-02-20
2433,105,support_ticket,2023-08-05
2434,105,feature_use,2024-11-25
2435,105,feature_use,2024-08-16
2436,105,login,2023-03-15
2437,105,support_ticket,2023-05-25
2438,66,support_ticket,2023-01-20
2439,66,login,2024-09-25
2440,66,feature_use,2023-09-06
2441,66,feature_use,2023-01-15
2442,66,login,2024-10-09
2443,66,login,2023-11-11
2444,66,feature_use,2024-04-12
2445,66,login,2024-08-28
2446,66,login,2023-04-19
2447,66,feature_use,2024-05-24
2448,66,feature_use,2023-03-06
2449,66,upgrade_view,2024-03-12
2450,66,support_ticket,2024-11-25
2451,66,login,2023-11-29
2452,66,feature_use,2024-12-01
2453,66,feature_use,2023-11-26
2454,66,feature_use,2023-02-16
2455,66,login,2023-12-10
2456,66,upgrade_view,2023-05-04
2457,66,support_ticket,2023-05-25
2458,66,upgrade_view,2023-06-22
2459,66,feature_use,2024-07-20
2460,66,feature_use,2024-03-25
2461,66,login,2024-08-18
2462,66,login,2023-05-17
2463,425,support_ticket,2024-10-09
2464,425,login,2023-06-11
2465,425,login,2024-05-13
2466,425,login,2023-01-07
2467,425,login,2023-07-03
2468,425,upgrade_view,2024-12-24
2469,425,support_ticket,2024-03-02
2470,425,feature_use,2024-12-09
2471,425,feature_use,2023-07-31
2472,425,upgrade_view,2024-10-17
2473,425,support_ticket,2024-06-19
2474,425,feature_use,2024-02-26
2475,425,login,2023-06-28
2476,425,feature_use,2024-09-02
2477,425,login,2024-05-26
2478,425,upgrade_view,2024-10-04
2479,425,support_ticket,2023-12-23
2480,425,feature_use,2023-01-05
2481,425,login,2023-07-16
2482,425,login,2024-06-26
2483,425,upgrade_view,2024-09-25
2484,425,feature_use,2024-07-06
2485,425,feature_use,2024-04-20
2486,425,login,2023-10-11
2487,425,login,2023-07-18
2488,425,support_ticket,2023-06-02
2489,425,feature_use,2024-05-24
2490,425,login,2023-06-13
2491,425,upgrade_view,2023-02-25
2492,425,feature_use,2023-10-19
2493,475,upgrade_view,2023-09-15
2494,475,support_ticket,2024-09-23
2495,475,login,2023-02-14
2496,475,feature_use,2023-02-23
2497,475,login,2023-06-11
2498,475,login,2024-05-11
2499,475,feature_use,2023-03-14
2500,475,upgrade_view,2024-03-31
2501,475,feature_use,2024-03-05
2502,475,upgrade_view,2024-11-24
2503,475,login,2023-08-24
2504,475,feature_use,2023-11-30
2505,475,feature_use,2023-04-11
2506,475,feature_use,2024-02-27
2507,475,feature_use,2024-01-20
2508,475,support_ticket,2023-03-17
2509,475,support_ticket,2024-08-22
2510,475,support_ticket,2023-02-25
2511,410,support_ticket,2023-08-10
2512,410,support_ticket,2023-07-02
2513,410,feature_use,2024-01-18
2514,410,feature_use,2024-04-13
2515,410,upgrade_view,2024-10-09
2516,410,feature_use,2023-10-04
2517,410,feature_use,2023-12-10
2518,410,login,2023-02-02
2519,410,feature_use,2023-10-15
2520,38,support_ticket,2024-04-21
2521,38,feature_use,2024-03-04
2522,38,feature_use,2023-12-18
2523,38,feature_use,2023-10-30
2524,38,feature_use,2024-10-15
2525,38,feature_use,2024-08-14
2526,38,support_ticket,2023-03-30
2527,38,support_ticket,2024-06-18
2528,16,support_ticket,2024-08-28
2529,16,upgrade_view,2024-04-18
2530,16,support_ticket,2023-01-15
2531,16,feature_use,2023-09-10
2532,16,support_ticket,2023-12-02
2533,16,feature_use,2024-08-16
2534,16,feature_use,2024-08-28
2535,16,login,2024-08-10
2536,16,login,2024-03-03
2537,16,support_ticket,2023-02-11
2538,16,login,2024-05-31
2539,460,support_ticket,2024-06-27
2540,460,login,2024-05-05
2541,460,support_ticket,2024-04-08
2542,460,login,2023-09-04
2543,460,login,2024-07-25
2544,460,support_ticket,2024-12-10
2545,460,feature_use,2023-08-12
2546,460,upgrade_view,2024-01-03
2547,460,login,2023-09-02
2548,460,support_ticket,2023-01-17
2549,460,upgrade_view,2024-11-16
2550,460,support_ticket,2023-06-15
2551,460,login,2024-08-07
2552,460,support_ticket,2024-04-10
2553,460,support_ticket,2023-05-22
2554,460,upgrade_view,2023-07-09
2555,460,support_ticket,2024-10-03
2556,460,login,2024-12-21
2557,467,support_ticket,2023-03-14
2558,467,upgrade_view,2024-12-08
2559,467,login,2024-06-27
2560,467,support_ticket,2023-10-31
2561,467,feature_use,2023-10-04
2562,467,login,2024-12-02
2563,467,upgrade_view,2024-09-27
2564,467,upgrade_view,2023-02-26
2565,467,login,2023-02-22
2566,467,upgrade_view,2024-01-28
2567,467,login,2024-04-21
2568,467,upgrade_view,2024-01-10
2569,467,login,2023-06-29
2570,467,feature_use,2024-07-28
2571,467,upgrade_view,2023-05-22
2572,467,login,2023-09-02
2573,467,support_ticket,2024-10-26
2574,467,feature_use,2024-08-17
2575,467,upgrade_view,2023-08-19
2576,467,upgrade_view,2023-12-28
2577,467,support_ticket,2024-05-30
2578,467,login,2023-10-11
2579,467,upgrade_view,2023-03-06
2580,467,support_ticket,2023-12-20
2581,467,login,2024-05-12
2582,200,upgrade_view,2024-12-27
2583,200,upgrade_view,2024-04-07
2584,200,login,2024-11-20
2585,200,support_ticket,2023-07-12
2586,200,login,2023-03-31
2587,200,feature_use,2024-02-05
2588,200,login,2023-10-23
2589,200,feature_use,2023-04-22
2590,200,login,2023-10-10
2591,200,feature_use,2024-12-14
2592,200,feature_use,2024-05-23
2593,200,login,2023-07-29
2594,200,support_ticket,2023-10-28
2595,200,feature_use,2024-11-29
2596,200,upgrade_view,2024-04-30
2597,200,support_ticket,2024-03-06
2598,200,login,2024-10-22
2599,200,feature_use,2023-10-26
2600,200,login,2023-03-06
2601,200,upgrade_view,2023-08-26
2602,162,upgrade_view,2024-08-15
2603,162,upgrade_view,2024-11-02
2604,162,support_ticket,2024-05-12
2605,162,upgrade_view,2024-04-13
2606,162,feature_use,2024-08-03
2607,162,feature_use,2023-11-10
2608,162,feature_use,2023-09-24
2609,162,upgrade_view,2024-05-10
2610,162,login,2023-10-23
2611,162,upgrade_view,2023-06-01
2612,162,support_ticket,2023-10-19
2613,162,feature_use,2023-06-20
2614,162,upgrade_view,2024-12-29
2615,162,feature_use,2023-07-06
2616,162,feature_use,2024-12-26
2617,162,feature_use,2023-06-15
2618,162,login,2023-04-30
2619,162,feature_use,2023-11-21
2620,189,upgrade_view,2023-09-24
2621,189,feature_use,2023-07-08
2622,189,login,2024-07-29
2623,189,upgrade_view,2024-11-12
2624,189,feature_use,2023-12-19
2625,189,support_ticket,2024-01-17
2626,189,feature_use,2024-07-06
2627,189,upgrade_view,2024-06-30
2628,189,login,2023-05-05
2629,189,support_ticket,2024-02-19
2630,189,support_ticket,2023-05-29
2631,189,feature_use,2023-11-24
2632,189,upgrade_view,2023-01-05
2633,189,upgrade_view,2024-10-24
2634,189,upgrade_view,2024-04-30
2635,189,feature_use,2024-08-10
2636,189,support_ticket,2024-08-01
2637,189,login,2023-12-13
2638,189,login,2024-05-05
2639,373,login,2024-11-25
2640,373,login,2023-11-12
2641,373,feature_use,2024-02-16
2642,373,upgrade_view,2024-04-01
2643,373,upgrade_view,2023-04-05
2644,373,feature_use,2023-02-26
2645,373,feature_use,2024-08-20
2646,373,feature_use,2023-10-12
2647,373,login,2023-01-24
2648,449,login,2024-04-01
2649,449,support_ticket,2024-06-08
2650,449,support_ticket,2023-07-19
2651,449,login,2023-11-22
2652,449,upgrade_view,2024-11-13
2653,449,feature_use,2024-02-12
2654,449,upgrade_view,2024-03-13
2655,449,upgrade_view,2024-01-31
2656,449,upgrade_view,2023-01-13
2657,449,upgrade_view,2023-12-20
2658,449,support_ticket,2023-11-12
2659,449,login,2024-07-28
2660,449,support_ticket,2023-08-09
2661,449,support_ticket,2024-03-01
2662,449,feature_use,2023-10-23
2663,449,support_ticket,2024-03-10
2664,449,login,2023-05-23
2665,449,feature_use,2023-05-28
2666,449,support_ticket,2023-11-07
2667,449,upgrade_view,2024-06-21
2668,449,support_ticket,2023-03-09
2669,449,login,2023-04-01
2670,296,upgrade_view,2024-10-16
2671,296,feature_use,2024-02-29
2672,296,support_ticket,2024-07-23
2673,296,feature_use,2024-12-28
2674,296,feature_use,2023-07-24
2675,296,upgrade_view,2024-01-26
2676,296,support_ticket,2024-07-21
2677,296,upgrade_view,2023-02-13
2678,296,upgrade_view,2024-08-22
2679,296,support_ticket,2024-05-20
2680,296,login,2023-08-18
2681,296,feature_use,2023-01-03
2682,296,upgrade_view,2023-09-26
2683,296,support_ticket,2024-10-17
2684,296,upgrade_view,2023-05-08
2685,296,feature_use,2024-03-03
2686,296,feature_use,2024-05-18
2687,296,login,2023-01-30
2688,204,support_ticket,2023-10-11
2689,204,upgrade_view,2023-03-10
2690,204,support_ticket,2024-08-18
2691,204,support_ticket,2024-08-02
2692,204,support_ticket,2023-09-22
2693,204,login,2024-12-11
2694,204,login,2024-01-18
2695,204,feature_use,2023-09-23
2696,204,login,2024-08-18
2697,204,upgrade_view,2023-05-30
2698,204,feature_use,2024-04-17
2699,204,feature_use,2024-01-01
2700,204,upgrade_view,2023-02-24
2701,204,support_ticket,2024-01-05
2702,204,upgrade_view,2024-10-13
2703,204,upgrade_view,2023-02-19
2704,204,login,2023-10-26
2705,204,feature_use,2024-06-10
2706,204,feature_use,2024-10-05
2707,204,feature_use,2023-04-07
2708,204,upgrade_view,2024-07-10
2709,204,upgrade_view,2023-11-20
2710,204,upgrade_view,2023-10-05
2711,204,upgrade_view,2023-04-09
2712,204,login,2023-05-28
2713,204,upgrade_view,2023-05-21
2714,204,support_ticket,2024-01-17
2715,204,upgrade_view,2024-02-26
2716,204,login,2023-06-16
2717,237,feature_use,2023-06-08
2718,237,login,2023-07-12
2719,237,support_ticket,2024-03-03
2720,237,login,2023-03-20
2721,237,login,2023-05-15
2722,237,upgrade_view,2024-05-06
2723,237,upgrade_view,2023-11-16
2724,237,support_ticket,2023-05-23
2725,237,upgrade_view,2024-09-03
2726,237,upgrade_view,2023-06-26
2727,237,login,2023-01-30
2728,104,feature_use,2023-05-12
2729,104,feature_use,2024-12-05
2730,104,feature_use,2023-11-11
2731,104,feature_use,2023-08-03
2732,104,support_ticket,2023-03-22
2733,104,login,2024-12-08
2734,104,login,2023-03-21
2735,104,support_ticket,2024-05-10
2736,104,feature_use,2023-02-13
2737,104,login,2023-04-21
2738,104,login,2024-11-06
2739,104,login,2024-04-25
2740,115,login,2023-02-14
2741,115,login,2023-11-05
2742,115,login,2023-04-09
2743,115,feature_use,2024-09-08
2744,115,feature_use,2024-08-24
2745,115,upgrade_view,2023-07-09
2746,115,login,2023-01-30
2747,115,upgrade_view,2023-05-30
2748,115,upgrade_view,2024-08-16
2749,115,feature_use,2023-12-27
2750,115,feature_use,2024-05-27
2751,115,login,2024-06-01
2752,115,login,2023-04-12
2753,92,feature_use,2023-08-11
2754,92,feature_use,2023-10-16
2755,92,login,2024-07-04
2756,92,feature_use,2023-04-12
2757,92,support_ticket,2024-05-31
2758,92,feature_use,2024-01-11
2759,92,login,2024-03-26
2760,92,upgrade_view,2023-07-05
2761,92,support_ticket,2024-01-24
2762,92,feature_use,2023-08-08
2763,92,login,2024-02-22
2764,92,login,2023-11-18
2765,92,login,2024-04-22
2766,92,feature_use,2024-06-16
2767,92,upgrade_view,2024-05-22
2768,92,upgrade_view,2024-12-22
2769,92,login,2024-07-24
2770,92,upgrade_view,2023-03-26
2771,92,login,2024-05-20
2772,92,upgrade_view,2024-01-30
2773,92,upgrade_view,2024-04-12
2774,23,feature_use,2024-03-30
2775,23,support_ticket,2024-07-21
2776,23,support_ticket,2023-10-25
2777,23,login,2023-07-13
2778,23,upgrade_view,2024-05-02
2779,23,login,2023-07-03
2780,23,support_ticket,2024-11-21
2781,23,login,2024-11-19
2782,23,support_ticket,2024-02-10
2783,23,login,2024-06-19
2784,23,feature_use,2023-05-03
2785,23,support_ticket,2024-02-09
2786,23,login,2024-12-12
2787,23,login,2023-06-22
2788,23,feature_use,2024-01-08
2789,23,feature_use,2023-12-13
2790,23,support_ticket,2024-09-01
2791,23,feature_use,2023-05-06
2792,23,support_ticket,2024-03-10
2793,23,upgrade_view,2023-10-13
2794,23,support_ticket,2024-10-21
2795,23,support_ticket,2023-12-31
2796,23,support_ticket,2024-11-13
2797,23,upgrade_view,2024-05-11
2798,23,support_ticket,2023-05-31
2799,23,login,2023-04-21
2800,459,support_ticket,2024-05-16
2801,459,feature_use,2023-08-25
2802,459,login,2023-01-31
2803,459,login,2023-02-24
2804,459,login,2024-05-25
2805,459,support_ticket,2023-07-03
2806,459,upgrade_view,2024-09-11
2807,459,upgrade_view,2023-06-06
2808,459,login,2024-09-28
2809,459,support_ticket,2023-03-20
2810,459,feature_use,2024-04-22
2811,459,support_ticket,2023-10-28
2812,459,upgrade_view,2024-05-17
2813,222,login,2023-12-18
2814,222,support_ticket,2023-02-02
2815,222,support_ticket,2023-05-02
2816,222,upgrade_view,2024-04-05
2817,222,support_ticket,2024-01-21
2818,222,login,2024-04-15
2819,222,feature_use,2023-02-03
2820,222,upgrade_view,2024-07-24
2821,222,feature_use,2024-12-24
2822,222,support_ticket,2024-05-18
2823,222,upgrade_view,2023-05-18
2824,222,support_ticket,2024-02-03
2825,222,support_ticket,2023-04-23
2826,222,support_ticket,2024-11-06
2827,222,feature_use,2024-05-02
2828,222,login,2024-06-02
2829,222,upgrade_view,2024-02-05
2830,222,support_ticket,2024-05-21
2831,222,upgrade_view,2024-09-23
2832,222,upgrade_view,2023-10-19
2833,222,login,2023-03-04
2834,222,login,2024-08-27
2835,431,upgrade_view,2024-01-11
2836,431,login,2024-08-20
2837,431,upgrade_view,2024-10-02
2838,431,login,2024-01-25
2839,431,upgrade_view,2024-03-14
2840,431,support_ticket,2024-01-01
2841,431,login,2023-12-26
2842,431,feature_use,2024-11-08
2843,431,feature_use,2023-09-11
2844,215,login,2023-11-16
2845,215,login,2024-12-05
2846,215,login,2023-11-09
2847,215,feature_use,2023-12-12
2848,215,upgrade_view,2023-01-21
2849,215,support_ticket,2023-02-08
2850,215,support_ticket,2024-11-04
2851,215,support_ticket,2024-08-04
2852,215,login,2023-10-01
2853,215,support_ticket,2024-12-13
2854,215,login,2024-08-25
2855,215,support_ticket,2023-11-21
2856,215,support_ticket,2024-08-07
2857,215,login,2023-11-27
2858,215,login,2024-05-15
2859,215,feature_use,2024-12-08
2860,215,support_ticket,2023-12-11
2861,215,upgrade_view,2024-05-29
2862,215,upgrade_view,2023-06-20
2863,215,support_ticket,2024-01-08
2864,215,support_ticket,2023-07-26
2865,215,login,2024-10-12
2866,215,feature_use,2024-07-02
2867,215,upgrade_view,2023-10-22
2868,215,upgrade_view,2023-02-18
2869,140,feature_use,2024-02-16
2870,140,login,2024-10-01
2871,140,login,2024-08-15
2872,140,upgrade_view,2024-08-29
2873,140,login,2023-10-07
2874,140,support_ticket,2024-08-03
2875,140,feature_use,2024-03-13
2876,140,login,2023-12-22
2877,140,upgrade_view,2024-10-29
2878,140,upgrade_view,2024-05-31
2879,140,upgrade_view,2024-03-19
2880,140,support_ticket,2023-07-24
2881,140,upgrade_view,2024-02-16
2882,140,support_ticket,2024-10-01
2883,140,feature_use,2024-11-18
2884,140,feature_use,2023-01-20
2885,140,support_ticket,2024-08-13
2886,140,support_ticket,2023-08-07
2887,140,support_ticket,2023-10-02
2888,140,login,2024-08-02
2889,140,feature_use,2024-06-18
2890,140,support_ticket,2024-01-09
2891,140,feature_use,2023-06-01
2892,283,upgrade_view,2024-12-02
2893,283,support_ticket,2024-03-21
2894,283,login,2023-11-23
2895,283,feature_use,2024-10-11
2896,283,upgrade_view,2024-02-27
2897,283,feature_use,2023-10-21
2898,283,feature_use,2023-09-20
2899,283,feature_use,2024-02-20
2900,283,feature_use,2023-04-27
2901,424,feature_use,2023-01-29
2902,424,support_ticket,2023-11-14
2903,424,support_ticket,2024-05-12
2904,424,login,2024-03-08
2905,424,feature_use,2023-07-26
2906,424,feature_use,2023-10-07
2907,424,upgrade_view,2023-01-30
2908,424,feature_use,2023-10-12
2909,424,login,2024-10-21
2910,424,login,2024-05-12
2911,424,login,2023-02-26
2912,349,upgrade_view,2024-09-08
2913,349,support_ticket,2023-03-07
2914,349,login,2024-01-08
2915,349,feature_use,2024-02-11
2916,349,login,2023-08-30
2917,349,login,2024-08-07
2918,349,upgrade_view,2024-06-18
2919,349,login,2024-05-23
2920,349,login,2023-09-01
2921,349,upgrade_view,2023-11-17
2922,349,support_ticket,2024-08-21
2923,349,support_ticket,2023-08-30
2924,349,feature_use,2023-08-12
2925,349,feature_use,2023-04-20
2926,349,upgrade_view,2023-08-08
2927,419,upgrade_view,2024-02-23
2928,419,login,2024-08-26
2929,419,upgrade_view,2024-05-17
2930,419,login,2024-12-17
2931,419,support_ticket,2023-11-21
2932,419,feature_use,2024-05-01
2933,419,feature_use,2023-10-12
2934,419,support_ticket,2024-01-07
2935,419,upgrade_view,2024-01-12
2936,419,login,2023-01-22
2937,419,login,2024-11-09
2938,419,feature_use,2024-12-08
2939,419,support_ticket,2023-09-17
2940,419,upgrade_view,2023-11-13
2941,419,login,2024-12-02
2942,419,feature_use,2024-07-01
2943,419,support_ticket,2024-03-29
2944,419,support_ticket,2023-01-09
2945,419,upgrade_view,2023-09-19
2946,359,upgrade_view,2023-08-30
2947,359,feature_use,2023-08-04
2948,359,upgrade_view,2024-03-25
2949,359,support_ticket,2024-10-21
2950,359,upgrade_view,2023-02-04
2951,359,support_ticket,2023-03-24
2952,359,support_ticket,2024-04-27
2953,463,login,2024-03-08
2954,463,upgrade_view,2023-06-14
2955,463,login,2024-06-02
2956,463,support_ticket,2023-12-27
2957,463,upgrade_view,2024-09-08
2958,463,login,2024-04-09
2959,463,feature_use,2023-02-23
2960,463,support_ticket,2024-10-07
2961,463,feature_use,2024-10-18
2962,463,support_ticket,2023-01-04
2963,463,upgrade_view,2023-07-24
2964,463,login,2023-11-18
2965,463,feature_use,2023-04-24
2966,463,feature_use,2023-09-13
2967,463,support_ticket,2024-08-31
2968,314,support_ticket,2023-11-24
2969,314,feature_use,2024-05-04
2970,314,feature_use,2023-09-24
2971,314,upgrade_view,2024-12-04
2972,314,feature_use,2023-10-16
2973,314,support_ticket,2023-03-28
2974,314,feature_use,2024-01-12
2975,314,support_ticket,2024-02-07
2976,314,feature_use,2024-08-07
2977,314,login,2023-01-22
2978,314,feature_use,2024-07-25
2979,314,support_ticket,2023-04-02
2980,314,upgrade_view,2023-07-23
2981,314,feature_use,2024-12-19
2982,314,support_ticket,2023-02-20
2983,314,support_ticket,2024-09-24
2984,314,upgrade_view,2024-09-06
2985,314,login,2023-06-02
2986,314,feature_use,2024-01-12
2987,314,login,2024-08-03
2988,314,support_ticket,2023-01-15
2989,314,support_ticket,2024-04-09
2990,314,feature_use,2023-05-02
2991,314,feature_use,2024-12-31
2992,314,upgrade_view,2023-07-15
2993,314,support_ticket,2023-10-22
2994,314,feature_use,2024-01-27
2995,314,feature_use,2024-03-17
2996,314,feature_use,2024-09-06
2997,314,feature_use,2023-10-17
2998,315,support_ticket,2023-07-04
2999,315,login,2023-05-30
3000,315,upgrade_view,2023-10-25
3001,315,support_ticket,2023-08-30
3002,315,upgrade_view,2023-09-12
3003,315,support_ticket,2024-08-19
3004,315,login,2023-03-29
3005,315,feature_use,2024-04-25
3006,315,support_ticket,2023-11-28
3007,315,feature_use,2024-12-04
3008,315,support_ticket,2024-12-31
3009,315,support_ticket,2024-12-26
3010,315,upgrade_view,2024-09-03
3011,315,login,2023-03-16
3012,315,login,2024-07-24
3013,315,upgrade_view,2023-02-23
3014,315,support_ticket,2023-08-29
3015,315,login,2023-12-29
3016,55,support_ticket,2023-09-17
3017,55,support_ticket,2023-11-06
3018,55,upgrade_view,2024-11-18
3019,55,login,2023-05-16
3020,55,feature_use,2024-08-17
3021,295,support_ticket,2023-06-23
3022,295,support_ticket,2023-12-14
3023,295,login,2023-05-16
3024,295,support_ticket,2023-11-21
3025,295,upgrade_view,2023-05-26
3026,295,upgrade_view,2023-04-30
3027,295,feature_use,2023-02-15
3028,295,upgrade_view,2024-05-26
3029,295,support_ticket,2024-01-05
3030,295,upgrade_view,2023-10-17
3031,295,upgrade_view,2024-09-19
3032,295,upgrade_view,2024-06-13
3033,295,feature_use,2024-03-22
3034,31,feature_use,2024-05-18
3035,31,support_ticket,2024-07-23
3036,31,feature_use,2023-02-24
3037,31,login,2023-06-02
3038,31,feature_use,2023-08-24
3039,31,support_ticket,2023-02-06
3040,31,feature_use,2023-09-24
3041,31,support_ticket,2024-12-23
3042,31,login,2024-03-22
3043,31,login,2024-05-21
3044,31,upgrade_view,2024-03-28
3045,31,support_ticket,2024-12-27
3046,31,support_ticket,2024-04-13
3047,31,feature_use,2023-04-26
3048,31,upgrade_view,2023-05-07
3049,248,upgrade_view,2023-07-28
3050,248,feature_use,2023-07-04
3051,248,upgrade_view,2024-06-04
3052,248,feature_use,2024-07-30
3053,248,login,2024-08-20
3054,248,feature_use,2024-06-22
3055,248,login,2024-03-02
3056,255,login,2024-05-25
3057,255,login,2023-12-03
3058,255,login,2023-10-19
3059,255,upgrade_view,2024-02-08
3060,255,login,2024-08-27
3061,255,feature_use,2023-11-28
3062,255,login,2023-01-30
3063,255,support_ticket,2024-04-16
3064,255,upgrade_view,2024-04-09
3065,255,login,2024-08-31
3066,255,login,2023-12-04
3067,255,support_ticket,2024-11-02
3068,210,feature_use,2024-08-05
3069,210,login,2023-08-05
3070,210,upgrade_view,2024-10-21
3071,210,login,2023-11-27
3072,210,support_ticket,2023-03-14
3073,210,support_ticket,2023-04-05
3074,210,feature_use,2023-09-19
3075,210,support_ticket,2023-09-03
3076,210,login,2023-04-02
3077,210,feature_use,2023-08-02
3078,210,support_ticket,2024-02-02
3079,210,feature_use,2023-10-19
3080,210,upgrade_view,2023-05-04
3081,210,support_ticket,2024-05-17
3082,210,feature_use,2023-11-14
3083,258,login,2024-11-12
3084,258,feature_use,2024-01-12
3085,258,support_ticket,2024-05-16
3086,258,support_ticket,2024-02-02
3087,258,support_ticket,2023-10-02
3088,258,support_ticket,2023-04-03
3089,258,feature_use,2024-01-13
3090,258,support_ticket,2024-03-20
3091,258,login,2023-04-06
3092,258,upgrade_view,2024-06-09
3093,258,feature_use,2024-04-19
3094,258,feature_use,2024-10-25
3095,258,login,2024-05-22
3096,258,support_ticket,2023-10-25
3097,258,login,2024-03-23
3098,258,upgrade_view,2024-05-04
3099,254,upgrade_view,2023-05-11
3100,254,support_ticket,2023-09-12
3101,254,login,2023-10-30
3102,254,login,2024-07-18
3103,254,login,2023-02-16
3104,254,support_ticket,2024-06-06
3105,254,login,2024-02-27
3106,254,upgrade_view,2024-04-20
3107,254,upgrade_view,2023-12-30
3108,116,login,2023-03-25
3109,116,support_ticket,2023-04-27
3110,116,feature_use,2023-07-03
3111,116,login,2024-02-07
3112,116,support_ticket,2023-03-27
3113,116,upgrade_view,2024-12-22
3114,116,support_ticket,2023-11-18
3115,116,support_ticket,2024-11-17
3116,116,upgrade_view,2024-09-30
3117,116,feature_use,2023-12-16
3118,116,feature_use,2023-08-05
3119,116,upgrade_view,2023-03-22
3120,116,login,2024-11-20
3121,116,login,2024-03-20
3122,116,support_ticket,2023-01-06
3123,116,login,2023-04-30
3124,116,support_ticket,2023-06-25
3125,116,support_ticket,2024-04-16
3126,116,support_ticket,2024-11-04
3127,116,upgrade_view,2023-11-07
3128,116,support_ticket,2024-12-08
3129,116,login,2023-11-06
3130,116,feature_use,2023-05-09
3131,30,login,2023-07-15
3132,30,feature_use,2023-01-17
3133,30,feature_use,2023-01-28
3134,30,feature_use,2024-05-07
3135,30,feature_use,2024-10-27
3136,496,feature_use,2024-10-03
3137,496,upgrade_view,2023-03-30
3138,496,feature_use,2024-04-19
3139,496,support_ticket,2024-04-30
3140,496,login,2023-01-23
3141,496,feature_use,2023-06-20
3142,496,support_ticket,2024-12-20
3143,496,support_ticket,2024-05-11
3144,496,support_ticket,2023-01-21
3145,496,feature_use,2024-08-22
3146,496,upgrade_view,2023-07-26
3147,496,support_ticket,2024-08-06
3148,496,upgrade_view,2023-02-22
3149,496,login,2023-01-09
3150,496,support_ticket,2024-10-07
3151,496,support_ticket,2024-03-01
3152,496,upgrade_view,2024-08-15
3153,496,support_ticket,2023-02-07
3154,243,support_ticket,2024-05-12
3155,243,login,2023-08-26
3156,243,login,2024-06-24
3157,243,upgrade_view,2024-03-08
3158,243,login,2024-07-20
3159,243,support_ticket,2023-10-02
3160,243,login,2024-04-29
3161,243,upgrade_view,2024-05-21
3162,243,support_ticket,2024-04-04
3163,243,feature_use,2023-01-22
3164,243,feature_use,2023-10-22
3165,243,upgrade_view,2024-04-25
3166,243,feature_use,2024-03-24
3167,243,feature_use,2024-06-03
3168,243,upgrade_view,2024-08-24
3169,243,support_ticket,2024-09-08
3170,243,upgrade_view,2023-05-15
3171,225,support_ticket,2024-12-29
3172,225,upgrade_view,2024-03-02
3173,225,feature_use,2024-04-28
3174,225,feature_use,2024-09-28
3175,225,login,2023-10-17
3176,225,support_ticket,2024-11-14
3177,225,feature_use,2023-05-13
3178,225,feature_use,2023-07-24
3179,225,support_ticket,2024-09-12
3180,225,support_ticket,2023-04-14
3181,225,upgrade_view,2024-05-20
3182,225,feature_use,2023-08-29
3183,225,login,2024-07-24
3184,225,upgrade_view,2023-01-19
3185,225,upgrade_view,2023-09-25
3186,225,feature_use,2024-11-24
3187,225,login,2023-06-28
3188,225,upgrade_view,2023-03-07
3189,225,login,2024-03-16
3190,225,feature_use,2024-09-24
3191,225,feature_use,2023-05-04
3192,225,upgrade_view,2024-05-13
3193,225,upgrade_view,2023-12-15
3194,225,upgrade_view,2023-02-17
3195,225,login,2023-06-04
3196,225,login,2024-12-24
3197,225,support_ticket,2024-03-24
3198,225,login,2023-04-24
3199,394,login,2024-09-17
3200,394,login,2024-07-29
3201,394,login,2024-06-03
3202,394,login,2023-06-21
3203,394,upgrade_view,2023-07-30
3204,394,upgrade_view,2023-06-10
3205,394,support_ticket,2024-12-26
3206,394,support_ticket,2024-06-02
3207,394,feature_use,2023-04-12
3208,394,upgrade_view,2024-10-24
3209,394,feature_use,2023-12-09
3210,394,feature_use,2023-05-06
3211,394,support_ticket,2024-03-25
3212,394,feature_use,2023-01-07
3213,394,upgrade_view,2024-04-30
3214,394,feature_use,2023-10-21
3215,394,upgrade_view,2023-03-29
3216,394,support_ticket,2024-01-17
3217,394,feature_use,2024-01-05
3218,394,support_ticket,2023-06-05
3219,394,feature_use,2023-08-22
3220,394,support_ticket,2024-03-15
3221,394,support_ticket,2024-02-24
3222,394,upgrade_view,2024-06-12
3223,394,support_ticket,2023-01-31
3224,394,login,2023-05-30
3225,394,login,2024-06-13
3226,394,upgrade_view,2023-03-28
3227,394,support_ticket,2023-11-19
3228,394,support_ticket,2023-06-18
3229,233,login,2024-02-07
3230,233,feature_use,2024-11-07
3231,233,login,2024-08-11
3232,233,upgrade_view,2024-10-08
3233,233,support_ticket,2024-03-05
3234,233,upgrade_view,2024-11-28
3235,474,upgrade_view,2023-11-18
3236,474,upgrade_view,2023-01-09
3237,474,feature_use,2024-06-24
3238,474,support_ticket,2024-12-18
3239,474,feature_use,2024-04-01
3240,474,support_ticket,2024-07-11
3241,474,upgrade_view,2024-12-15
3242,474,support_ticket,2024-10-26
3243,474,upgrade_view,2023-07-22
3244,474,login,2023-03-28
3245,474,upgrade_view,2024-07-04
3246,474,feature_use,2024-02-04
3247,474,upgrade_view,2024-06-16
3248,474,login,2023-08-07
3249,474,upgrade_view,2024-06-07
3250,474,upgrade_view,2024-06-17
3251,474,feature_use,2024-10-12
3252,474,login,2023-01-24
3253,474,upgrade_view,2024-07-06
3254,474,upgrade_view,2023-09-05
3255,474,login,2024-03-08
3256,474,upgrade_view,2023-03-03
3257,474,upgrade_view,2023-09-23
3258,474,login,2023-05-07
3259,474,login,2024-10-28
3260,474,upgrade_view,2024-04-04
3261,474,login,2024-08-09
3262,474,upgrade_view,2024-04-09
3263,212,feature_use,2024-08-18
3264,212,upgrade_view,2023-12-25
3265,212,feature_use,2023-10-19
3266,212,feature_use,2024-01-22
3267,212,upgrade_view,2023-04-18
3268,212,feature_use,2024-06-12
3269,212,support_ticket,2024-01-05
3270,212,feature_use,2023-04-11
3271,212,support_ticket,2024-12-29
3272,212,login,2024-02-26
3273,212,login,2023-04-05
3274,212,feature_use,2024-03-11
3275,446,support_ticket,2023-08-08
3276,446,upgrade_view,2023-03-21
3277,446,support_ticket,2024-11-24
3278,446,support_ticket,2024-08-25
3279,446,support_ticket,2023-09-28
3280,446,support_ticket,2024-10-13
3281,446,support_ticket,2024-03-26
3282,446,feature_use,2024-03-02
3283,446,feature_use,2023-05-28
3284,446,support_ticket,2024-05-11
3285,446,login,2023-05-13
3286,446,feature_use,2024-12-12
3287,446,support_ticket,2024-04-11
3288,446,feature_use,2023-02-03
3289,446,upgrade_view,2024-07-26
3290,446,support_ticket,2023-05-02
3291,446,login,2023-04-23
3292,446,upgrade_view,2024-01-14
3293,446,feature_use,2023-02-11
3294,446,upgrade_view,2023-05-01
3295,436,upgrade_view,2024-01-19
3296,436,support_ticket,2023-10-29
3297,436,feature_use,2023-01-29
3298,436,support_ticket,2023-05-26
3299,436,upgrade_view,2023-02-19
3300,436,feature_use,2023-10-18
3301,436,support_ticket,2023-07-07
3302,436,login,2023-01-03
3303,436,upgrade_view,2024-07-14
3304,436,login,2023-03-11
3305,436,support_ticket,2024-03-03
3306,436,upgrade_view,2024-08-09
3307,436,support_ticket,2024-08-02
3308,436,support_ticket,2023-12-12
3309,58,feature_use,2024-09-12
3310,58,support_ticket,2023-05-22
3311,58,support_ticket,2024-04-05
3312,58,upgrade_view,2023-06-02
3313,58,support_ticket,2023-04-02
3314,58,feature_use,2024-02-01
3315,58,upgrade_view,2024-02-09
3316,58,login,2024-07-07
3317,58,support_ticket,2024-11-17
3318,58,login,2023-10-12
3319,58,login,2023-06-19
3320,58,upgrade_view,2024-08-08
3321,58,login,2024-07-28
3322,58,login,2024-10-21
3323,58,login,2023-07-17
3324,58,feature_use,2024-08-06
3325,58,login,2024-05-02
3326,58,feature_use,2023-05-04
3327,58,upgrade_view,2023-01-20
3328,58,feature_use,2023-07-30
3329,236,support_ticket,2024-08-16
3330,236,upgrade_view,2023-03-28
3331,236,login,2024-02-16
3332,236,login,2024-05-18
3333,236,support_ticket,2023-12-15
3334,236,support_ticket,2023-07-04
3335,236,upgrade_view,2023-01-25
3336,236,upgrade_view,2024-01-27
3337,236,login,2023-04-04
3338,236,feature_use,2023-04-12
3339,236,feature_use,2023-10-20
3340,236,upgrade_view,2023-07-07
3341,236,feature_use,2023-04-02
3342,236,support_ticket,2023-11-11
3343,236,feature_use,2024-11-25
3344,236,upgrade_view,2023-03-02
3345,236,login,2023-07-05
3346,236,login,2024-12-31
3347,236,support_ticket,2023-11-02
3348,236,upgrade_view,2023-04-12
3349,236,support_ticket,2023-05-26
3350,236,upgrade_view,2023-11-28
3351,236,login,2024-01-20
3352,236,feature_use,2023-02-23
3353,236,feature_use,2023-09-03
3354,236,support_ticket,2024-05-19
3355,236,upgrade_view,2023-04-28
3356,44,support_ticket,2023-11-22
3357,44,support_ticket,2024-07-20
3358,44,support_ticket,2023-03-09
3359,44,support_ticket,2023-01-30
3360,44,feature_use,2024-10-10
3361,44,upgrade_view,2023-01-20
3362,320,login,2024-08-23
3363,320,feature_use,2023-09-10
3364,320,support_ticket,2023-11-08
3365,320,login,2024-04-01
3366,320,feature_use,2024-10-13
3367,320,upgrade_view,2023-05-26
3368,320,feature_use,2024-07-07
3369,320,support_ticket,2023-09-09
3370,320,support_ticket,2024-07-22
3371,320,login,2023-02-12
3372,320,upgrade_view,2024-04-20
3373,320,feature_use,2024-10-30
3374,320,login,2023-01-01
3375,320,upgrade_view,2024-05-08
3376,320,upgrade_view,2024-09-04
3377,320,support_ticket,2024-11-27
3378,320,feature_use,2023-12-26
3379,320,upgrade_view,2024-08-22
3380,320,feature_use,2023-02-16
3381,320,login,2024-06-30
3382,320,login,2023-11-04
3383,320,login,2024-02-09
3384,472,upgrade_view,2024-07-23
3385,472,feature_use,2024-03-18
3386,472,upgrade_view,2024-09-17
3387,472,upgrade_view,2024-11-29
3388,472,upgrade_view,2024-10-12
3389,472,support_ticket,2024-12-25
3390,472,feature_use,2023-10-07
3391,472,upgrade_view,2024-11-09
3392,472,feature_use,2023-12-16
3393,442,upgrade_view,2024-09-05
3394,442,feature_use,2023-01-17
3395,442,login,2024-10-23
3396,442,support_ticket,2024-09-15
3397,442,login,2023-01-05
3398,442,feature_use,2024-11-19
3399,442,support_ticket,2024-02-28
3400,442,login,2024-02-07
3401,442,login,2024-10-26
3402,442,login,2024-07-05
3403,442,support_ticket,2024-11-18
3404,442,login,2024-11-19
3405,442,support_ticket,2023-12-28
3406,442,upgrade_view,2024-09-07
3407,442,feature_use,2024-02-01
3408,442,login,2024-12-14
3409,442,support_ticket,2023-05-08
3410,442,feature_use,2024-01-15
3411,442,login,2024-03-31
3412,259,upgrade_view,2023-01-21
3413,259,upgrade_view,2024-11-27
3414,259,login,2023-07-16
3415,259,upgrade_view,2024-09-20
3416,259,feature_use,2023-08-15
3417,259,upgrade_view,2024-05-20
3418,259,upgrade_view,2023-02-07
3419,259,feature_use,2024-05-19
3420,259,feature_use,2023-01-08
3421,259,support_ticket,2024-10-15
3422,259,upgrade_view,2023-04-24
3423,259,support_ticket,2024-08-05
3424,253,feature_use,2024-07-19
3425,253,feature_use,2024-11-06
3426,253,feature_use,2023-03-08
3427,253,feature_use,2023-03-08
3428,253,feature_use,2023-09-23
3429,253,upgrade_view,2024-06-19
3430,253,login,2023-07-16
3431,253,upgrade_view,2024-12-10
3432,253,support_ticket,2024-11-28
3433,253,support_ticket,2023-01-03
3434,322,login,2024-11-20
3435,322,support_ticket,2023-11-27
3436,322,upgrade_view,2024-02-21
3437,322,support_ticket,2023-05-05
3438,322,upgrade_view,2024-05-22
3439,322,login,2024-06-13
3440,322,login,2023-08-18
3441,322,support_ticket,2023-10-12
3442,322,support_ticket,2024-06-29
3443,322,login,2023-11-20
3444,322,feature_use,2024-02-06
3445,322,login,2023-12-09
3446,322,login,2024-08-08
3447,322,support_ticket,2023-08-20
3448,322,feature_use,2023-03-18
3449,322,feature_use,2023-07-21
3450,322,upgrade_view,2023-12-04
3451,322,login,2023-03-06
3452,322,support_ticket,2023-01-29
3453,322,login,2024-03-18
3454,322,upgrade_view,2024-08-29
3455,322,feature_use,2023-09-14
3456,322,support_ticket,2023-04-21
3457,322,upgrade_view,2023-09-02
3458,322,upgrade_view,2023-02-25
3459,297,login,2023-08-31
3460,297,support_ticket,2024-09-06
3461,297,support_ticket,2023-04-08
3462,297,login,2024-08-15
3463,297,login,2023-03-29
3464,297,support_ticket,2023-02-04
3465,297,login,2023-11-17
3466,297,login,2023-05-11
3467,297,login,2024-03-28
3468,297,support_ticket,2023-11-05
3469,297,login,2023-03-09
3470,297,login,2024-11-24
3471,297,login,2024-07-26
3472,297,support_ticket,2023-10-29
3473,297,login,2024-02-16
3474,297,support_ticket,2024-09-24
3475,297,login,2023-08-27
3476,297,support_ticket,2024-04-09
3477,297,support_ticket,2024-04-20
3478,297,login,2024-09-27
3479,297,login,2023-12-14
3480,435,upgrade_view,2024-06-13
3481,435,feature_use,2024-08-24
3482,435,login,2023-04-21
3483,435,login,2023-01-13
3484,435,feature_use,2024-08-30
3485,435,feature_use,2024-08-09
3486,435,upgrade_view,2024-10-14
3487,435,support_ticket,2023-12-30
3488,435,support_ticket,2024-05-07
3489,435,feature_use,2023-07-10
3490,435,login,2023-05-21
3491,435,feature_use,2023-03-03
3492,435,support_ticket,2023-11-16
3493,435,upgrade_view,2024-06-09
3494,435,feature_use,2023-11-15
3495,435,support_ticket,2023-05-31
3496,435,upgrade_view,2023-11-13
3497,435,upgrade_view,2023-10-26
3498,435,feature_use,2023-01-09
3499,230,login,2023-09-01
3500,230,upgrade_view,2024-03-08
3501,230,feature_use,2023-07-20
3502,230,feature_use,2024-10-17
3503,230,upgrade_view,2023-03-12
3504,230,support_ticket,2023-07-13
3505,489,support_ticket,2024-12-09
3506,489,upgrade_view,2024-09-06
3507,489,upgrade_view,2024-08-15
3508,489,upgrade_view,2024-09-22
3509,489,upgrade_view,2024-03-04
3510,489,login,2023-06-16
3511,489,login,2024-04-10
3512,489,feature_use,2024-05-22
3513,489,feature_use,2023-01-04
3514,489,feature_use,2024-12-10
3515,489,feature_use,2024-04-22
3516,489,support_ticket,2023-09-02
3517,489,support_ticket,2023-12-06
3518,489,support_ticket,2023-07-30
3519,489,login,2023-07-08
3520,489,login,2024-01-07
3521,489,upgrade_view,2023-03-17
3522,489,login,2023-01-31
3523,489,upgrade_view,2023-05-26
3524,489,feature_use,2024-03-26
3525,489,upgrade_view,2024-10-08
3526,489,login,2023-02-14
3527,489,feature_use,2023-07-23
3528,489,feature_use,2023-10-18
3529,489,upgrade_view,2023-08-13
3530,489,upgrade_view,2023-06-28
3531,489,feature_use,2024-07-21
3532,272,login,2023-07-20
3533,272,upgrade_view,2023-06-30
3534,272,login,2023-04-14
3535,272,feature_use,2024-11-24
3536,272,login,2024-01-24
3537,272,feature_use,2023-12-13
3538,272,support_ticket,2023-11-09
3539,272,upgrade_view,2023-09-03
3540,272,feature_use,2024-01-17
3541,272,support_ticket,2024-06-23
3542,439,login,2023-03-08
3543,439,feature_use,2023-05-28
3544,439,feature_use,2023-07-14
3545,439,support_ticket,2024-06-29
3546,439,upgrade_view,2024-12-12
3547,439,support_ticket,2023-11-22
3548,439,feature_use,2024-10-13
3549,439,feature_use,2023-02-17
3550,439,upgrade_view,2024-07-02
3551,439,upgrade_view,2023-06-02
3552,439,login,2023-09-11
3553,439,upgrade_view,2024-10-06
3554,439,support_ticket,2023-05-10
3555,439,login,2023-08-03
3556,439,login,2024-04-26
3557,439,support_ticket,2023-06-21
3558,439,upgrade_view,2024-10-22
3559,439,support_ticket,2024-05-25
3560,439,upgrade_view,2023-07-03
3561,439,upgrade_view,2024-12-30
3562,439,support_ticket,2024-06-22
3563,439,support_ticket,2024-05-21
3564,439,support_ticket,2023-10-02
3565,439,login,2024-10-15
3566,439,feature_use,2023-08-01
3567,439,support_ticket,2023-07-27
3568,439,support_ticket,2023-08-29
3569,13,support_ticket,2023-11-10
3570,13,feature_use,2024-01-22
3571,13,upgrade_view,2024-01-19
3572,13,login,2024-07-17
3573,13,login,2023-05-18
3574,13,support_ticket,2023-10-30
3575,13,upgrade_view,2024-06-15
3576,13,login,2023-08-24
3577,13,upgrade_view,2024-04-21
3578,13,support_ticket,2024-03-12
3579,13,support_ticket,2024-04-23
3580,196,support_ticket,2024-01-12
3581,196,upgrade_view,2023-11-21
3582,196,login,2024-01-27
3583,196,support_ticket,2023-07-03
3584,196,upgrade_view,2023-08-28
3585,196,login,2024-10-22
3586,196,login,2024-01-03
3587,196,login,2023-10-29
3588,196,feature_use,2023-10-11
3589,196,login,2023-04-11
3590,196,upgrade_view,2023-03-15
3591,196,feature_use,2023-02-09
3592,196,feature_use,2023-12-08
3593,196,upgrade_view,2024-11-22
3594,196,upgrade_view,2023-09-14
3595,196,upgrade_view,2024-11-30
3596,196,feature_use,2023-07-15
3597,196,upgrade_view,2024-07-10
3598,493,upgrade_view,2023-11-03
3599,493,support_ticket,2023-12-21
3600,493,login,2024-02-20
3601,493,feature_use,2024-04-28
3602,493,feature_use,2024-02-12
3603,70,support_ticket,2023-08-03
3604,70,support_ticket,2023-08-28
3605,70,upgrade_view,2024-04-17
3606,70,upgrade_view,2023-03-29
3607,70,support_ticket,2023-07-12
3608,70,support_ticket,2024-12-15
3609,70,support_ticket,2023-08-03
3610,70,login,2024-04-05
3611,70,feature_use,2024-01-19
3612,70,feature_use,2024-08-14
3613,70,login,2023-11-09
3614,70,upgrade_view,2024-05-26
3615,123,support_ticket,2023-08-19
3616,123,support_ticket,2024-03-11
3617,123,upgrade_view,2024-12-08
3618,123,login,2023-11-30
3619,123,login,2024-08-04
3620,123,feature_use,2023-05-23
3621,123,support_ticket,2023-12-05
3622,123,feature_use,2024-01-26
3623,123,login,2024-02-05
3624,123,support_ticket,2024-07-01
3625,123,support_ticket,2023-07-12
3626,123,upgrade_view,2023-04-22
3627,123,support_ticket,2024-08-06
3628,123,upgrade_view,2024-10-16
3629,123,feature_use,2023-04-06
3630,219,feature_use,2024-11-22
3631,219,support_ticket,2023-02-02
3632,219,feature_use,2023-01-28
3633,219,login,2023-07-23
3634,219,upgrade_view,2024-01-31
3635,219,feature_use,2023-07-30
3636,219,login,2023-10-26
3637,219,login,2024-04-10
3638,317,login,2024-06-14
3639,317,upgrade_view,2023-06-25
3640,317,support_ticket,2024-02-25
3641,317,login,2023-06-10
3642,317,support_ticket,2023-05-13
3643,317,login,2024-05-04
3644,317,feature_use,2024-02-03
3645,317,feature_use,2023-05-14
3646,317,support_ticket,2023-11-14
3647,317,support_ticket,2024-12-27
3648,317,upgrade_view,2023-06-12
3649,317,feature_use,2024-08-24
3650,317,support_ticket,2024-05-29
3651,317,feature_use,2023-10-10
3652,317,feature_use,2023-01-08
3653,317,login,2024-04-01
3654,395,feature_use,2024-09-11
3655,395,upgrade_view,2024-06-22
3656,395,support_ticket,2024-08-05
3657,395,support_ticket,2024-04-16
3658,395,login,2024-08-12
3659,395,upgrade_view,2023-04-04
3660,395,support_ticket,2024-10-23
3661,395,upgrade_view,2023-12-22
3662,395,feature_use,2024-02-05
3663,395,feature_use,2024-03-01
3664,395,support_ticket,2023-07-03
3665,395,support_ticket,2024-04-13
3666,395,feature_use,2024-11-05
3667,395,login,2024-12-16
3668,395,login,2024-02-07
3669,395,feature_use,2023-09-03
3670,395,upgrade_view,2023-10-08
3671,131,feature_use,2023-03-10
3672,131,support_ticket,2024-05-20
3673,131,login,2024-07-20
3674,131,login,2024-01-13
3675,131,upgrade_view,2023-04-18
3676,131,support_ticket,2024-02-24
3677,131,upgrade_view,2023-06-18
3678,131,login,2023-08-01
3679,131,login,2024-04-18
3680,131,support_ticket,2023-03-16
3681,131,upgrade_view,2024-01-26
3682,131,feature_use,2024-02-13
3683,131,login,2024-02-11
3684,131,upgrade_view,2023-01-11
3685,131,feature_use,2023-04-28
3686,131,support_ticket,2023-12-01
3687,131,support_ticket,2024-05-11
3688,131,login,2023-03-11
3689,131,feature_use,2024-07-15
3690,131,support_ticket,2024-12-31
3691,131,support_ticket,2023-05-24
3692,131,feature_use,2023-10-13
3693,131,login,2023-06-24
3694,131,login,2024-09-13
3695,131,upgrade_view,2023-07-01
3696,131,support_ticket,2023-05-08
3697,268,login,2023-03-21
3698,268,upgrade_view,2024-11-24
3699,268,support_ticket,2023-06-07
3700,268,feature_use,2024-01-02
3701,268,login,2023-08-10
3702,268,feature_use,2024-11-22
3703,268,login,2024-03-28
3704,268,login,2024-10-12
3705,268,upgrade_view,2024-02-04
3706,268,login,2024-03-30
3707,97,login,2023-01-05
3708,97,feature_use,2024-01-22
3709,97,upgrade_view,2023-09-13
3710,97,feature_use,2023-09-02
3711,97,login,2023-04-04
3712,97,login,2024-03-07
3713,97,upgrade_view,2023-01-15
3714,97,login,2023-07-16
3715,97,login,2023-08-14
3716,97,feature_use,2024-11-11
3717,97,login,2023-06-21
3718,97,login,2024-03-01
3719,97,upgrade_view,2023-12-01
3720,97,feature_use,2024-07-29
3721,97,feature_use,2024-10-01
3722,97,support_ticket,2024-07-08
3723,97,login,2024-03-14
3724,97,feature_use,2023-08-26
3725,97,upgrade_view,2023-04-19
3726,97,feature_use,2023-11-28
3727,97,support_ticket,2023-01-16
3728,97,upgrade_view,2024-10-31
3729,97,support_ticket,2023-01-13
3730,97,support_ticket,2023-08-06
3731,416,upgrade_view,2023-03-09
3732,416,upgrade_view,2024-10-27
3733,416,login,2023-02-14
3734,416,support_ticket,2023-08-12
3735,416,support_ticket,2023-11-05
3736,416,feature_use,2023-04-15
3737,416,login,2023-09-15
3738,416,upgrade_view,2024-09-06
3739,416,support_ticket,2024-10-08
3740,416,feature_use,2024-11-25
3741,416,feature_use,2023-12-07
3742,416,upgrade_view,2024-10-12
3743,109,login,2024-05-08
3744,109,login,2023-12-10
3745,109,support_ticket,2024-09-15
3746,109,feature_use,2024-01-27
3747,109,login,2024-05-30
3748,109,login,2023-08-27
3749,109,login,2024-09-23
3750,109,feature_use,2023-11-13
3751,109,feature_use,2024-03-14
3752,109,login,2024-09-26
3753,109,feature_use,2023-03-03
3754,109,support_ticket,2024-01-19
3755,109,feature_use,2023-10-31
3756,109,support_ticket,2023-06-05
3757,109,login,2023-07-29
3758,109,support_ticket,2023-09-01
3759,109,feature_use,2023-12-03
3760,109,upgrade_view,2023-10-12
3761,109,login,2024-10-21
3762,109,support_ticket,2024-06-17
3763,109,upgrade_view,2024-10-25
3764,109,feature_use,2023-01-25
3765,109,upgrade_view,2023-12-06
3766,109,feature_use,2023-09-06
3767,109,login,2024-07-06
3768,109,feature_use,2024-11-11
3769,235,feature_use,2024-12-04
3770,235,support_ticket,2024-09-14
3771,235,upgrade_view,2024-06-17
3772,235,support_ticket,2023-07-07
3773,235,login,2024-10-06
3774,235,support_ticket,2023-03-08
3775,235,feature_use,2023-03-13
3776,235,feature_use,2023-02-23
3777,235,feature_use,2023-07-29
3778,235,feature_use,2023-04-04
3779,235,feature_use,2024-08-29
3780,235,login,2023-08-30
3781,235,support_ticket,2024-03-12
3782,235,feature_use,2023-11-15
3783,235,feature_use,2023-07-22
3784,235,feature_use,2024-03-10
3785,235,feature_use,2024-09-12
3786,235,upgrade_view,2023-11-07
3787,235,support_ticket,2024-08-13
3788,235,feature_use,2024-10-12
3789,235,support_ticket,2023-10-06
3790,235,upgrade_view,2023-03-23
3791,235,support_ticket,2024-02-12
3792,235,support_ticket,2023-06-21
3793,235,support_ticket,2024-03-27
3794,235,support_ticket,2024-06-01
3795,235,support_ticket,2023-06-09
3796,235,support_ticket,2023-01-21
3797,235,login,2024-03-13
3798,235,feature_use,2023-11-04
3799,32,upgrade_view,2023-06-29
3800,32,support_ticket,2024-01-25
3801,32,support_ticket,2023-11-10
3802,32,support_ticket,2023-10-18
3803,32,support_ticket,2024-07-29
3804,32,upgrade_view,2023-03-15
3805,32,support_ticket,2023-05-20
3806,32,feature_use,2023-07-20
3807,32,login,2023-07-14
3808,32,upgrade_view,2023-01-14
3809,32,support_ticket,2024-05-18
3810,32,support_ticket,2024-03-01
3811,32,support_ticket,2024-01-18
3812,32,upgrade_view,2024-05-16
3813,32,login,2024-10-18
3814,32,login,2024-02-23
3815,32,support_ticket,2023-05-08
3816,32,feature_use,2024-08-02
3817,32,support_ticket,2023-07-18
3818,32,upgrade_view,2023-09-19
3819,32,support_ticket,2024-06-05
3820,32,upgrade_view,2024-10-12
3821,238,support_ticket,2023-03-01
3822,238,feature_use,2024-03-10
3823,238,support_ticket,2023-09-06
3824,238,upgrade_view,2023-02-05
3825,238,login,2024-10-08
3826,238,feature_use,2024-12-15
3827,238,support_ticket,2023-09-25
3828,238,feature_use,2024-11-28
3829,238,feature_use,2023-09-18
3830,238,feature_use,2024-09-08
3831,238,login,2023-01-13
3832,238,support_ticket,2023-04-05
3833,238,login,2024-02-12
3834,238,feature_use,2024-06-14
3835,238,feature_use,2024-03-09
3836,238,upgrade_view,2024-03-13
3837,238,upgrade_view,2024-12-09
3838,238,support_ticket,2024-05-27
3839,238,upgrade_view,2024-08-23
3840,238,login,2024-02-26
3841,238,upgrade_view,2023-04-22
3842,238,upgrade_view,2023-05-27
3843,238,support_ticket,2023-08-03
3844,238,upgrade_view,2024-12-16
3845,238,feature_use,2023-01-07
3846,238,login,2024-05-18
3847,238,login,2023-04-10
3848,364,support_ticket,2024-12-14
3849,364,support_ticket,2024-06-21
3850,364,upgrade_view,2024-11-01
3851,364,feature_use,2024-03-17
3852,364,upgrade_view,2023-06-30
3853,364,feature_use,2023-07-10
3854,364,support_ticket,2023-07-22
3855,364,login,2023-07-06
3856,364,feature_use,2024-04-06
3857,364,feature_use,2023-07-10
3858,364,feature_use,2023-03-02
3859,364,upgrade_view,2023-07-16
3860,364,support_ticket,2024-02-23
3861,364,login,2024-10-03
3862,364,feature_use,2024-10-13
3863,364,upgrade_view,2023-03-23
3864,364,support_ticket,2023-03-29
3865,364,upgrade_view,2023-05-08
3866,364,upgrade_view,2023-03-07
3867,364,feature_use,2023-01-31
3868,364,support_ticket,2024-05-04
3869,364,login,2024-11-19
3870,364,login,2023-01-10
3871,364,login,2023-09-30
3872,364,login,2024-11-12
3873,364,feature_use,2023-04-10
3874,364,login,2024-06-18
3875,364,upgrade_view,2024-01-20
3876,364,support_ticket,2024-05-12
3877,455,support_ticket,2023-12-12
3878,455,upgrade_view,2023-12-11
3879,455,upgrade_view,2024-11-29
3880,455,feature_use,2023-11-19
3881,455,support_ticket,2024-01-05
3882,455,login,2024-01-23
3883,455,upgrade_view,2023-12-31
3884,455,login,2023-04-13
3885,455,support_ticket,2024-04-12
3886,455,login,2023-05-23
3887,455,login,2024-09-08
3888,455,upgrade_view,2024-06-27
3889,455,feature_use,2024-12-17
3890,455,support_ticket,2024-01-13
3891,455,support_ticket,2024-09-25
3892,455,support_ticket,2024-06-11
3893,455,feature_use,2024-11-07
3894,455,upgrade_view,2023-01-04
3895,455,upgrade_view,2023-01-18
3896,455,upgrade_view,2023-02-16
3897,455,support_ticket,2024-11-25
3898,455,support_ticket,2023-08-28
3899,455,login,2024-02-14
3900,455,support_ticket,2023-12-23
3901,455,login,2024-05-02
3902,455,upgrade_view,2024-01-30
3903,455,feature_use,2024-09-13
3904,455,feature_use,2024-12-30
3905,455,login,2024-06-16
3906,332,login,2024-05-24
3907,332,support_ticket,2023-11-05
3908,332,support_ticket,2023-06-22
3909,332,support_ticket,2023-04-29
3910,332,feature_use,2024-11-09
3911,332,feature_use,2023-09-07
3912,332,login,2023-06-24
3913,332,support_ticket,2023-04-19
3914,332,feature_use,2023-01-30
3915,274,upgrade_view,2024-01-28
3916,274,upgrade_view,2023-08-14
3917,274,support_ticket,2024-11-12
3918,274,login,2024-11-17
3919,274,feature_use,2024-11-12
3920,274,support_ticket,2024-07-01
3921,274,upgrade_view,2023-04-03
3922,274,login,2023-08-18
3923,274,upgrade_view,2024-10-21
3924,274,support_ticket,2024-01-22
3925,274,support_ticket,2024-10-31
3926,274,feature_use,2023-08-27
3927,274,login,2023-09-23
3928,274,login,2023-10-25
3929,274,login,2023-04-25
3930,46,feature_use,2024-08-29
3931,46,upgrade_view,2023-04-29
3932,46,upgrade_view,2023-05-11
3933,46,login,2024-01-25
3934,46,login,2023-11-15
3935,46,feature_use,2024-08-27
3936,46,support_ticket,2024-02-02
3937,46,upgrade_view,2023-11-24
3938,46,feature_use,2024-11-26
3939,46,feature_use,2024-06-16
3940,46,support_ticket,2023-04-20
3941,46,support_ticket,2023-01-10
3942,46,feature_use,2023-11-20
3943,46,feature_use,2023-10-31
3944,46,support_ticket,2024-05-26
3945,188,upgrade_view,2024-09-07
3946,188,login,2023-05-30
3947,188,upgrade_view,2024-09-05
3948,188,login,2023-11-13
3949,188,support_ticket,2023-10-08
3950,188,feature_use,2024-10-08
3951,188,upgrade_view,2024-05-21
3952,188,support_ticket,2024-12-22
3953,188,upgrade_view,2023-03-02
3954,24,feature_use,2023-08-04
3955,24,login,2024-12-18
3956,24,support_ticket,2023-07-03
3957,24,upgrade_view,2024-02-06
3958,24,feature_use,2024-11-06
3959,24,support_ticket,2023-01-23
3960,24,support_ticket,2023-12-12
3961,24,support_ticket,2024-11-25
3962,24,support_ticket,2023-12-23
3963,231,upgrade_view,2023-03-15
3964,231,feature_use,2023-10-17
3965,231,support_ticket,2024-12-18
3966,231,feature_use,2023-04-10
3967,231,login,2023-11-28
3968,231,upgrade_view,2024-12-27
3969,231,feature_use,2024-04-13
3970,231,feature_use,2024-08-14
3971,231,support_ticket,2024-03-28
3972,231,feature_use,2023-10-26
3973,231,feature_use,2023-08-03
3974,231,login,2023-07-20
3975,231,login,2024-01-06
3976,231,feature_use,2024-11-25
3977,231,support_ticket,2024-01-21
3978,231,feature_use,2024-11-26
3979,231,login,2023-02-27
3980,444,feature_use,2024-04-30
3981,444,login,2023-02-23
3982,444,upgrade_view,2024-06-11
3983,444,support_ticket,2024-08-30
3984,444,support_ticket,2023-06-02
3985,444,login,2023-09-08
3986,444,feature_use,2023-05-02
3987,444,support_ticket,2024-02-11
3988,444,feature_use,2023-11-06
3989,444,support_ticket,2024-10-30
3990,444,login,2024-12-09
3991,444,support_ticket,2024-04-19
3992,444,support_ticket,2023-10-09
3993,444,login,2024-01-12
3994,444,login,2023-05-03
3995,444,login,2023-03-26
3996,399,feature_use,2024-10-18
3997,399,support_ticket,2023-01-24
3998,399,login,2023-10-08
3999,399,feature_use,2024-08-30
4000,399,support_ticket,2024-01-29
4001,399,support_ticket,2024-10-22
4002,399,feature_use,2023-11-02
4003,399,upgrade_view,2023-04-12
4004,399,feature_use,2023-03-07
4005,399,login,2024-02-20
4006,399,support_ticket,2024-02-08
4007,399,login,2023-03-07
4008,399,login,2023-08-01
4009,399,feature_use,2023-07-05
4010,399,support_ticket,2023-01-06
4011,399,login,2023-11-18
4012,399,feature_use,2023-02-10
4013,399,feature_use,2024-08-11
4014,399,feature_use,2024-10-30
4015,399,upgrade_view,2023-03-31
4016,411,login,2023-02-05
4017,411,upgrade_view,2023-05-08
4018,411,feature_use,2024-01-08
4019,411,login,2024-03-09
4020,411,upgrade_view,2023-09-12
4021,411,upgrade_view,2023-02-17
4022,411,support_ticket,2024-11-05
4023,411,support_ticket,2023-05-24
4024,411,upgrade_view,2024-12-12
4025,411,upgrade_view,2024-06-19
4026,411,feature_use,2024-09-12
4027,411,login,2024-12-05
4028,411,login,2024-11-09
4029,411,login,2023-08-31
4030,411,feature_use,2023-07-12
4031,411,feature_use,2023-11-03
4032,411,feature_use,2023-05-18
4033,411,upgrade_view,2024-08-28
4034,411,feature_use,2023-10-12
4035,411,support_ticket,2024-09-29
4036,411,upgrade_view,2023-03-18
4037,411,support_ticket,2023-09-24
4038,411,feature_use,2024-10-27
4039,411,support_ticket,2024-02-14
4040,411,upgrade_view,2023-03-27
4041,411,support_ticket,2024-11-23
4042,411,feature_use,2024-12-12
4043,411,feature_use,2024-07-02
4044,411,upgrade_view,2023-03-14
4045,284,feature_use,2024-12-14
4046,284,feature_use,2024-01-17
4047,284,feature_use,2024-03-05
4048,284,support_ticket,2023-11-20
4049,284,login,2024-01-24
4050,284,feature_use,2024-09-10
4051,284,upgrade_view,2023-03-21
4052,284,login,2023-05-08
4053,284,support_ticket,2024-12-01
4054,284,upgrade_view,2023-03-09
4055,284,login,2024-10-17
4056,284,upgrade_view,2024-01-07
4057,284,feature_use,2023-10-07
4058,284,upgrade_view,2023-08-20
4059,284,login,2023-01-11
4060,284,feature_use,2024-01-22
4061,284,login,2024-01-23
4062,284,feature_use,2023-05-07
4063,284,upgrade_view,2024-06-23
4064,284,support_ticket,2024-08-25
4065,284,upgrade_view,2023-04-08
4066,284,upgrade_view,2024-12-18
4067,284,upgrade_view,2024-07-18
4068,284,login,2024-09-14
4069,284,feature_use,2023-02-19
4070,346,feature_use,2024-02-03
4071,346,support_ticket,2023-12-20
4072,346,feature_use,2024-05-03
4073,346,login,2023-09-23
4074,346,feature_use,2024-12-04
4075,346,feature_use,2024-11-04
4076,346,support_ticket,2023-05-27
4077,346,upgrade_view,2024-08-04
4078,346,upgrade_view,2023-02-24
4079,346,feature_use,2024-12-25
4080,346,support_ticket,2024-11-25
4081,346,support_ticket,2024-12-24
4082,346,support_ticket,2023-07-07
4083,346,support_ticket,2023-12-29
4084,346,upgrade_view,2024-05-29
4085,42,feature_use,2024-03-14
4086,42,login,2023-11-09
4087,42,support_ticket,2023-11-09
4088,42,login,2023-11-17
4089,42,login,2024-10-11
4090,42,feature_use,2023-03-20
4091,42,feature_use,2023-04-06
4092,42,login,2024-08-12
4093,42,upgrade_view,2023-03-28
4094,42,support_ticket,2024-07-21
4095,42,support_ticket,2023-01-11
4096,42,feature_use,2024-11-24
4097,42,support_ticket,2024-05-06
4098,67,login,2024-12-02
4099,67,login,2024-02-20
4100,67,feature_use,2024-09-23
4101,67,support_ticket,2023-01-08
4102,67,upgrade_view,2024-12-20
4103,67,login,2023-09-08
4104,67,support_ticket,2024-09-13
4105,67,feature_use,2023-06-22
4106,67,login,2023-06-29
4107,67,feature_use,2024-01-11
4108,67,upgrade_view,2024-06-10
4109,67,support_ticket,2023-02-22
4110,67,support_ticket,2024-05-22
4111,67,upgrade_view,2023-06-24
4112,67,upgrade_view,2023-04-26
4113,67,feature_use,2024-11-26
4114,67,login,2024-07-06
4115,67,upgrade_view,2023-10-25
4116,67,upgrade_view,2024-05-09
4117,67,feature_use,2023-09-29
4118,67,support_ticket,2023-01-03
4119,396,login,2023-11-09
4120,396,support_ticket,2024-04-19
4121,396,upgrade_view,2023-02-28
4122,396,support_ticket,2023-01-07
4123,396,upgrade_view,2023-12-03
4124,396,login,2023-12-29
4125,396,upgrade_view,2023-01-06
4126,396,support_ticket,2023-07-10
4127,396,login,2023-12-30
4128,396,support_ticket,2023-04-14
4129,396,feature_use,2024-05-18
4130,357,feature_use,2024-06-25
4131,357,login,2024-02-25
4132,357,login,2024-05-14
4133,357,upgrade_view,2023-06-09
4134,357,support_ticket,2023-08-20
4135,357,upgrade_view,2024-02-09
4136,357,upgrade_view,2023-11-03
4137,7,upgrade_view,2023-07-06
4138,7,support_ticket,2023-04-22
4139,7,support_ticket,2024-11-03
4140,7,feature_use,2023-06-15
4141,7,support_ticket,2023-12-29
4142,7,upgrade_view,2023-01-06
4143,7,feature_use,2024-12-27
4144,7,feature_use,2023-04-24
4145,7,login,2023-10-19
4146,7,support_ticket,2023-05-17
4147,7,upgrade_view,2024-03-07
4148,7,feature_use,2023-02-02
4149,7,feature_use,2024-11-13
4150,7,upgrade_view,2024-05-05
4151,7,support_ticket,2023-05-02
4152,7,support_ticket,2024-05-15
4153,7,feature_use,2024-11-29
4154,7,support_ticket,2023-11-29
4155,481,feature_use,2024-02-03
4156,481,login,2023-04-23
4157,481,feature_use,2023-01-22
4158,481,upgrade_view,2023-06-09
4159,481,login,2024-05-27
4160,481,feature_use,2024-12-01
4161,481,upgrade_view,2023-02-23
4162,481,login,2024-03-15
4163,481,support_ticket,2024-03-20
4164,481,upgrade_view,2023-10-24
4165,481,login,2024-05-12
4166,481,feature_use,2024-03-15
4167,481,feature_use,2024-09-24
4168,481,feature_use,2024-06-07
4169,481,upgrade_view,2023-09-13
4170,481,upgrade_view,2023-04-28
4171,481,feature_use,2024-12-18
4172,481,support_ticket,2024-11-13
4173,481,support_ticket,2023-07-23
4174,481,login,2024-12-24
4175,481,feature_use,2024-12-18
4176,64,feature_use,2024-08-28
4177,64,login,2023-08-23
4178,64,support_ticket,2023-05-16
4179,64,upgrade_view,2023-02-09
4180,64,feature_use,2023-07-16
4181,64,login,2024-03-12
4182,64,feature_use,2024-09-23
4183,64,login,2023-04-04
4184,64,support_ticket,2024-01-25
4185,64,upgrade_view,2024-06-21
4186,64,feature_use,2024-12-17
4187,500,support_ticket,2023-12-11
4188,500,login,2024-05-05
4189,500,support_ticket,2024-06-06
4190,500,login,2024-10-21
4191,500,login,2023-11-08
4192,500,upgrade_view,2023-10-03
4193,500,upgrade_view,2023-10-15
4194,500,support_ticket,2024-12-29
4195,500,upgrade_view,2023-09-10
4196,500,feature_use,2023-02-18
4197,500,login,2023-02-11
4198,500,upgrade_view,2023-02-23
4199,350,support_ticket,2023-10-20
4200,350,login,2023-10-14
4201,350,feature_use,2024-03-17
4202,350,support_ticket,2023-09-16
4203,350,upgrade_view,2024-01-08
4204,350,login,2023-11-08
4205,350,login,2023-04-10
4206,350,feature_use,2024-11-30
4207,350,upgrade_view,2023-12-06
4208,350,upgrade_view,2024-01-06
4209,350,upgrade_view,2023-09-01
4210,462,support_ticket,2024-08-21
4211,462,login,2023-03-31
4212,462,login,2023-05-14
4213,462,feature_use,2023-02-12
4214,462,support_ticket,2023-07-17
4215,462,login,2023-04-12
4216,462,upgrade_view,2024-07-13
4217,462,support_ticket,2023-11-05
4218,462,feature_use,2023-07-26
4219,462,feature_use,2023-02-14
4220,462,support_ticket,2023-07-16
4221,430,upgrade_view,2024-12-29
4222,430,upgrade_view,2024-07-27
4223,430,support_ticket,2024-01-10
4224,430,login,2024-10-06
4225,430,login,2024-03-22
4226,430,support_ticket,2024-05-09
4227,430,login,2024-06-20
4228,430,upgrade_view,2023-06-20
4229,430,feature_use,2024-12-14
4230,430,login,2023-10-24
4231,430,login,2024-08-02
4232,430,feature_use,2024-12-11
4233,430,support_ticket,2024-02-12
4234,430,login,2024-12-02
4235,430,support_ticket,2023-06-19
4236,430,support_ticket,2024-06-05
4237,430,support_ticket,2024-07-29
4238,430,upgrade_view,2024-02-15
4239,430,feature_use,2023-07-31
4240,430,feature_use,2023-01-04
4241,430,feature_use,2024-08-08
4242,430,login,2024-08-29
4243,78,support_ticket,2024-06-09
4244,78,upgrade_view,2024-05-30
4245,78,feature_use,2023-11-07
4246,78,upgrade_view,2023-10-31
4247,78,login,2024-07-19
4248,78,feature_use,2023-06-25
4249,78,feature_use,2023-02-16
4250,78,login,2023-10-26
4251,78,feature_use,2024-10-16
4252,78,feature_use,2023-10-12
4253,78,login,2023-10-04
4254,78,feature_use,2024-10-19
4255,78,login,2023-08-04
4256,78,upgrade_view,2023-01-02
4257,78,upgrade_view,2024-10-09
4258,78,login,2023-11-29
4259,78,upgrade_view,2024-12-23
4260,78,support_ticket,2023-05-17
4261,78,upgrade_view,2024-09-18
4262,78,login,2023-11-29
4263,78,login,2024-10-02
4264,78,feature_use,2023-12-31
4265,78,feature_use,2023-10-14
4266,78,login,2023-09-20
4267,78,login,2024-07-04
4268,78,support_ticket,2024-12-05
4269,78,upgrade_view,2024-10-31
4270,78,feature_use,2024-10-03
4271,78,feature_use,2024-03-28
4272,78,upgrade_view,2023-11-29
4273,201,support_ticket,2024-08-18
4274,201,support_ticket,2023-06-09
4275,201,support_ticket,2023-08-26
4276,201,feature_use,2024-01-13
4277,201,login,2024-05-05
4278,201,feature_use,2024-05-22
4279,201,feature_use,2024-04-15
4280,201,feature_use,2023-06-30
4281,201,support_ticket,2024-08-06
4282,201,upgrade_view,2023-07-04
4283,201,upgrade_view,2023-01-22
4284,138,support_ticket,2023-07-01
4285,138,feature_use,2024-12-04
4286,138,feature_use,2023-03-13
4287,138,support_ticket,2023-03-15
4288,138,support_ticket,2023-09-09
4289,138,support_ticket,2024-10-22
4290,138,feature_use,2023-04-13
4291,138,login,2023-01-13
4292,138,support_ticket,2024-01-22
4293,138,login,2023-01-22
4294,11,login,2024-10-21
4295,11,feature_use,2023-05-16
4296,11,upgrade_view,2023-03-27
4297,11,login,2023-05-27
4298,11,login,2023-01-10
4299,160,login,2023-12-13
4300,160,feature_use,2023-07-27
4301,160,support_ticket,2024-05-06
4302,160,upgrade_view,2023-06-17
4303,160,support_ticket,2023-12-06
4304,160,feature_use,2023-06-08
4305,160,upgrade_view,2023-02-27
4306,160,login,2024-10-04
4307,160,login,2023-01-22
4308,160,upgrade_view,2023-04-16
4309,160,support_ticket,2023-04-16
4310,160,login,2023-05-26
4311,160,login,2023-08-18
4312,160,support_ticket,2023-08-21
4313,160,feature_use,2024-01-30
4314,160,upgrade_view,2023-12-28
4315,160,support_ticket,2023-08-20
4316,160,login,2024-12-04
4317,160,feature_use,2024-05-18
4318,160,feature_use,2023-04-23
4319,160,upgrade_view,2023-04-15
4320,160,login,2024-01-01
4321,371,login,2023-12-08
4322,371,login,2024-01-05
4323,371,feature_use,2023-02-14
4324,371,support_ticket,2023-07-02
4325,371,upgrade_view,2024-06-27
4326,371,feature_use,2024-09-06
4327,371,support_ticket,2024-11-26
4328,371,upgrade_view,2023-06-03
4329,371,upgrade_view,2024-10-01
4330,371,login,2023-12-23
4331,371,support_ticket,2023-10-05
4332,371,upgrade_view,2024-11-08
4333,371,login,2023-09-29
4334,371,feature_use,2023-01-03
4335,371,feature_use,2024-11-02
4336,371,feature_use,2023-11-24
4337,371,support_ticket,2024-02-04
4338,371,login,2024-05-04
4339,371,support_ticket,2023-04-26
4340,371,feature_use,2023-10-13
4341,371,upgrade_view,2023-04-03
4342,371,feature_use,2023-05-11
4343,371,upgrade_view,2024-01-30
4344,371,support_ticket,2023-11-23
4345,362,support_ticket,2024-05-07
4346,362,upgrade_view,2024-09-08
4347,362,feature_use,2023-05-22
4348,362,support_ticket,2024-01-28
4349,362,support_ticket,2024-07-16
4350,362,support_ticket,2024-07-05
4351,362,feature_use,2024-06-29
4352,362,login,2024-01-29
4353,362,support_ticket,2024-08-17
4354,362,feature_use,2024-06-23
4355,362,login,2024-12-20
4356,362,upgrade_view,2023-08-29
4357,362,feature_use,2023-01-03
4358,362,upgrade_view,2023-01-18
4359,362,support_ticket,2024-07-25
4360,362,login,2023-05-17
4361,362,upgrade_view,2023-03-03
4362,362,feature_use,2024-01-05
4363,163,feature_use,2024-04-16
4364,163,support_ticket,2024-07-18
4365,163,feature_use,2023-09-06
4366,163,login,2023-08-18
4367,163,login,2023-05-22
4368,163,feature_use,2024-12-13
4369,163,login,2024-01-22
4370,163,support_ticket,2024-12-13
4371,163,login,2024-01-16
4372,163,login,2024-12-19
4373,163,login,2024-11-09
4374,163,feature_use,2024-05-03
4375,163,feature_use,2023-01-31
4376,163,feature_use,2024-01-10
4377,491,login,2023-09-08
4378,491,support_ticket,2023-01-13
4379,491,feature_use,2023-06-03
4380,491,feature_use,2024-04-26
4381,491,upgrade_view,2024-06-24
4382,491,support_ticket,2024-04-26
4383,491,support_ticket,2023-12-12
4384,150,login,2024-10-22
4385,150,login,2023-10-21
4386,150,login,2023-06-09
4387,150,login,2024-10-19
4388,150,feature_use,2024-09-10
4389,150,feature_use,2024-05-30
4390,150,support_ticket,2023-01-12
4391,150,support_ticket,2024-03-09
4392,150,upgrade_view,2024-07-21
4393,150,upgrade_view,2024-08-08
4394,150,feature_use,2024-12-27
4395,150,feature_use,2024-03-09
4396,150,login,2023-10-06
4397,150,support_ticket,2024-06-18
4398,150,feature_use,2023-05-09
4399,150,login,2024-02-15
4400,150,support_ticket,2023-08-13
4401,150,login,2023-07-08
4402,150,support_ticket,2024-12-10
4403,150,upgrade_view,2024-05-03
4404,150,support_ticket,2024-10-30
4405,150,feature_use,2024-01-25
4406,150,upgrade_view,2023-02-25
4407,150,support_ticket,2024-10-24
4408,150,upgrade_view,2023-07-19
4409,150,login,2023-04-22
4410,150,upgrade_view,2023-03-21
4411,150,upgrade_view,2024-09-09
4412,150,feature_use,2023-01-29
4413,150,feature_use,2023-10-16
4414,149,login,2023-04-20
4415,149,login,2023-08-05
4416,149,feature_use,2023-11-13
4417,149,feature_use,2024-07-18
4418,149,login,2024-10-15
4419,149,upgrade_view,2023-09-04
4420,149,login,2023-03-29
4421,149,support_ticket,2024-07-31
4422,149,login,2023-02-16
4423,149,login,2023-11-19
4424,149,login,2023-11-13
4425,149,upgrade_view,2024-01-01
4426,149,feature_use,2024-02-12
4427,149,support_ticket,2023-11-19
4428,149,feature_use,2023-12-31
4429,149,login,2024-12-20
4430,149,support_ticket,2023-12-06
4431,149,login,2024-05-30
4432,149,feature_use,2024-05-29
4433,149,support_ticket,2023-01-25
4434,149,login,2024-05-03
4435,149,feature_use,2023-10-25
4436,429,support_ticket,2024-11-29
4437,429,login,2023-03-22
4438,429,feature_use,2023-08-26
4439,429,feature_use,2024-11-28
4440,429,upgrade_view,2023-06-14
4441,429,feature_use,2024-04-03
4442,429,upgrade_view,2023-12-14
4443,429,support_ticket,2024-01-04
4444,429,support_ticket,2023-02-10
4445,400,login,2023-08-02
4446,400,support_ticket,2023-06-06
4447,400,login,2023-04-10
4448,400,upgrade_view,2023-05-27
4449,400,login,2024-07-14
4450,400,login,2024-05-25
4451,400,upgrade_view,2024-04-10
4452,400,upgrade_view,2023-06-23
4453,400,login,2023-06-15
4454,400,upgrade_view,2023-10-14
4455,400,login,2023-12-28
4456,400,feature_use,2023-03-14
4457,226,upgrade_view,2024-04-16
4458,226,upgrade_view,2024-04-29
4459,226,feature_use,2024-03-28
4460,226,support_ticket,2023-05-07
4461,226,upgrade_view,2023-02-10
4462,226,support_ticket,2023-10-21
4463,226,feature_use,2024-02-23
4464,226,upgrade_view,2024-03-27
4465,226,upgrade_view,2024-06-08
4466,226,login,2024-01-18
4467,226,support_ticket,2024-11-29
4468,226,support_ticket,2024-06-02
4469,226,login,2023-09-27
4470,226,login,2024-09-27
4471,226,login,2023-09-08
4472,226,login,2023-06-08
4473,226,support_ticket,2023-10-25
4474,226,support_ticket,2023-06-12
4475,226,feature_use,2023-03-16
4476,226,support_ticket,2024-02-02
4477,226,login,2024-11-16
4478,226,support_ticket,2023-12-24
4479,226,support_ticket,2024-04-24
4480,226,login,2023-04-22
4481,226,login,2023-07-04
4482,226,support_ticket,2024-02-11
4483,226,support_ticket,2023-07-24
4484,307,upgrade_view,2023-03-08
4485,307,support_ticket,2023-12-17
4486,307,support_ticket,2023-08-06
4487,307,upgrade_view,2023-04-28
4488,307,login,2024-04-10
4489,307,feature_use,2024-07-12
4490,307,feature_use,2024-04-26
4491,307,feature_use,2024-10-17
4492,307,login,2023-11-24
4493,307,support_ticket,2024-09-07
4494,307,upgrade_view,2023-03-05
4495,307,support_ticket,2024-03-16
4496,307,login,2023-08-07
4497,307,login,2023-08-05
4498,307,support_ticket,2024-12-01
4499,383,feature_use,2023-09-16
4500,383,feature_use,2023-03-27
4501,383,upgrade_view,2023-03-12
4502,383,login,2024-02-19
4503,383,support_ticket,2023-11-02
4504,383,feature_use,2024-03-05
4505,383,upgrade_view,2024-11-16
4506,383,login,2023-07-08
4507,383,support_ticket,2023-04-05
4508,383,upgrade_view,2023-12-17
4509,383,feature_use,2023-06-18
4510,383,support_ticket,2023-12-24
4511,383,support_ticket,2024-05-08
4512,433,feature_use,2024-12-06
4513,433,support_ticket,2024-12-14
4514,433,support_ticket,2023-12-30
4515,433,feature_use,2023-01-11
4516,433,feature_use,2023-03-21
4517,433,upgrade_view,2023-11-28
4518,433,feature_use,2023-01-15
4519,433,feature_use,2024-04-14
4520,433,upgrade_view,2024-05-26
4521,433,support_ticket,2023-04-27
4522,433,login,2023-09-27
4523,433,feature_use,2024-04-06
4524,433,support_ticket,2024-10-11
4525,433,login,2024-10-16
4526,433,feature_use,2023-02-07
4527,433,support_ticket,2023-07-12
4528,433,feature_use,2024-12-14
4529,433,support_ticket,2024-09-07
4530,433,upgrade_view,2023-08-10
4531,433,feature_use,2023-08-03
4532,433,login,2024-11-26
4533,433,upgrade_view,2024-01-15
4534,456,upgrade_view,2023-11-06
4535,456,login,2024-05-29
4536,456,support_ticket,2024-12-17
4537,456,support_ticket,2024-10-26
4538,456,support_ticket,2024-02-28
4539,470,support_ticket,2023-12-27
4540,470,upgrade_view,2024-06-19
4541,470,feature_use,2023-04-27
4542,470,support_ticket,2024-04-14
4543,470,feature_use,2024-01-18
4544,470,feature_use,2024-07-20
4545,470,support_ticket,2024-07-09
4546,470,upgrade_view,2024-01-26
4547,470,support_ticket,2024-11-06
4548,470,upgrade_view,2024-10-11
4549,470,login,2024-12-19
4550,470,login,2023-03-31
4551,470,login,2023-04-02
4552,470,support_ticket,2024-09-23
4553,470,support_ticket,2023-04-17
4554,470,login,2024-09-30
4555,164,login,2024-03-30
4556,164,upgrade_view,2024-11-14
4557,164,feature_use,2024-03-06
4558,164,support_ticket,2023-08-17
4559,164,support_ticket,2024-07-18
4560,164,feature_use,2023-04-28
4561,164,login,2024-04-25
4562,164,support_ticket,2023-12-26
4563,164,support_ticket,2024-02-27
4564,164,upgrade_view,2023-01-08
4565,164,upgrade_view,2023-08-18
4566,164,upgrade_view,2023-10-02
4567,164,support_ticket,2023-11-11
4568,164,feature_use,2024-11-20
4569,164,support_ticket,2023-01-05
4570,164,login,2023-02-03
4571,164,feature_use,2023-01-27
4572,164,upgrade_view,2024-01-19
4573,164,feature_use,2023-12-10
4574,164,support_ticket,2024-08-08
4575,164,support_ticket,2023-09-05
4576,164,support_ticket,2023-07-17
4577,164,support_ticket,2023-02-22
4578,164,support_ticket,2023-05-12
4579,164,support_ticket,2023-06-27
4580,313,feature_use,2024-06-13
4581,313,feature_use,2024-03-23
4582,313,feature_use,2023-04-12
4583,313,login,2024-05-31
4584,313,support_ticket,2024-10-08
4585,313,upgrade_view,2024-10-04
4586,313,feature_use,2024-07-20
4587,313,feature_use,2023-11-27
4588,313,login,2023-04-06
4589,313,support_ticket,2023-01-27
4590,313,feature_use,2023-01-12
4591,313,login,2023-01-29
4592,313,support_ticket,2024-08-08
4593,313,feature_use,2023-01-26
4594,313,upgrade_view,2024-04-09
4595,202,feature_use,2023-09-03
4596,202,feature_use,2023-11-01
4597,202,feature_use,2024-07-02
4598,202,upgrade_view,2024-01-23
4599,202,login,2024-11-06
4600,202,login,2023-10-09
4601,202,login,2023-05-28
4602,202,login,2024-10-15
4603,202,support_ticket,2023-04-24
4604,202,login,2024-09-02
4605,167,upgrade_view,2023-05-26
4606,167,feature_use,2023-09-26
4607,167,login,2023-04-06
4608,167,upgrade_view,2024-05-21
4609,167,support_ticket,2023-08-01
4610,167,support_ticket,2023-04-14
4611,167,support_ticket,2023-01-23
4612,167,support_ticket,2023-03-17
4613,60,feature_use,2023-03-20
4614,60,support_ticket,2024-12-04
4615,60,upgrade_view,2024-01-20
4616,60,support_ticket,2024-10-10
4617,60,feature_use,2023-06-14
4618,60,login,2023-11-02
4619,60,login,2023-07-02
4620,60,upgrade_view,2023-05-01
4621,60,support_ticket,2023-12-22
4622,60,login,2024-09-20
4623,60,upgrade_view,2023-06-12
4624,60,feature_use,2023-05-05
4625,60,login,2024-09-12
4626,60,login,2024-07-02
4627,60,feature_use,2024-06-14
4628,60,upgrade_view,2023-08-10
4629,60,feature_use,2023-04-28
4630,60,upgrade_view,2023-01-31
4631,60,feature_use,2023-05-22
4632,60,feature_use,2023-03-27
4633,60,upgrade_view,2023-10-02
4634,60,feature_use,2024-05-08
4635,60,upgrade_view,2023-04-05
4636,60,upgrade_view,2024-12-26
4637,60,support_ticket,2024-04-23
4638,100,support_ticket,2024-06-08
4639,100,upgrade_view,2023-07-17
4640,100,feature_use,2023-06-27
4641,100,upgrade_view,2024-12-04
4642,100,login,2024-02-07
4643,100,upgrade_view,2024-08-20
4644,100,feature_use,2023-06-19
4645,100,support_ticket,2024-05-14
4646,100,support_ticket,2024-04-01
4647,100,upgrade_view,2024-09-02
4648,100,login,2023-11-23
4649,100,support_ticket,2024-09-13
4650,100,feature_use,2024-03-15
4651,100,upgrade_view,2024-08-03
4652,100,login,2024-01-18
4653,100,feature_use,2024-04-05
4654,100,upgrade_view,2023-02-04
4655,100,support_ticket,2024-08-23
4656,385,upgrade_view,2024-09-10
4657,385,login,2024-02-12
4658,385,feature_use,2023-04-28
4659,385,support_ticket,2023-11-27
4660,385,upgrade_view,2023-07-10
4661,385,login,2023-09-09
4662,385,upgrade_view,2023-08-09
4663,385,feature_use,2024-01-16
4664,385,login,2023-11-18
4665,385,upgrade_view,2023-01-10
4666,385,login,2024-12-05
4667,385,feature_use,2023-12-03
4668,385,upgrade_view,2024-04-21
4669,385,login,2023-08-27
4670,333,feature_use,2023-10-18
4671,333,feature_use,2024-06-23
4672,333,upgrade_view,2023-04-16
4673,333,login,2024-09-14
4674,333,support_ticket,2024-08-10
4675,333,support_ticket,2024-11-29
4676,333,upgrade_view,2023-11-22
4677,333,feature_use,2023-07-22
4678,333,support_ticket,2023-02-20
4679,333,login,2024-05-25
4680,333,support_ticket,2023-10-09
4681,333,login,2023-05-03
4682,333,feature_use,2024-04-08
4683,333,upgrade_view,2024-09-07
4684,333,support_ticket,2024-08-28
4685,333,login,2023-08-31
4686,333,login,2023-10-19
4687,50,login,2024-08-12
4688,50,upgrade_view,2024-04-17
4689,50,support_ticket,2023-05-15
4690,50,login,2023-02-07
4691,50,login,2023-12-12
4692,50,support_ticket,2023-03-13
4693,50,support_ticket,2023-04-08
4694,50,upgrade_view,2023-11-05
4695,50,upgrade_view,2023-11-21
4696,50,login,2024-02-14
4697,50,upgrade_view,2024-07-23
4698,50,login,2024-05-20
4699,50,upgrade_view,2024-02-07
4700,50,support_ticket,2024-12-14
4701,50,login,2024-05-20
4702,50,login,2024-01-18
4703,50,feature_use,2023-01-30
4704,50,login,2023-02-18
4705,50,login,2023-05-23
4706,50,support_ticket,2023-11-27
4707,50,feature_use,2023-08-20
4708,50,feature_use,2023-04-01
4709,50,login,2024-01-13
4710,50,login,2024-12-05
4711,50,login,2023-09-23
4712,68,upgrade_view,2023-02-19
4713,68,upgrade_view,2023-03-18
4714,68,support_ticket,2023-12-04
4715,68,feature_use,2023-10-04
4716,68,support_ticket,2023-05-22
4717,68,feature_use,2023-05-03
4718,68,feature_use,2023-11-23
4719,68,support_ticket,2024-08-21
4720,351,login,2024-04-02
4721,351,feature_use,2024-06-18
4722,351,support_ticket,2024-08-14
4723,351,support_ticket,2024-11-08
4724,351,upgrade_view,2023-10-15
4725,351,feature_use,2024-05-09
4726,351,upgrade_view,2023-04-05
4727,351,login,2023-10-31
4728,351,feature_use,2023-12-28
4729,351,feature_use,2024-11-06
4730,351,login,2024-12-12
4731,351,support_ticket,2023-03-18
4732,351,feature_use,2023-03-03
4733,351,feature_use,2023-01-14
4734,351,support_ticket,2024-04-24
4735,351,support_ticket,2023-07-12
4736,351,upgrade_view,2023-04-18
4737,351,upgrade_view,2023-08-02
4738,351,support_ticket,2023-11-16
4739,351,feature_use,2024-11-02
4740,351,login,2024-05-31
4741,351,feature_use,2023-05-14
4742,351,support_ticket,2024-01-08
4743,351,feature_use,2024-04-08
4744,351,feature_use,2024-02-14
4745,49,support_ticket,2023-10-12
4746,49,upgrade_view,2023-06-18
4747,49,login,2024-08-14
4748,49,support_ticket,2023-05-31
4749,49,login,2023-04-20
4750,49,login,2023-09-04
4751,49,feature_use,2024-04-16
4752,208,support_ticket,2023-01-30
4753,208,support_ticket,2024-11-08
4754,208,upgrade_view,2023-12-27
4755,208,login,2023-05-02
4756,208,support_ticket,2023-12-29
4757,208,feature_use,2023-08-06
4758,208,support_ticket,2024-02-11
4759,208,upgrade_view,2024-06-04
4760,208,support_ticket,2023-02-24
4761,208,upgrade_view,2023-10-07
4762,208,login,2023-04-11
4763,208,support_ticket,2024-10-26
4764,208,feature_use,2024-03-08
4765,152,support_ticket,2023-07-13
4766,152,upgrade_view,2023-06-30
4767,152,support_ticket,2024-06-26
4768,152,support_ticket,2024-06-15
4769,152,login,2023-04-22
4770,152,feature_use,2024-10-23
4771,152,feature_use,2023-04-24
4772,152,login,2023-04-28
4773,152,upgrade_view,2023-02-06
4774,152,login,2023-09-02
4775,152,login,2024-06-28
4776,152,feature_use,2023-10-10
4777,152,support_ticket,2024-09-27
4778,152,support_ticket,2024-02-06
4779,72,upgrade_view,2023-08-14
4780,72,feature_use,2024-05-22
4781,72,feature_use,2023-06-25
4782,72,upgrade_view,2023-12-22
4783,72,upgrade_view,2024-12-23
4784,72,login,2023-01-04
4785,72,support_ticket,2023-07-09
4786,72,feature_use,2023-11-09
4787,170,login,2023-11-19
4788,170,feature_use,2023-06-20
4789,170,support_ticket,2023-12-07
4790,170,login,2023-05-26
4791,170,support_ticket,2024-11-13
4792,170,upgrade_view,2024-03-14
4793,170,feature_use,2023-01-22
4794,170,login,2023-09-28
4795,170,login,2023-06-24
4796,170,upgrade_view,2024-08-31
4797,125,login,2024-08-20
4798,125,feature_use,2024-05-15
4799,125,login,2024-04-28
4800,125,login,2023-02-16
4801,125,upgrade_view,2024-08-03
4802,125,feature_use,2023-08-22
4803,125,login,2023-05-31
4804,125,upgrade_view,2023-04-13
4805,125,support_ticket,2023-12-10
4806,125,upgrade_view,2024-05-17
4807,125,upgrade_view,2024-07-12
4808,125,support_ticket,2024-11-10
4809,125,upgrade_view,2023-09-17
4810,125,login,2024-04-14
4811,125,upgrade_view,2023-12-28
4812,125,upgrade_view,2024-12-28
4813,125,support_ticket,2024-06-14
4814,125,upgrade_view,2023-04-26
4815,125,login,2024-12-03
4816,125,support_ticket,2023-06-01
4817,121,feature_use,2024-11-06
4818,121,support_ticket,2024-01-01
4819,121,feature_use,2023-02-01
4820,121,support_ticket,2024-08-14
4821,121,feature_use,2024-01-04
4822,121,feature_use,2023-04-02
4823,121,login,2024-01-22
4824,121,support_ticket,2023-10-08
4825,121,feature_use,2024-06-23
4826,121,upgrade_view,2023-09-29
4827,121,support_ticket,2023-12-06
4828,121,support_ticket,2024-08-26
4829,10,feature_use,2023-11-13
4830,10,upgrade_view,2023-02-12
4831,10,login,2024-09-19
4832,10,support_ticket,2024-03-19
4833,10,upgrade_view,2024-08-03
4834,10,login,2023-10-23
4835,10,support_ticket,2023-01-09
4836,10,feature_use,2024-12-02
4837,10,feature_use,2024-04-22
4838,10,upgrade_view,2024-06-19
4839,10,feature_use,2024-09-30
4840,10,support_ticket,2023-11-07
4841,10,login,2023-10-23
4842,329,login,2023-10-29
4843,329,login,2024-04-09
4844,329,upgrade_view,2023-08-11
4845,329,login,2024-08-30
4846,329,support_ticket,2023-02-24
4847,329,login,2023-11-10
4848,329,upgrade_view,2024-03-16
4849,329,login,2024-11-07
4850,329,upgrade_view,2023-02-21
4851,329,upgrade_view,2023-05-22
4852,329,feature_use,2023-10-18
4853,329,upgrade_view,2023-03-30
4854,329,feature_use,2023-05-27
4855,329,login,2024-03-18
4856,329,feature_use,2023-10-25
4857,329,support_ticket,2023-02-02
4858,329,feature_use,2023-12-30
4859,329,support_ticket,2024-11-25
4860,329,support_ticket,2024-03-08
4861,329,upgrade_view,2023-04-11
4862,329,upgrade_view,2023-11-06
4863,329,support_ticket,2023-06-27
4864,329,upgrade_view,2024-11-26
4865,329,feature_use,2024-08-15
4866,329,feature_use,2024-11-30
4867,329,feature_use,2023-09-14
4868,329,feature_use,2024-03-02
4869,329,upgrade_view,2023-11-05
4870,329,upgrade_view,2023-03-29
4871,329,support_ticket,2024-08-03
4872,9,support_ticket,2023-07-07
4873,9,login,2024-03-23
4874,9,support_ticket,2023-05-22
4875,9,upgrade_view,2024-12-11
4876,9,upgrade_view,2024-05-30
4877,9,upgrade_view,2024-04-24
4878,9,support_ticket,2024-03-13
4879,9,support_ticket,2024-03-06
4880,9,login,2024-04-17
4881,9,login,2024-07-26
4882,9,login,2024-03-07
4883,9,upgrade_view,2023-05-24
4884,9,upgrade_view,2023-09-06
4885,9,upgrade_view,2023-05-11
4886,9,support_ticket,2023-02-24
4887,9,support_ticket,2023-05-09
4888,9,login,2024-11-17
4889,9,support_ticket,2024-04-18
4890,9,login,2023-02-25
4891,9,upgrade_view,2023-02-26
4892,9,login,2024-10-27
4893,9,login,2023-12-08
4894,423,support_ticket,2024-08-02
4895,423,upgrade_view,2024-12-08
4896,423,login,2023-03-04
4897,423,login,2024-08-21
4898,423,feature_use,2024-12-19
4899,423,feature_use,2024-06-12
4900,423,support_ticket,2024-07-29
4901,423,feature_use,2023-05-20
4902,423,feature_use,2024-11-22
4903,423,upgrade_view,2023-11-05
4904,423,support_ticket,2023-01-07
4905,423,feature_use,2024-09-30
4906,423,login,2023-04-28
4907,423,feature_use,2023-01-01
4908,492,login,2023-05-04
4909,492,feature_use,2023-09-11
4910,492,support_ticket,2023-04-17
4911,492,support_ticket,2023-01-26
4912,492,login,2024-02-05
4913,492,upgrade_view,2023-05-05
4914,492,support_ticket,2024-02-19
4915,492,feature_use,2023-07-08
4916,492,upgrade_view,2024-07-13
4917,492,support_ticket,2024-09-19
4918,492,login,2024-11-04
4919,492,feature_use,2024-03-18
4920,492,login,2024-10-13
4921,492,feature_use,2023-07-09
4922,492,feature_use,2024-11-04
4923,492,feature_use,2023-06-24
4924,492,support_ticket,2024-05-02
4925,492,upgrade_view,2023-10-24
4926,492,login,2024-11-14
4927,492,support_ticket,2024-08-25
4928,492,upgrade_view,2024-01-12
4929,492,support_ticket,2024-02-05
4930,492,login,2024-12-15
4931,492,support_ticket,2024-04-20
4932,214,login,2023-06-01
4933,214,support_ticket,2023-10-18
4934,214,support_ticket,2023-05-04
4935,214,upgrade_view,2023-01-12
4936,214,support_ticket,2023-02-04
4937,214,upgrade_view,2023-02-13
4938,214,support_ticket,2023-05-23
4939,214,upgrade_view,2024-04-14
4940,214,feature_use,2023-01-10
4941,214,feature_use,2024-01-02
4942,214,support_ticket,2023-12-24
4943,214,login,2024-06-09
4944,214,feature_use,2023-06-28
4945,214,upgrade_view,2023-12-27
4946,214,feature_use,2024-04-15
4947,214,upgrade_view,2023-10-13
4948,214,login,2024-02-08
4949,214,support_ticket,2024-10-22
4950,327,feature_use,2024-04-28
4951,327,upgrade_view,2024-08-12
4952,327,upgrade_view,2023-05-13
4953,327,upgrade_view,2024-08-25
4954,327,support_ticket,2024-08-21
4955,327,login,2023-03-11
4956,327,feature_use,2023-01-31
4957,327,login,2023-08-26
4958,327,login,2024-11-12
4959,327,support_ticket,2024-05-26
4960,327,feature_use,2023-11-28
4961,327,login,2023-08-31
4962,327,support_ticket,2023-06-28
4963,327,login,2024-03-06
4964,327,upgrade_view,2023-03-05
4965,327,login,2023-04-28
4966,327,support_ticket,2023-03-16
4967,118,login,2024-01-19
4968,118,upgrade_view,2023-06-28
4969,118,support_ticket,2023-04-21
4970,118,feature_use,2024-01-22
4971,118,feature_use,2024-10-14
4972,118,upgrade_view,2023-07-20
4973,118,support_ticket,2024-05-17
4974,118,upgrade_view,2024-11-26
4975,118,feature_use,2023-08-19
4976,118,support_ticket,2023-06-15
4977,118,feature_use,2024-06-25
4978,118,login,2023-03-30
4979,118,login,2024-10-06
4980,118,login,2023-07-28
4981,118,login,2023-05-24
4982,118,support_ticket,2024-01-04
4983,118,login,2024-08-04
4984,118,feature_use,2023-12-15
4985,118,support_ticket,2024-11-29
4986,118,feature_use,2023-07-14
4987,118,support_ticket,2024-08-07
4988,118,upgrade_view,2024-05-27
4989,118,feature_use,2024-01-01
4990,118,support_ticket,2023-03-10
4991,118,support_ticket,2024-03-13
4992,118,login,2023-03-14
4993,118,upgrade_view,2023-05-11
4994,118,login,2023-04-14
4995,118,feature_use,2024-05-25
4996,441,upgrade_view,2024-09-07
4997,441,feature_use,2023-01-24
4998,441,upgrade_view,2023-10-24
4999,441,upgrade_view,2024-02-04
5000,441,feature_use,2023-03-11
5001,441,login,2023-10-22
5002,47,feature_use,2024-08-12
5003,47,upgrade_view,2024-06-14
5004,47,login,2024-02-13
5005,47,login,2024-07-13
5006,47,support_ticket,2024-08-19
5007,47,login,2023-09-27
5008,47,upgrade_view,2023-02-03
5009,47,upgrade_view,2024-03-07
5010,47,upgrade_view,2023-07-25
5011,47,feature_use,2023-03-02
5012,47,upgrade_view,2023-07-29
5013,47,login,2024-11-10
5014,47,support_ticket,2023-08-30
5015,47,login,2023-03-16
5016,47,login,2023-12-21
5017,47,login,2024-03-02
5018,47,support_ticket,2024-07-18
5019,47,upgrade_view,2023-05-13
5020,47,login,2023-02-12
5021,47,support_ticket,2023-02-06
5022,47,feature_use,2024-06-03
5023,47,upgrade_view,2024-10-27
5024,173,upgrade_view,2024-05-04
5025,173,login,2023-08-22
5026,173,login,2023-02-26
5027,173,support_ticket,2023-07-20
5028,173,login,2024-11-29
5029,173,support_ticket,2024-07-19
5030,173,support_ticket,2023-02-23
5031,173,feature_use,2024-01-22
5032,173,support_ticket,2024-03-16
5033,173,feature_use,2024-07-16
5034,173,support_ticket,2023-04-29
5035,173,upgrade_view,2023-05-01
5036,173,feature_use,2023-12-27
5037,173,support_ticket,2023-12-18
5038,173,feature_use,2023-03-01
5039,173,login,2023-08-26
5040,173,login,2024-08-25
5041,173,support_ticket,2023-08-21
5042,172,login,2024-07-03
5043,172,feature_use,2023-01-16
5044,172,login,2023-02-28
5045,172,feature_use,2023-02-28
5046,172,feature_use,2024-03-25
5047,172,login,2023-10-17
5048,172,upgrade_view,2023-11-18
5049,172,feature_use,2024-09-08
5050,172,feature_use,2023-10-27
5051,172,support_ticket,2024-09-12
5052,172,login,2024-05-05
5053,172,login,2024-11-03
5054,172,upgrade_view,2023-03-20
5055,172,feature_use,2024-07-10
5056,172,upgrade_view,2024-05-21
5057,172,support_ticket,2023-08-14
5058,172,upgrade_view,2024-12-31
5059,172,upgrade_view,2024-01-11
5060,172,feature_use,2024-10-31
5061,172,upgrade_view,2024-06-23
5062,172,login,2023-11-23
5063,172,upgrade_view,2023-02-25
5064,172,support_ticket,2024-02-25
5065,172,login,2023-10-14
5066,172,feature_use,2023-07-28
5067,172,feature_use,2024-06-17
5068,172,feature_use,2023-11-09
5069,172,upgrade_view,2023-05-06
5070,448,login,2023-05-26
5071,448,support_ticket,2023-08-29
5072,448,support_ticket,2024-10-27
5073,448,login,2023-04-27
5074,448,login,2024-05-25
5075,448,upgrade_view,2023-10-04
5076,448,support_ticket,2024-08-25
5077,448,login,2023-11-04
5078,448,upgrade_view,2023-03-03
5079,448,support_ticket,2024-09-16
5080,448,login,2024-05-22
5081,448,support_ticket,2024-01-27
5082,448,login,2024-03-30
5083,448,feature_use,2023-08-18
5084,448,feature_use,2024-01-24
5085,448,support_ticket,2024-11-06
5086,448,login,2024-06-29
5087,448,upgrade_view,2024-11-07
5088,448,upgrade_view,2023-02-02
5089,448,upgrade_view,2023-01-27
5090,448,feature_use,2023-09-26
5091,448,upgrade_view,2023-01-29
5092,448,support_ticket,2024-09-28
5093,448,login,2024-03-13
5094,448,support_ticket,2023-04-22
5095,448,upgrade_view,2024-11-25
5096,448,support_ticket,2024-07-01
5097,448,upgrade_view,2024-03-10
5098,84,support_ticket,2024-01-26
5099,84,feature_use,2023-09-01
5100,84,upgrade_view,2023-01-16
5101,84,upgrade_view,2024-11-29
5102,84,feature_use,2023-03-29
5103,84,upgrade_view,2024-07-09
5104,84,support_ticket,2023-12-12
5105,84,upgrade_view,2023-02-09
5106,84,upgrade_view,2024-01-06
5107,84,upgrade_view,2024-11-06
5108,36,login,2024-10-30
5109,36,upgrade_view,2023-05-08
5110,36,upgrade_view,2024-08-05
5111,36,feature_use,2023-09-28
5112,36,support_ticket,2024-03-30
5113,36,support_ticket,2023-01-18
5114,36,support_ticket,2023-01-10
5115,36,upgrade_view,2023-02-07
5116,36,feature_use,2024-05-06
5117,36,login,2024-02-23
5118,36,login,2024-08-16
5119,36,upgrade_view,2023-10-11
5120,36,support_ticket,2023-03-07
5121,36,upgrade_view,2023-07-04
5122,36,upgrade_view,2023-10-10
5123,36,feature_use,2024-05-21
5124,36,feature_use,2023-08-21
5125,36,login,2023-05-31
5126,36,login,2023-08-27
5127,36,login,2024-11-01
5128,36,support_ticket,2023-07-08
5129,36,upgrade_view,2024-08-16
5130,36,feature_use,2023-02-12
5131,36,upgrade_view,2023-03-04
5132,36,login,2023-09-21
5133,36,upgrade_view,2024-11-25
5134,36,login,2024-07-07
5135,36,feature_use,2024-09-06
5136,36,login,2023-12-25
5137,36,support_ticket,2023-03-21
